sku_id,style_id,style_color_size,category,subcategory,color,size,season,lifecycle_status,unit_cost,selling_price,gross_margin_pct,pack_multiple,min_presentation_qty,replenishable_flag
SKU000001,STY0001,STY0001-Grey-XS,Apparel,T-Shirt,Grey,XS,Core,Markdown,37.36,79.99,0.533,12,3,1
SKU000002,STY0001,STY0001-Grey-S,Apparel,T-Shirt,Grey,S,Core,Markdown,32.24,79.99,0.597,6,4,1
SKU000003,STY0001,STY0001-Grey-M,Apparel,T-Shirt,Grey,M,Core,Markdown,16.88,39.99,0.578,3,3,1
SKU000004,STY0001,STY0001-Grey-L,Apparel,T-Shirt,Grey,L,Core,Markdown,37.78,79.99,0.528,12,4,1
SKU000005,STY0001,STY0001-Grey-XL,Apparel,T-Shirt,Grey,XL,Core,Markdown,15.05,34.99,0.57,6,3,1
SKU000006,STY0001,STY0001-Green-XS,Apparel,T-Shirt,Green,XS,Core,Markdown,27.5,59.99,0.542,6,3,1
SKU000007,STY0001,STY0001-Green-S,Apparel,T-Shirt,Green,S,Core,Markdown,14.2,34.99,0.594,12,4,1
SKU000008,STY0001,STY0001-Green-M,Apparel,T-Shirt,Green,M,Core,Markdown,31.35,79.99,0.608,6,3,1
SKU000009,STY0001,STY0001-Green-L,Apparel,T-Shirt,Green,L,Core,Markdown,30.22,79.99,0.622,6,4,1
SKU000010,STY0001,STY0001-Green-XL,Apparel,T-Shirt,Green,XL,Core,Markdown,15.24,34.99,0.564,6,4,1
SKU000011,STY0002,STY0002-Grey-XS,Apparel,Track Pants,Grey,XS,SS26,Active,31.22,79.99,0.61,3,2,1
SKU000012,STY0002,STY0002-Grey-S,Apparel,Track Pants,Grey,S,SS26,Active,10.68,29.99,0.644,6,4,1
SKU000013,STY0002,STY0002-Grey-M,Apparel,Track Pants,Grey,M,SS26,Active,12.27,29.99,0.591,12,4,1
SKU000014,STY0002,STY0002-Grey-L,Apparel,Track Pants,Grey,L,SS26,Active,15.51,34.99,0.557,6,3,1
SKU000015,STY0002,STY0002-Grey-XL,Apparel,Track Pants,Grey,XL,SS26,Active,19.08,49.99,0.618,12,4,1
SKU000016,STY0002,STY0002-Black-XS,Apparel,Track Pants,Black,XS,SS26,Active,13.98,29.99,0.534,3,3,1
SKU000017,STY0002,STY0002-Black-S,Apparel,Track Pants,Black,S,SS26,Active,13.05,34.99,0.627,12,4,1
SKU000018,STY0002,STY0002-Black-M,Apparel,Track Pants,Black,M,SS26,Active,17.82,49.99,0.644,3,2,1
SKU000019,STY0002,STY0002-Black-L,Apparel,Track Pants,Black,L,SS26,Active,18.36,49.99,0.633,6,4,1
SKU000020,STY0002,STY0002-Black-XL,Apparel,Track Pants,Black,XL,SS26,Active,28.7,59.99,0.522,12,3,1
SKU000021,STY0003,STY0003-Blue-XS,Apparel,Jacket,Blue,XS,FW26,Active,15.63,34.99,0.553,6,3,1
SKU000022,STY0003,STY0003-Blue-S,Apparel,Jacket,Blue,S,FW26,Active,17.9,39.99,0.552,12,3,1
SKU000023,STY0003,STY0003-Blue-M,Apparel,Jacket,Blue,M,FW26,Active,24.78,59.99,0.587,3,3,1
SKU000024,STY0003,STY0003-Blue-L,Apparel,Jacket,Blue,L,FW26,Active,18.0,49.99,0.64,6,2,1
SKU000025,STY0003,STY0003-Blue-XL,Apparel,Jacket,Blue,XL,FW26,Active,15.74,39.99,0.606,12,2,1
SKU000026,STY0003,STY0003-Orange-XS,Apparel,Jacket,Orange,XS,FW26,Active,12.93,34.99,0.63,6,4,1
SKU000027,STY0003,STY0003-Orange-S,Apparel,Jacket,Orange,S,FW26,Active,15.46,34.99,0.558,3,3,1
SKU000028,STY0003,STY0003-Orange-M,Apparel,Jacket,Orange,M,FW26,Active,19.65,49.99,0.607,6,3,1
SKU000029,STY0003,STY0003-Orange-L,Apparel,Jacket,Orange,L,FW26,Active,11.3,29.99,0.623,6,3,1
SKU000030,STY0003,STY0003-Orange-XL,Apparel,Jacket,Orange,XL,FW26,Active,28.37,59.99,0.527,3,4,1
SKU000031,STY0004,STY0004-Orange-XS,Apparel,Jacket,Orange,XS,FW26,Active,23.04,49.99,0.539,6,4,1
SKU000032,STY0004,STY0004-Orange-S,Apparel,Jacket,Orange,S,FW26,Active,35.64,79.99,0.554,12,2,1
SKU000033,STY0004,STY0004-Orange-M,Apparel,Jacket,Orange,M,FW26,Active,18.92,49.99,0.622,6,3,1
SKU000034,STY0004,STY0004-Orange-L,Apparel,Jacket,Orange,L,FW26,Active,12.01,29.99,0.6,12,4,1
SKU000035,STY0004,STY0004-Orange-XL,Apparel,Jacket,Orange,XL,FW26,Active,22.2,49.99,0.556,6,2,1
SKU000036,STY0004,STY0004-Black-XS,Apparel,Jacket,Black,XS,FW26,Active,25.16,59.99,0.581,6,4,1
SKU000037,STY0004,STY0004-Black-S,Apparel,Jacket,Black,S,FW26,Active,26.17,59.99,0.564,3,4,1
SKU000038,STY0004,STY0004-Black-M,Apparel,Jacket,Black,M,FW26,Active,18.38,49.99,0.632,6,2,1
SKU000039,STY0004,STY0004-Black-L,Apparel,Jacket,Black,L,FW26,Active,11.51,29.99,0.616,6,2,1
SKU000040,STY0004,STY0004-Black-XL,Apparel,Jacket,Black,XL,FW26,Active,19.62,49.99,0.608,6,3,1
SKU000041,STY0005,STY0005-Green-XS,Apparel,Jacket,Green,XS,Core,New,21.4,59.99,0.643,6,2,1
SKU000042,STY0005,STY0005-Green-S,Apparel,Jacket,Green,S,Core,New,28.71,79.99,0.641,12,2,1
SKU000043,STY0005,STY0005-Green-M,Apparel,Jacket,Green,M,Core,New,14.2,29.99,0.527,3,2,1
SKU000044,STY0005,STY0005-Green-L,Apparel,Jacket,Green,L,Core,New,22.18,59.99,0.63,3,3,1
SKU000045,STY0005,STY0005-Green-XL,Apparel,Jacket,Green,XL,Core,New,29.19,79.99,0.635,3,3,1
SKU000046,STY0005,STY0005-Blue-XS,Apparel,Jacket,Blue,XS,Core,New,30.66,79.99,0.617,6,2,1
SKU000047,STY0005,STY0005-Blue-S,Apparel,Jacket,Blue,S,Core,New,25.73,59.99,0.571,12,4,1
SKU000048,STY0005,STY0005-Blue-M,Apparel,Jacket,Blue,M,Core,New,13.53,29.99,0.549,3,3,1
SKU000049,STY0005,STY0005-Blue-L,Apparel,Jacket,Blue,L,Core,New,12.75,29.99,0.575,6,4,1
SKU000050,STY0005,STY0005-Blue-XL,Apparel,Jacket,Blue,XL,Core,New,37.44,79.99,0.532,6,3,1
SKU000051,STY0006,STY0006-Red-XS,Apparel,Track Pants,Red,XS,SS26,Active,12.71,34.99,0.637,6,4,1
SKU000052,STY0006,STY0006-Red-S,Apparel,Track Pants,Red,S,SS26,Active,27.28,59.99,0.545,12,2,1
SKU000053,STY0006,STY0006-Red-M,Apparel,Track Pants,Red,M,SS26,Active,16.77,39.99,0.581,12,3,1
SKU000054,STY0006,STY0006-Red-L,Apparel,Track Pants,Red,L,SS26,Active,12.47,29.99,0.584,6,2,1
SKU000055,STY0006,STY0006-Red-XL,Apparel,Track Pants,Red,XL,SS26,Active,22.84,49.99,0.543,3,3,1
SKU000056,STY0006,STY0006-Black-XS,Apparel,Track Pants,Black,XS,SS26,Active,17.3,39.99,0.567,6,4,1
SKU000057,STY0006,STY0006-Black-S,Apparel,Track Pants,Black,S,SS26,Active,14.23,34.99,0.593,12,4,1
SKU000058,STY0006,STY0006-Black-M,Apparel,Track Pants,Black,M,SS26,Active,30.81,79.99,0.615,12,3,1
SKU000059,STY0006,STY0006-Black-L,Apparel,Track Pants,Black,L,SS26,Active,20.33,49.99,0.593,12,4,1
SKU000060,STY0006,STY0006-Black-XL,Apparel,Track Pants,Black,XL,SS26,Active,15.67,39.99,0.608,3,2,1
SKU000061,STY0007,STY0007-Orange-XS,Apparel,Shorts,Orange,XS,SS26,Active,31.94,79.99,0.601,3,3,1
SKU000062,STY0007,STY0007-Orange-S,Apparel,Shorts,Orange,S,SS26,Active,14.94,39.99,0.626,3,3,1
SKU000063,STY0007,STY0007-Orange-M,Apparel,Shorts,Orange,M,SS26,Active,15.77,39.99,0.606,12,4,1
SKU000064,STY0007,STY0007-Orange-L,Apparel,Shorts,Orange,L,SS26,Active,16.89,39.99,0.578,12,2,1
SKU000065,STY0007,STY0007-Orange-XL,Apparel,Shorts,Orange,XL,SS26,Active,11.44,29.99,0.619,6,3,1
SKU000066,STY0007,STY0007-White-XS,Apparel,Shorts,White,XS,SS26,Active,26.91,59.99,0.551,12,3,1
SKU000067,STY0007,STY0007-White-S,Apparel,Shorts,White,S,SS26,Active,35.4,79.99,0.557,6,2,1
SKU000068,STY0007,STY0007-White-M,Apparel,Shorts,White,M,SS26,Active,11.64,29.99,0.612,6,4,1
SKU000069,STY0007,STY0007-White-L,Apparel,Shorts,White,L,SS26,Active,13.64,34.99,0.61,12,3,1
SKU000070,STY0007,STY0007-White-XL,Apparel,Shorts,White,XL,SS26,Active,21.09,49.99,0.578,6,3,1
SKU000071,STY0008,STY0008-Grey-XS,Apparel,Track Pants,Grey,XS,SS26,Active,15.19,39.99,0.62,12,2,1
SKU000072,STY0008,STY0008-Grey-S,Apparel,Track Pants,Grey,S,SS26,Active,14.62,39.99,0.634,12,4,1
SKU000073,STY0008,STY0008-Grey-M,Apparel,Track Pants,Grey,M,SS26,Active,13.12,34.99,0.625,12,3,1
SKU000074,STY0008,STY0008-Grey-L,Apparel,Track Pants,Grey,L,SS26,Active,17.76,39.99,0.556,12,4,1
SKU000075,STY0008,STY0008-Grey-XL,Apparel,Track Pants,Grey,XL,SS26,Active,19.09,39.99,0.523,3,3,1
SKU000076,STY0008,STY0008-Navy-XS,Apparel,Track Pants,Navy,XS,SS26,Active,13.89,34.99,0.603,6,2,1
SKU000077,STY0008,STY0008-Navy-S,Apparel,Track Pants,Navy,S,SS26,Active,33.55,79.99,0.581,6,2,1
SKU000078,STY0008,STY0008-Navy-M,Apparel,Track Pants,Navy,M,SS26,Active,12.65,29.99,0.578,12,2,1
SKU000079,STY0008,STY0008-Navy-L,Apparel,Track Pants,Navy,L,SS26,Active,37.03,79.99,0.537,6,2,1
SKU000080,STY0008,STY0008-Navy-XL,Apparel,Track Pants,Navy,XL,SS26,Active,12.73,29.99,0.576,6,3,1
SKU000081,STY0009,STY0009-Grey-XS,Apparel,Jacket,Grey,XS,FW26,Active,18.24,49.99,0.635,3,3,1
SKU000082,STY0009,STY0009-Grey-S,Apparel,Jacket,Grey,S,FW26,Active,17.98,49.99,0.64,12,4,1
SKU000083,STY0009,STY0009-Grey-M,Apparel,Jacket,Grey,M,FW26,Active,11.09,29.99,0.63,12,3,1
SKU000084,STY0009,STY0009-Grey-L,Apparel,Jacket,Grey,L,FW26,Active,14.37,29.99,0.521,3,4,1
SKU000085,STY0009,STY0009-Grey-XL,Apparel,Jacket,Grey,XL,FW26,Active,21.44,49.99,0.571,12,2,1
SKU000086,STY0009,STY0009-White-XS,Apparel,Jacket,White,XS,FW26,Active,23.96,59.99,0.601,6,3,1
SKU000087,STY0009,STY0009-White-S,Apparel,Jacket,White,S,FW26,Active,28.72,59.99,0.521,6,4,1
SKU000088,STY0009,STY0009-White-M,Apparel,Jacket,White,M,FW26,Active,21.47,59.99,0.642,12,2,1
SKU000089,STY0009,STY0009-White-L,Apparel,Jacket,White,L,FW26,Active,15.09,34.99,0.569,6,4,1
SKU000090,STY0009,STY0009-White-XL,Apparel,Jacket,White,XL,FW26,Active,11.11,29.99,0.63,3,4,1
SKU000091,STY0010,STY0010-Navy-XS,Apparel,T-Shirt,Navy,XS,Core,Active,19.39,49.99,0.612,3,3,1
SKU000092,STY0010,STY0010-Navy-S,Apparel,T-Shirt,Navy,S,Core,Active,30.94,79.99,0.613,6,2,1
SKU000093,STY0010,STY0010-Navy-M,Apparel,T-Shirt,Navy,M,Core,Active,30.42,79.99,0.62,6,4,1
SKU000094,STY0010,STY0010-Navy-L,Apparel,T-Shirt,Navy,L,Core,Active,26.15,59.99,0.564,3,3,1
SKU000095,STY0010,STY0010-Navy-XL,Apparel,T-Shirt,Navy,XL,Core,Active,12.62,29.99,0.579,12,2,1
SKU000096,STY0010,STY0010-Black-XS,Apparel,T-Shirt,Black,XS,Core,Active,18.29,39.99,0.543,3,2,1
SKU000097,STY0010,STY0010-Black-S,Apparel,T-Shirt,Black,S,Core,Active,15.85,34.99,0.547,12,4,1
SKU000098,STY0010,STY0010-Black-M,Apparel,T-Shirt,Black,M,Core,Active,28.18,59.99,0.53,6,2,1
SKU000099,STY0010,STY0010-Black-L,Apparel,T-Shirt,Black,L,Core,Active,21.97,49.99,0.561,12,3,1
SKU000100,STY0010,STY0010-Black-XL,Apparel,T-Shirt,Black,XL,Core,Active,16.6,39.99,0.585,6,3,1
SKU000101,STY0011,STY0011-Black-XS,Apparel,T-Shirt,Black,XS,SS26,Active,10.85,29.99,0.638,12,4,1
SKU000102,STY0011,STY0011-Black-S,Apparel,T-Shirt,Black,S,SS26,Active,28.41,59.99,0.526,12,3,1
SKU000103,STY0011,STY0011-Black-M,Apparel,T-Shirt,Black,M,SS26,Active,21.31,59.99,0.645,3,3,1
SKU000104,STY0011,STY0011-Black-L,Apparel,T-Shirt,Black,L,SS26,Active,26.08,59.99,0.565,6,2,1
SKU000105,STY0011,STY0011-Black-XL,Apparel,T-Shirt,Black,XL,SS26,Active,24.4,59.99,0.593,6,2,1
SKU000106,STY0011,STY0011-Red-XS,Apparel,T-Shirt,Red,XS,SS26,Active,19.76,49.99,0.605,6,3,1
SKU000107,STY0011,STY0011-Red-S,Apparel,T-Shirt,Red,S,SS26,Active,29.08,79.99,0.636,3,3,1
SKU000108,STY0011,STY0011-Red-M,Apparel,T-Shirt,Red,M,SS26,Active,22.0,49.99,0.56,6,4,1
SKU000109,STY0011,STY0011-Red-L,Apparel,T-Shirt,Red,L,SS26,Active,22.78,49.99,0.544,12,2,1
SKU000110,STY0011,STY0011-Red-XL,Apparel,T-Shirt,Red,XL,SS26,Active,18.07,49.99,0.639,6,3,1
SKU000111,STY0012,STY0012-Blue-XS,Apparel,T-Shirt,Blue,XS,Core,Exit,37.04,79.99,0.537,6,3,0
SKU000112,STY0012,STY0012-Blue-S,Apparel,T-Shirt,Blue,S,Core,Exit,11.23,29.99,0.626,6,4,0
SKU000113,STY0012,STY0012-Blue-M,Apparel,T-Shirt,Blue,M,Core,Exit,21.56,49.99,0.569,3,2,0
SKU000114,STY0012,STY0012-Blue-L,Apparel,T-Shirt,Blue,L,Core,Exit,16.85,39.99,0.579,6,3,0
SKU000115,STY0012,STY0012-Blue-XL,Apparel,T-Shirt,Blue,XL,Core,Exit,33.04,79.99,0.587,3,4,0
SKU000116,STY0012,STY0012-Orange-XS,Apparel,T-Shirt,Orange,XS,Core,Exit,27.23,59.99,0.546,12,2,0
SKU000117,STY0012,STY0012-Orange-S,Apparel,T-Shirt,Orange,S,Core,Exit,16.86,39.99,0.578,12,3,0
SKU000118,STY0012,STY0012-Orange-M,Apparel,T-Shirt,Orange,M,Core,Exit,11.37,29.99,0.621,3,3,0
SKU000119,STY0012,STY0012-Orange-L,Apparel,T-Shirt,Orange,L,Core,Exit,13.02,29.99,0.566,3,3,0
SKU000120,STY0012,STY0012-Orange-XL,Apparel,T-Shirt,Orange,XL,Core,Exit,31.03,79.99,0.612,12,3,0
SKU000121,STY0013,STY0013-Orange-XS,Apparel,Jacket,Orange,XS,Core,Active,18.74,49.99,0.625,12,4,1
SKU000122,STY0013,STY0013-Orange-S,Apparel,Jacket,Orange,S,Core,Active,37.14,79.99,0.536,3,3,1
SKU000123,STY0013,STY0013-Orange-M,Apparel,Jacket,Orange,M,Core,Active,19.71,49.99,0.606,12,3,1
SKU000124,STY0013,STY0013-Orange-L,Apparel,Jacket,Orange,L,Core,Active,11.6,29.99,0.613,6,4,1
SKU000125,STY0013,STY0013-Orange-XL,Apparel,Jacket,Orange,XL,Core,Active,28.79,59.99,0.52,6,2,1
SKU000126,STY0013,STY0013-Red-XS,Apparel,Jacket,Red,XS,Core,Active,21.0,49.99,0.58,6,3,1
SKU000127,STY0013,STY0013-Red-S,Apparel,Jacket,Red,S,Core,Active,26.95,59.99,0.551,6,3,1
SKU000128,STY0013,STY0013-Red-M,Apparel,Jacket,Red,M,Core,Active,18.52,39.99,0.537,12,2,1
SKU000129,STY0013,STY0013-Red-L,Apparel,Jacket,Red,L,Core,Active,23.98,59.99,0.6,6,2,1
SKU000130,STY0013,STY0013-Red-XL,Apparel,Jacket,Red,XL,Core,Active,17.87,39.99,0.553,12,3,1
SKU000131,STY0014,STY0014-Navy-XS,Apparel,Jacket,Navy,XS,FW26,Active,23.59,59.99,0.607,3,3,1
SKU000132,STY0014,STY0014-Navy-S,Apparel,Jacket,Navy,S,FW26,Active,12.55,29.99,0.582,6,2,1
SKU000133,STY0014,STY0014-Navy-M,Apparel,Jacket,Navy,M,FW26,Active,29.5,79.99,0.631,12,2,1
SKU000134,STY0014,STY0014-Navy-L,Apparel,Jacket,Navy,L,FW26,Active,12.33,29.99,0.589,6,3,1
SKU000135,STY0014,STY0014-Navy-XL,Apparel,Jacket,Navy,XL,FW26,Active,26.4,59.99,0.56,12,2,1
SKU000136,STY0014,STY0014-Red-XS,Apparel,Jacket,Red,XS,FW26,Active,18.43,39.99,0.539,12,3,1
SKU000137,STY0014,STY0014-Red-S,Apparel,Jacket,Red,S,FW26,Active,17.26,39.99,0.568,6,4,1
SKU000138,STY0014,STY0014-Red-M,Apparel,Jacket,Red,M,FW26,Active,12.9,29.99,0.57,3,4,1
SKU000139,STY0014,STY0014-Red-L,Apparel,Jacket,Red,L,FW26,Active,37.57,79.99,0.53,3,4,1
SKU000140,STY0014,STY0014-Red-XL,Apparel,Jacket,Red,XL,FW26,Active,12.19,29.99,0.594,3,4,1
SKU000141,STY0015,STY0015-White-XS,Apparel,Track Pants,White,XS,Core,Active,10.68,29.99,0.644,3,3,1
SKU000142,STY0015,STY0015-White-S,Apparel,Track Pants,White,S,Core,Active,15.95,39.99,0.601,3,2,1
SKU000143,STY0015,STY0015-White-M,Apparel,Track Pants,White,M,Core,Active,24.21,59.99,0.596,12,2,1
SKU000144,STY0015,STY0015-White-L,Apparel,Track Pants,White,L,Core,Active,13.04,34.99,0.627,12,3,1
SKU000145,STY0015,STY0015-White-XL,Apparel,Track Pants,White,XL,Core,Active,26.32,59.99,0.561,6,4,1
SKU000146,STY0015,STY0015-Red-XS,Apparel,Track Pants,Red,XS,Core,Active,13.3,34.99,0.62,12,3,1
SKU000147,STY0015,STY0015-Red-S,Apparel,Track Pants,Red,S,Core,Active,19.16,49.99,0.617,3,3,1
SKU000148,STY0015,STY0015-Red-M,Apparel,Track Pants,Red,M,Core,Active,17.52,39.99,0.562,3,2,1
SKU000149,STY0015,STY0015-Red-L,Apparel,Track Pants,Red,L,Core,Active,23.64,49.99,0.527,12,3,1
SKU000150,STY0015,STY0015-Red-XL,Apparel,Track Pants,Red,XL,Core,Active,38.0,79.99,0.525,12,3,1
SKU000151,STY0016,STY0016-Green-XS,Apparel,Jacket,Green,XS,FW26,Markdown,11.42,29.99,0.619,12,3,1
SKU000152,STY0016,STY0016-Green-S,Apparel,Jacket,Green,S,FW26,Markdown,23.3,59.99,0.612,12,3,1
SKU000153,STY0016,STY0016-Green-M,Apparel,Jacket,Green,M,FW26,Markdown,14.31,29.99,0.523,12,3,1
SKU000154,STY0016,STY0016-Green-L,Apparel,Jacket,Green,L,FW26,Markdown,14.04,39.99,0.649,12,4,1
SKU000155,STY0016,STY0016-Green-XL,Apparel,Jacket,Green,XL,FW26,Markdown,14.05,29.99,0.532,12,3,1
SKU000156,STY0016,STY0016-White-XS,Apparel,Jacket,White,XS,FW26,Markdown,18.03,39.99,0.549,3,4,1
SKU000157,STY0016,STY0016-White-S,Apparel,Jacket,White,S,FW26,Markdown,15.14,39.99,0.621,3,4,1
SKU000158,STY0016,STY0016-White-M,Apparel,Jacket,White,M,FW26,Markdown,17.52,39.99,0.562,12,4,1
SKU000159,STY0016,STY0016-White-L,Apparel,Jacket,White,L,FW26,Markdown,36.71,79.99,0.541,12,2,1
SKU000160,STY0016,STY0016-White-XL,Apparel,Jacket,White,XL,FW26,Markdown,34.72,79.99,0.566,6,3,1
SKU000161,STY0017,STY0017-Grey-XS,Apparel,T-Shirt,Grey,XS,Core,Markdown,17.88,39.99,0.553,3,2,1
SKU000162,STY0017,STY0017-Grey-S,Apparel,T-Shirt,Grey,S,Core,Markdown,15.82,34.99,0.548,6,4,1
SKU000163,STY0017,STY0017-Grey-M,Apparel,T-Shirt,Grey,M,Core,Markdown,28.12,59.99,0.531,3,3,1
SKU000164,STY0017,STY0017-Grey-L,Apparel,T-Shirt,Grey,L,Core,Markdown,23.78,49.99,0.524,6,4,1
SKU000165,STY0017,STY0017-Grey-XL,Apparel,T-Shirt,Grey,XL,Core,Markdown,18.18,39.99,0.545,6,2,1
SKU000166,STY0017,STY0017-Orange-XS,Apparel,T-Shirt,Orange,XS,Core,Markdown,15.68,34.99,0.552,3,4,1
SKU000167,STY0017,STY0017-Orange-S,Apparel,T-Shirt,Orange,S,Core,Markdown,35.01,79.99,0.562,6,4,1
SKU000168,STY0017,STY0017-Orange-M,Apparel,T-Shirt,Orange,M,Core,Markdown,14.47,39.99,0.638,6,2,1
SKU000169,STY0017,STY0017-Orange-L,Apparel,T-Shirt,Orange,L,Core,Markdown,16.79,39.99,0.58,6,3,1
SKU000170,STY0017,STY0017-Orange-XL,Apparel,T-Shirt,Orange,XL,Core,Markdown,35.79,79.99,0.553,6,4,1
SKU000171,STY0018,STY0018-Grey-XS,Apparel,Jacket,Grey,XS,SS26,Active,27.89,59.99,0.535,12,3,1
SKU000172,STY0018,STY0018-Grey-S,Apparel,Jacket,Grey,S,SS26,Active,22.72,59.99,0.621,3,4,1
SKU000173,STY0018,STY0018-Grey-M,Apparel,Jacket,Grey,M,SS26,Active,23.41,49.99,0.532,6,4,1
SKU000174,STY0018,STY0018-Grey-L,Apparel,Jacket,Grey,L,SS26,Active,18.25,49.99,0.635,3,2,1
SKU000175,STY0018,STY0018-Grey-XL,Apparel,Jacket,Grey,XL,SS26,Active,19.17,39.99,0.521,3,2,1
SKU000176,STY0018,STY0018-Black-XS,Apparel,Jacket,Black,XS,SS26,Active,16.28,34.99,0.535,3,3,1
SKU000177,STY0018,STY0018-Black-S,Apparel,Jacket,Black,S,SS26,Active,19.91,49.99,0.602,12,4,1
SKU000178,STY0018,STY0018-Black-M,Apparel,Jacket,Black,M,SS26,Active,24.27,59.99,0.595,12,4,1
SKU000179,STY0018,STY0018-Black-L,Apparel,Jacket,Black,L,SS26,Active,16.27,34.99,0.535,12,2,1
SKU000180,STY0018,STY0018-Black-XL,Apparel,Jacket,Black,XL,SS26,Active,21.5,49.99,0.57,6,2,1
SKU000181,STY0019,STY0019-Grey-XS,Apparel,Track Pants,Grey,XS,Core,Exit,14.51,39.99,0.637,12,3,0
SKU000182,STY0019,STY0019-Grey-S,Apparel,Track Pants,Grey,S,Core,Exit,28.03,59.99,0.533,12,3,0
SKU000183,STY0019,STY0019-Grey-M,Apparel,Track Pants,Grey,M,Core,Exit,12.05,29.99,0.598,3,2,0
SKU000184,STY0019,STY0019-Grey-L,Apparel,Track Pants,Grey,L,Core,Exit,18.09,49.99,0.638,3,4,0
SKU000185,STY0019,STY0019-Grey-XL,Apparel,Track Pants,Grey,XL,Core,Exit,34.21,79.99,0.572,3,2,0
SKU000186,STY0019,STY0019-White-XS,Apparel,Track Pants,White,XS,Core,Exit,15.26,39.99,0.618,3,4,0
SKU000187,STY0019,STY0019-White-S,Apparel,Track Pants,White,S,Core,Exit,12.56,34.99,0.641,12,2,0
SKU000188,STY0019,STY0019-White-M,Apparel,Track Pants,White,M,Core,Exit,22.68,59.99,0.622,3,3,0
SKU000189,STY0019,STY0019-White-L,Apparel,Track Pants,White,L,Core,Exit,15.83,34.99,0.548,12,2,0
SKU000190,STY0019,STY0019-White-XL,Apparel,Track Pants,White,XL,Core,Exit,18.46,39.99,0.538,3,2,0
SKU000191,STY0020,STY0020-Green-XS,Apparel,Leggings,Green,XS,Core,Active,11.01,29.99,0.633,6,2,1
SKU000192,STY0020,STY0020-Green-S,Apparel,Leggings,Green,S,Core,Active,23.52,59.99,0.608,3,3,1
SKU000193,STY0020,STY0020-Green-M,Apparel,Leggings,Green,M,Core,Active,10.99,29.99,0.634,6,4,1
SKU000194,STY0020,STY0020-Green-L,Apparel,Leggings,Green,L,Core,Active,13.4,29.99,0.553,6,3,1
SKU000195,STY0020,STY0020-Green-XL,Apparel,Leggings,Green,XL,Core,Active,16.66,39.99,0.583,3,3,1
SKU000196,STY0020,STY0020-Blue-XS,Apparel,Leggings,Blue,XS,Core,Active,22.72,59.99,0.621,12,2,1
SKU000197,STY0020,STY0020-Blue-S,Apparel,Leggings,Blue,S,Core,Active,36.14,79.99,0.548,12,4,1
SKU000198,STY0020,STY0020-Blue-M,Apparel,Leggings,Blue,M,Core,Active,16.38,39.99,0.59,3,2,1
SKU000199,STY0020,STY0020-Blue-L,Apparel,Leggings,Blue,L,Core,Active,23.0,49.99,0.54,6,4,1
SKU000200,STY0020,STY0020-Blue-XL,Apparel,Leggings,Blue,XL,Core,Active,12.41,29.99,0.586,6,2,1
SKU000201,STY0021,STY0021-Grey-XS,Apparel,T-Shirt,Grey,XS,Core,Active,25.93,59.99,0.568,12,4,1
SKU000202,STY0021,STY0021-Grey-S,Apparel,T-Shirt,Grey,S,Core,Active,15.98,39.99,0.6,12,4,1
SKU000203,STY0021,STY0021-Grey-M,Apparel,T-Shirt,Grey,M,Core,Active,16.36,39.99,0.591,12,3,1
SKU000204,STY0021,STY0021-Grey-L,Apparel,T-Shirt,Grey,L,Core,Active,13.59,29.99,0.547,3,4,1
SKU000205,STY0021,STY0021-Grey-XL,Apparel,T-Shirt,Grey,XL,Core,Active,37.12,79.99,0.536,12,4,1
SKU000206,STY0021,STY0021-Green-XS,Apparel,T-Shirt,Green,XS,Core,Active,14.2,34.99,0.594,3,3,1
SKU000207,STY0021,STY0021-Green-S,Apparel,T-Shirt,Green,S,Core,Active,18.3,39.99,0.542,6,3,1
SKU000208,STY0021,STY0021-Green-M,Apparel,T-Shirt,Green,M,Core,Active,28.99,79.99,0.638,6,3,1
SKU000209,STY0021,STY0021-Green-L,Apparel,T-Shirt,Green,L,Core,Active,30.65,79.99,0.617,3,4,1
SKU000210,STY0021,STY0021-Green-XL,Apparel,T-Shirt,Green,XL,Core,Active,17.93,49.99,0.641,3,2,1
SKU000211,STY0022,STY0022-White-XS,Apparel,Jacket,White,XS,SS26,Active,21.46,59.99,0.642,12,4,1
SKU000212,STY0022,STY0022-White-S,Apparel,Jacket,White,S,SS26,Active,17.48,39.99,0.563,6,3,1
SKU000213,STY0022,STY0022-White-M,Apparel,Jacket,White,M,SS26,Active,37.78,79.99,0.528,6,4,1
SKU000214,STY0022,STY0022-White-L,Apparel,Jacket,White,L,SS26,Active,14.27,29.99,0.524,12,3,1
SKU000215,STY0022,STY0022-White-XL,Apparel,Jacket,White,XL,SS26,Active,14.54,39.99,0.636,12,2,1
SKU000216,STY0022,STY0022-Grey-XS,Apparel,Jacket,Grey,XS,SS26,Active,15.23,34.99,0.565,3,2,1
SKU000217,STY0022,STY0022-Grey-S,Apparel,Jacket,Grey,S,SS26,Active,18.39,39.99,0.54,6,2,1
SKU000218,STY0022,STY0022-Grey-M,Apparel,Jacket,Grey,M,SS26,Active,16.98,39.99,0.575,6,4,1
SKU000219,STY0022,STY0022-Grey-L,Apparel,Jacket,Grey,L,SS26,Active,25.78,59.99,0.57,12,4,1
SKU000220,STY0022,STY0022-Grey-XL,Apparel,Jacket,Grey,XL,SS26,Active,12.87,29.99,0.571,12,4,1
SKU000221,STY0023,STY0023-Black-XS,Apparel,Shorts,Black,XS,Core,Active,15.82,39.99,0.604,3,2,1
SKU000222,STY0023,STY0023-Black-S,Apparel,Shorts,Black,S,Core,Active,26.12,59.99,0.565,3,2,1
SKU000223,STY0023,STY0023-Black-M,Apparel,Shorts,Black,M,Core,Active,34.58,79.99,0.568,3,2,1
SKU000224,STY0023,STY0023-Black-L,Apparel,Shorts,Black,L,Core,Active,33.51,79.99,0.581,6,3,1
SKU000225,STY0023,STY0023-Black-XL,Apparel,Shorts,Black,XL,Core,Active,19.71,49.99,0.606,6,3,1
SKU000226,STY0023,STY0023-White-XS,Apparel,Shorts,White,XS,Core,Active,31.37,79.99,0.608,12,4,1
SKU000227,STY0023,STY0023-White-S,Apparel,Shorts,White,S,Core,Active,13.94,29.99,0.535,3,2,1
SKU000228,STY0023,STY0023-White-M,Apparel,Shorts,White,M,Core,Active,21.38,59.99,0.644,3,3,1
SKU000229,STY0023,STY0023-White-L,Apparel,Shorts,White,L,Core,Active,21.8,49.99,0.564,6,4,1
SKU000230,STY0023,STY0023-White-XL,Apparel,Shorts,White,XL,Core,Active,20.19,49.99,0.596,3,4,1
SKU000231,STY0024,STY0024-Grey-XS,Apparel,T-Shirt,Grey,XS,Core,Active,24.79,59.99,0.587,12,3,1
SKU000232,STY0024,STY0024-Grey-S,Apparel,T-Shirt,Grey,S,Core,Active,11.36,29.99,0.621,12,2,1
SKU000233,STY0024,STY0024-Grey-M,Apparel,T-Shirt,Grey,M,Core,Active,11.29,29.99,0.624,3,2,1
SKU000234,STY0024,STY0024-Grey-L,Apparel,T-Shirt,Grey,L,Core,Active,15.5,39.99,0.612,3,2,1
SKU000235,STY0024,STY0024-Grey-XL,Apparel,T-Shirt,Grey,XL,Core,Active,22.35,49.99,0.553,3,2,1
SKU000236,STY0024,STY0024-Red-XS,Apparel,T-Shirt,Red,XS,Core,Active,20.96,49.99,0.581,3,4,1
SKU000237,STY0024,STY0024-Red-S,Apparel,T-Shirt,Red,S,Core,Active,27.5,59.99,0.542,6,2,1
SKU000238,STY0024,STY0024-Red-M,Apparel,T-Shirt,Red,M,Core,Active,23.1,49.99,0.538,3,3,1
SKU000239,STY0024,STY0024-Red-L,Apparel,T-Shirt,Red,L,Core,Active,12.29,29.99,0.59,3,3,1
SKU000240,STY0024,STY0024-Red-XL,Apparel,T-Shirt,Red,XL,Core,Active,24.34,59.99,0.594,6,4,1
SKU000241,STY0025,STY0025-Blue-XS,Apparel,Track Pants,Blue,XS,Core,New,14.89,39.99,0.628,12,3,1
SKU000242,STY0025,STY0025-Blue-S,Apparel,Track Pants,Blue,S,Core,New,37.56,79.99,0.53,3,3,1
SKU000243,STY0025,STY0025-Blue-M,Apparel,Track Pants,Blue,M,Core,New,11.45,29.99,0.618,12,3,1
SKU000244,STY0025,STY0025-Blue-L,Apparel,Track Pants,Blue,L,Core,New,21.61,59.99,0.64,6,4,1
SKU000245,STY0025,STY0025-Blue-XL,Apparel,Track Pants,Blue,XL,Core,New,15.15,39.99,0.621,3,2,1
SKU000246,STY0025,STY0025-Navy-XS,Apparel,Track Pants,Navy,XS,Core,New,25.93,59.99,0.568,12,4,1
SKU000247,STY0025,STY0025-Navy-S,Apparel,Track Pants,Navy,S,Core,New,16.37,34.99,0.532,6,3,1
SKU000248,STY0025,STY0025-Navy-M,Apparel,Track Pants,Navy,M,Core,New,37.96,79.99,0.525,12,2,1
SKU000249,STY0025,STY0025-Navy-L,Apparel,Track Pants,Navy,L,Core,New,12.71,34.99,0.637,6,2,1
SKU000250,STY0025,STY0025-Navy-XL,Apparel,Track Pants,Navy,XL,Core,New,14.99,34.99,0.572,12,2,1
SKU000251,STY0026,STY0026-Orange-XS,Apparel,Hoodie,Orange,XS,SS26,Active,21.92,49.99,0.562,12,4,1
SKU000252,STY0026,STY0026-Orange-S,Apparel,Hoodie,Orange,S,SS26,Active,38.26,79.99,0.522,6,4,1
SKU000253,STY0026,STY0026-Orange-M,Apparel,Hoodie,Orange,M,SS26,Active,14.78,39.99,0.63,3,3,1
SKU000254,STY0026,STY0026-Orange-L,Apparel,Hoodie,Orange,L,SS26,Active,21.6,49.99,0.568,6,4,1
SKU000255,STY0026,STY0026-Orange-XL,Apparel,Hoodie,Orange,XL,SS26,Active,11.87,29.99,0.604,3,3,1
SKU000256,STY0026,STY0026-Red-XS,Apparel,Hoodie,Red,XS,SS26,Active,20.43,49.99,0.591,3,3,1
SKU000257,STY0026,STY0026-Red-S,Apparel,Hoodie,Red,S,SS26,Active,14.4,39.99,0.64,3,4,1
SKU000258,STY0026,STY0026-Red-M,Apparel,Hoodie,Red,M,SS26,Active,24.95,59.99,0.584,6,4,1
SKU000259,STY0026,STY0026-Red-L,Apparel,Hoodie,Red,L,SS26,Active,28.44,59.99,0.526,12,2,1
SKU000260,STY0026,STY0026-Red-XL,Apparel,Hoodie,Red,XL,SS26,Active,23.4,49.99,0.532,12,4,1
SKU000261,STY0027,STY0027-Grey-XS,Apparel,Hoodie,Grey,XS,Core,Active,12.25,29.99,0.592,6,4,1
SKU000262,STY0027,STY0027-Grey-S,Apparel,Hoodie,Grey,S,Core,Active,12.46,29.99,0.585,3,2,1
SKU000263,STY0027,STY0027-Grey-M,Apparel,Hoodie,Grey,M,Core,Active,15.47,34.99,0.558,6,4,1
SKU000264,STY0027,STY0027-Grey-L,Apparel,Hoodie,Grey,L,Core,Active,25.75,59.99,0.571,6,3,1
SKU000265,STY0027,STY0027-Grey-XL,Apparel,Hoodie,Grey,XL,Core,Active,16.01,39.99,0.6,6,4,1
SKU000266,STY0027,STY0027-Green-XS,Apparel,Hoodie,Green,XS,Core,Active,21.4,59.99,0.643,12,4,1
SKU000267,STY0027,STY0027-Green-S,Apparel,Hoodie,Green,S,Core,Active,14.34,39.99,0.641,3,4,1
SKU000268,STY0027,STY0027-Green-M,Apparel,Hoodie,Green,M,Core,Active,32.02,79.99,0.6,6,4,1
SKU000269,STY0027,STY0027-Green-L,Apparel,Hoodie,Green,L,Core,Active,38.03,79.99,0.525,12,2,1
SKU000270,STY0027,STY0027-Green-XL,Apparel,Hoodie,Green,XL,Core,Active,14.42,39.99,0.639,12,2,1
SKU000271,STY0028,STY0028-Green-XS,Apparel,Shorts,Green,XS,SS26,Active,26.52,59.99,0.558,3,3,1
SKU000272,STY0028,STY0028-Green-S,Apparel,Shorts,Green,S,SS26,Active,23.93,59.99,0.601,6,2,1
SKU000273,STY0028,STY0028-Green-M,Apparel,Shorts,Green,M,SS26,Active,35.31,79.99,0.559,12,4,1
SKU000274,STY0028,STY0028-Green-L,Apparel,Shorts,Green,L,SS26,Active,21.73,59.99,0.638,12,3,1
SKU000275,STY0028,STY0028-Green-XL,Apparel,Shorts,Green,XL,SS26,Active,23.82,59.99,0.603,6,3,1
SKU000276,STY0028,STY0028-Grey-XS,Apparel,Shorts,Grey,XS,SS26,Active,16.57,34.99,0.526,6,3,1
SKU000277,STY0028,STY0028-Grey-S,Apparel,Shorts,Grey,S,SS26,Active,13.28,34.99,0.62,3,2,1
SKU000278,STY0028,STY0028-Grey-M,Apparel,Shorts,Grey,M,SS26,Active,11.65,29.99,0.612,3,4,1
SKU000279,STY0028,STY0028-Grey-L,Apparel,Shorts,Grey,L,SS26,Active,27.51,59.99,0.541,12,2,1
SKU000280,STY0028,STY0028-Grey-XL,Apparel,Shorts,Grey,XL,SS26,Active,31.5,79.99,0.606,12,2,1
SKU000281,STY0029,STY0029-Blue-XS,Apparel,Leggings,Blue,XS,Core,Active,27.31,59.99,0.545,3,4,1
SKU000282,STY0029,STY0029-Blue-S,Apparel,Leggings,Blue,S,Core,Active,17.78,49.99,0.644,6,4,1
SKU000283,STY0029,STY0029-Blue-M,Apparel,Leggings,Blue,M,Core,Active,30.47,79.99,0.619,6,4,1
SKU000284,STY0029,STY0029-Blue-L,Apparel,Leggings,Blue,L,Core,Active,17.91,39.99,0.552,6,2,1
SKU000285,STY0029,STY0029-Blue-XL,Apparel,Leggings,Blue,XL,Core,Active,22.86,59.99,0.619,6,2,1
SKU000286,STY0029,STY0029-White-XS,Apparel,Leggings,White,XS,Core,Active,17.52,39.99,0.562,12,3,1
SKU000287,STY0029,STY0029-White-S,Apparel,Leggings,White,S,Core,Active,22.5,49.99,0.55,6,4,1
SKU000288,STY0029,STY0029-White-M,Apparel,Leggings,White,M,Core,Active,24.26,59.99,0.596,3,2,1
SKU000289,STY0029,STY0029-White-L,Apparel,Leggings,White,L,Core,Active,22.08,59.99,0.632,6,2,1
SKU000290,STY0029,STY0029-White-XL,Apparel,Leggings,White,XL,Core,Active,32.99,79.99,0.588,6,4,1
SKU000291,STY0030,STY0030-White-XS,Apparel,T-Shirt,White,XS,Core,Active,23.38,49.99,0.532,3,3,1
SKU000292,STY0030,STY0030-White-S,Apparel,T-Shirt,White,S,Core,Active,14.19,29.99,0.527,3,3,1
SKU000293,STY0030,STY0030-White-M,Apparel,T-Shirt,White,M,Core,Active,18.83,39.99,0.529,6,2,1
SKU000294,STY0030,STY0030-White-L,Apparel,T-Shirt,White,L,Core,Active,20.76,49.99,0.585,3,3,1
SKU000295,STY0030,STY0030-White-XL,Apparel,T-Shirt,White,XL,Core,Active,11.96,29.99,0.601,3,3,1
SKU000296,STY0030,STY0030-Navy-XS,Apparel,T-Shirt,Navy,XS,Core,Active,13.77,29.99,0.541,12,3,1
SKU000297,STY0030,STY0030-Navy-S,Apparel,T-Shirt,Navy,S,Core,Active,12.87,34.99,0.632,6,3,1
SKU000298,STY0030,STY0030-Navy-M,Apparel,T-Shirt,Navy,M,Core,Active,36.64,79.99,0.542,12,3,1
SKU000299,STY0030,STY0030-Navy-L,Apparel,T-Shirt,Navy,L,Core,Active,21.5,49.99,0.57,3,2,1
SKU000300,STY0030,STY0030-Navy-XL,Apparel,T-Shirt,Navy,XL,Core,Active,15.12,39.99,0.622,3,4,1
SKU000301,STY0031,STY0031-Blue-XS,Apparel,Track Pants,Blue,XS,SS26,Active,10.68,29.99,0.644,6,4,1
SKU000302,STY0031,STY0031-Blue-S,Apparel,Track Pants,Blue,S,SS26,Active,24.56,59.99,0.591,3,3,1
SKU000303,STY0031,STY0031-Blue-M,Apparel,Track Pants,Blue,M,SS26,Active,25.18,59.99,0.58,12,4,1
SKU000304,STY0031,STY0031-Blue-L,Apparel,Track Pants,Blue,L,SS26,Active,22.88,59.99,0.619,3,3,1
SKU000305,STY0031,STY0031-Blue-XL,Apparel,Track Pants,Blue,XL,SS26,Active,17.51,49.99,0.65,6,2,1
SKU000306,STY0031,STY0031-Black-XS,Apparel,Track Pants,Black,XS,SS26,Active,24.25,59.99,0.596,12,4,1
SKU000307,STY0031,STY0031-Black-S,Apparel,Track Pants,Black,S,SS26,Active,12.54,29.99,0.582,6,2,1
SKU000308,STY0031,STY0031-Black-M,Apparel,Track Pants,Black,M,SS26,Active,25.24,59.99,0.579,12,4,1
SKU000309,STY0031,STY0031-Black-L,Apparel,Track Pants,Black,L,SS26,Active,12.02,29.99,0.599,6,2,1
SKU000310,STY0031,STY0031-Black-XL,Apparel,Track Pants,Black,XL,SS26,Active,32.02,79.99,0.6,6,3,1
SKU000311,STY0032,STY0032-Black-XS,Apparel,Track Pants,Black,XS,SS26,Active,34.83,79.99,0.565,3,4,1
SKU000312,STY0032,STY0032-Black-S,Apparel,Track Pants,Black,S,SS26,Active,35.86,79.99,0.552,3,2,1
SKU000313,STY0032,STY0032-Black-M,Apparel,Track Pants,Black,M,SS26,Active,16.84,39.99,0.579,12,2,1
SKU000314,STY0032,STY0032-Black-L,Apparel,Track Pants,Black,L,SS26,Active,32.83,79.99,0.59,12,3,1
SKU000315,STY0032,STY0032-Black-XL,Apparel,Track Pants,Black,XL,SS26,Active,29.89,79.99,0.626,3,2,1
SKU000316,STY0032,STY0032-Navy-XS,Apparel,Track Pants,Navy,XS,SS26,Active,36.07,79.99,0.549,6,2,1
SKU000317,STY0032,STY0032-Navy-S,Apparel,Track Pants,Navy,S,SS26,Active,15.04,39.99,0.624,3,2,1
SKU000318,STY0032,STY0032-Navy-M,Apparel,Track Pants,Navy,M,SS26,Active,18.85,39.99,0.529,12,3,1
SKU000319,STY0032,STY0032-Navy-L,Apparel,Track Pants,Navy,L,SS26,Active,24.69,59.99,0.588,3,4,1
SKU000320,STY0032,STY0032-Navy-XL,Apparel,Track Pants,Navy,XL,SS26,Active,13.55,34.99,0.613,3,4,1
SKU000321,STY0033,STY0033-Green-XS,Apparel,Shorts,Green,XS,SS26,Active,22.33,49.99,0.553,6,3,1
SKU000322,STY0033,STY0033-Green-S,Apparel,Shorts,Green,S,SS26,Active,14.5,34.99,0.586,6,3,1
SKU000323,STY0033,STY0033-Green-M,Apparel,Shorts,Green,M,SS26,Active,23.08,59.99,0.615,3,4,1
SKU000324,STY0033,STY0033-Green-L,Apparel,Shorts,Green,L,SS26,Active,18.01,49.99,0.64,12,2,1
SKU000325,STY0033,STY0033-Green-XL,Apparel,Shorts,Green,XL,SS26,Active,23.29,59.99,0.612,3,2,1
SKU000326,STY0033,STY0033-Black-XS,Apparel,Shorts,Black,XS,SS26,Active,17.43,39.99,0.564,6,3,1
SKU000327,STY0033,STY0033-Black-S,Apparel,Shorts,Black,S,SS26,Active,26.59,59.99,0.557,3,4,1
SKU000328,STY0033,STY0033-Black-M,Apparel,Shorts,Black,M,SS26,Active,19.78,49.99,0.604,3,4,1
SKU000329,STY0033,STY0033-Black-L,Apparel,Shorts,Black,L,SS26,Active,17.19,39.99,0.57,6,3,1
SKU000330,STY0033,STY0033-Black-XL,Apparel,Shorts,Black,XL,SS26,Active,38.19,79.99,0.523,3,2,1
SKU000331,STY0034,STY0034-Blue-XS,Apparel,Track Pants,Blue,XS,Core,Active,16.58,34.99,0.526,3,4,1
SKU000332,STY0034,STY0034-Blue-S,Apparel,Track Pants,Blue,S,Core,Active,36.12,79.99,0.548,3,2,1
SKU000333,STY0034,STY0034-Blue-M,Apparel,Track Pants,Blue,M,Core,Active,11.42,29.99,0.619,12,3,1
SKU000334,STY0034,STY0034-Blue-L,Apparel,Track Pants,Blue,L,Core,Active,15.99,39.99,0.6,12,2,1
SKU000335,STY0034,STY0034-Blue-XL,Apparel,Track Pants,Blue,XL,Core,Active,22.19,59.99,0.63,6,3,1
SKU000336,STY0034,STY0034-Navy-XS,Apparel,Track Pants,Navy,XS,Core,Active,16.3,39.99,0.592,3,4,1
SKU000337,STY0034,STY0034-Navy-S,Apparel,Track Pants,Navy,S,Core,Active,14.65,34.99,0.581,6,3,1
SKU000338,STY0034,STY0034-Navy-M,Apparel,Track Pants,Navy,M,Core,Active,30.89,79.99,0.614,3,2,1
SKU000339,STY0034,STY0034-Navy-L,Apparel,Track Pants,Navy,L,Core,Active,29.93,79.99,0.626,12,3,1
SKU000340,STY0034,STY0034-Navy-XL,Apparel,Track Pants,Navy,XL,Core,Active,21.91,59.99,0.635,6,4,1
SKU000341,STY0035,STY0035-Red-XS,Apparel,Jacket,Red,XS,Core,Markdown,18.8,49.99,0.624,3,2,1
SKU000342,STY0035,STY0035-Red-S,Apparel,Jacket,Red,S,Core,Markdown,18.62,49.99,0.628,12,3,1
SKU000343,STY0035,STY0035-Red-M,Apparel,Jacket,Red,M,Core,Markdown,13.66,29.99,0.545,6,4,1
SKU000344,STY0035,STY0035-Red-L,Apparel,Jacket,Red,L,Core,Markdown,17.69,39.99,0.558,12,4,1
SKU000345,STY0035,STY0035-Red-XL,Apparel,Jacket,Red,XL,Core,Markdown,18.63,39.99,0.534,3,4,1
SKU000346,STY0035,STY0035-Green-XS,Apparel,Jacket,Green,XS,Core,Markdown,37.64,79.99,0.529,12,2,1
SKU000347,STY0035,STY0035-Green-S,Apparel,Jacket,Green,S,Core,Markdown,16.64,39.99,0.584,3,2,1
SKU000348,STY0035,STY0035-Green-M,Apparel,Jacket,Green,M,Core,Markdown,13.32,34.99,0.619,6,2,1
SKU000349,STY0035,STY0035-Green-L,Apparel,Jacket,Green,L,Core,Markdown,16.88,39.99,0.578,6,3,1
SKU000350,STY0035,STY0035-Green-XL,Apparel,Jacket,Green,XL,Core,Markdown,22.01,59.99,0.633,3,2,1
SKU000351,STY0036,STY0036-Blue-XS,Apparel,Shorts,Blue,XS,SS26,Active,22.85,49.99,0.543,3,2,1
SKU000352,STY0036,STY0036-Blue-S,Apparel,Shorts,Blue,S,SS26,Active,17.34,39.99,0.566,6,3,1
SKU000353,STY0036,STY0036-Blue-M,Apparel,Shorts,Blue,M,SS26,Active,33.38,79.99,0.583,3,4,1
SKU000354,STY0036,STY0036-Blue-L,Apparel,Shorts,Blue,L,SS26,Active,34.11,79.99,0.574,3,3,1
SKU000355,STY0036,STY0036-Blue-XL,Apparel,Shorts,Blue,XL,SS26,Active,28.1,59.99,0.532,3,2,1
SKU000356,STY0036,STY0036-Grey-XS,Apparel,Shorts,Grey,XS,SS26,Active,22.19,59.99,0.63,3,2,1
SKU000357,STY0036,STY0036-Grey-S,Apparel,Shorts,Grey,S,SS26,Active,18.86,39.99,0.528,3,3,1
SKU000358,STY0036,STY0036-Grey-M,Apparel,Shorts,Grey,M,SS26,Active,27.98,59.99,0.534,3,3,1
SKU000359,STY0036,STY0036-Grey-L,Apparel,Shorts,Grey,L,SS26,Active,15.14,34.99,0.567,12,3,1
SKU000360,STY0036,STY0036-Grey-XL,Apparel,Shorts,Grey,XL,SS26,Active,15.09,34.99,0.569,12,4,1
SKU000361,STY0037,STY0037-Navy-XS,Apparel,T-Shirt,Navy,XS,FW26,Active,34.49,79.99,0.569,12,3,1
SKU000362,STY0037,STY0037-Navy-S,Apparel,T-Shirt,Navy,S,FW26,Active,21.32,59.99,0.645,3,2,1
SKU000363,STY0037,STY0037-Navy-M,Apparel,T-Shirt,Navy,M,FW26,Active,14.19,29.99,0.527,12,3,1
SKU000364,STY0037,STY0037-Navy-L,Apparel,T-Shirt,Navy,L,FW26,Active,30.19,79.99,0.623,12,3,1
SKU000365,STY0037,STY0037-Navy-XL,Apparel,T-Shirt,Navy,XL,FW26,Active,25.98,59.99,0.567,6,4,1
SKU000366,STY0037,STY0037-Green-XS,Apparel,T-Shirt,Green,XS,FW26,Active,23.26,59.99,0.612,6,3,1
SKU000367,STY0037,STY0037-Green-S,Apparel,T-Shirt,Green,S,FW26,Active,15.91,34.99,0.545,12,3,1
SKU000368,STY0037,STY0037-Green-M,Apparel,T-Shirt,Green,M,FW26,Active,16.35,39.99,0.591,12,2,1
SKU000369,STY0037,STY0037-Green-L,Apparel,T-Shirt,Green,L,FW26,Active,14.25,34.99,0.593,6,3,1
SKU000370,STY0037,STY0037-Green-XL,Apparel,T-Shirt,Green,XL,FW26,Active,13.79,34.99,0.606,3,3,1
SKU000371,STY0038,STY0038-Grey-XS,Apparel,Track Pants,Grey,XS,FW26,Active,18.35,49.99,0.633,6,4,1
SKU000372,STY0038,STY0038-Grey-S,Apparel,Track Pants,Grey,S,FW26,Active,21.82,59.99,0.636,3,3,1
SKU000373,STY0038,STY0038-Grey-M,Apparel,Track Pants,Grey,M,FW26,Active,11.54,29.99,0.615,3,2,1
SKU000374,STY0038,STY0038-Grey-L,Apparel,Track Pants,Grey,L,FW26,Active,10.69,29.99,0.644,6,4,1
SKU000375,STY0038,STY0038-Grey-XL,Apparel,Track Pants,Grey,XL,FW26,Active,19.11,49.99,0.618,3,3,1
SKU000376,STY0038,STY0038-Orange-XS,Apparel,Track Pants,Orange,XS,FW26,Active,26.62,59.99,0.556,3,2,1
SKU000377,STY0038,STY0038-Orange-S,Apparel,Track Pants,Orange,S,FW26,Active,23.97,49.99,0.521,6,3,1
SKU000378,STY0038,STY0038-Orange-M,Apparel,Track Pants,Orange,M,FW26,Active,16.58,39.99,0.585,3,3,1
SKU000379,STY0038,STY0038-Orange-L,Apparel,Track Pants,Orange,L,FW26,Active,24.56,59.99,0.591,3,2,1
SKU000380,STY0038,STY0038-Orange-XL,Apparel,Track Pants,Orange,XL,FW26,Active,23.75,59.99,0.604,3,3,1
SKU000381,STY0039,STY0039-Orange-XS,Apparel,Jacket,Orange,XS,Core,Markdown,18.37,49.99,0.633,6,4,1
SKU000382,STY0039,STY0039-Orange-S,Apparel,Jacket,Orange,S,Core,Markdown,17.97,39.99,0.551,6,2,1
SKU000383,STY0039,STY0039-Orange-M,Apparel,Jacket,Orange,M,Core,Markdown,17.83,49.99,0.643,12,2,1
SKU000384,STY0039,STY0039-Orange-L,Apparel,Jacket,Orange,L,Core,Markdown,16.87,39.99,0.578,3,3,1
SKU000385,STY0039,STY0039-Orange-XL,Apparel,Jacket,Orange,XL,Core,Markdown,24.51,59.99,0.591,12,3,1
SKU000386,STY0039,STY0039-Navy-XS,Apparel,Jacket,Navy,XS,Core,Markdown,26.3,59.99,0.562,3,2,1
SKU000387,STY0039,STY0039-Navy-S,Apparel,Jacket,Navy,S,Core,Markdown,12.03,29.99,0.599,6,4,1
SKU000388,STY0039,STY0039-Navy-M,Apparel,Jacket,Navy,M,Core,Markdown,17.92,39.99,0.552,3,4,1
SKU000389,STY0039,STY0039-Navy-L,Apparel,Jacket,Navy,L,Core,Markdown,24.13,59.99,0.598,3,2,1
SKU000390,STY0039,STY0039-Navy-XL,Apparel,Jacket,Navy,XL,Core,Markdown,11.03,29.99,0.632,6,3,1
SKU000391,STY0040,STY0040-Orange-XS,Apparel,Leggings,Orange,XS,SS26,Active,18.84,39.99,0.529,6,2,1
SKU000392,STY0040,STY0040-Orange-S,Apparel,Leggings,Orange,S,SS26,Active,23.93,49.99,0.521,12,3,1
SKU000393,STY0040,STY0040-Orange-M,Apparel,Leggings,Orange,M,SS26,Active,23.62,59.99,0.606,12,4,1
SKU000394,STY0040,STY0040-Orange-L,Apparel,Leggings,Orange,L,SS26,Active,22.1,49.99,0.558,6,3,1
SKU000395,STY0040,STY0040-Orange-XL,Apparel,Leggings,Orange,XL,SS26,Active,11.93,29.99,0.602,12,2,1
SKU000396,STY0040,STY0040-White-XS,Apparel,Leggings,White,XS,SS26,Active,21.29,49.99,0.574,12,4,1
SKU000397,STY0040,STY0040-White-S,Apparel,Leggings,White,S,SS26,Active,28.27,79.99,0.647,6,3,1
SKU000398,STY0040,STY0040-White-M,Apparel,Leggings,White,M,SS26,Active,36.14,79.99,0.548,12,4,1
SKU000399,STY0040,STY0040-White-L,Apparel,Leggings,White,L,SS26,Active,15.53,34.99,0.556,12,3,1
SKU000400,STY0040,STY0040-White-XL,Apparel,Leggings,White,XL,SS26,Active,14.63,34.99,0.582,12,4,1
SKU000401,STY0041,STY0041-Navy-XS,Apparel,Jacket,Navy,XS,SS26,New,29.14,79.99,0.636,3,3,1
SKU000402,STY0041,STY0041-Navy-S,Apparel,Jacket,Navy,S,SS26,New,16.17,39.99,0.596,6,4,1
SKU000403,STY0041,STY0041-Navy-M,Apparel,Jacket,Navy,M,SS26,New,14.11,34.99,0.597,12,3,1
SKU000404,STY0041,STY0041-Navy-L,Apparel,Jacket,Navy,L,SS26,New,35.56,79.99,0.555,12,2,1
SKU000405,STY0041,STY0041-Navy-XL,Apparel,Jacket,Navy,XL,SS26,New,22.61,59.99,0.623,6,4,1
SKU000406,STY0041,STY0041-Blue-XS,Apparel,Jacket,Blue,XS,SS26,New,20.91,49.99,0.582,6,2,1
SKU000407,STY0041,STY0041-Blue-S,Apparel,Jacket,Blue,S,SS26,New,23.42,49.99,0.532,6,4,1
SKU000408,STY0041,STY0041-Blue-M,Apparel,Jacket,Blue,M,SS26,New,17.51,39.99,0.562,12,4,1
SKU000409,STY0041,STY0041-Blue-L,Apparel,Jacket,Blue,L,SS26,New,36.35,79.99,0.546,6,4,1
SKU000410,STY0041,STY0041-Blue-XL,Apparel,Jacket,Blue,XL,SS26,New,18.75,49.99,0.625,3,3,1
SKU000411,STY0042,STY0042-Green-XS,Apparel,Leggings,Green,XS,FW26,Exit,17.66,39.99,0.558,12,4,0
SKU000412,STY0042,STY0042-Green-S,Apparel,Leggings,Green,S,FW26,Exit,19.56,49.99,0.609,6,4,0
SKU000413,STY0042,STY0042-Green-M,Apparel,Leggings,Green,M,FW26,Exit,30.84,79.99,0.614,3,4,0
SKU000414,STY0042,STY0042-Green-L,Apparel,Leggings,Green,L,FW26,Exit,33.64,79.99,0.579,6,3,0
SKU000415,STY0042,STY0042-Green-XL,Apparel,Leggings,Green,XL,FW26,Exit,13.57,34.99,0.612,6,4,0
SKU000416,STY0042,STY0042-White-XS,Apparel,Leggings,White,XS,FW26,Exit,11.85,29.99,0.605,6,4,0
SKU000417,STY0042,STY0042-White-S,Apparel,Leggings,White,S,FW26,Exit,17.88,39.99,0.553,3,2,0
SKU000418,STY0042,STY0042-White-M,Apparel,Leggings,White,M,FW26,Exit,23.11,59.99,0.615,12,4,0
SKU000419,STY0042,STY0042-White-L,Apparel,Leggings,White,L,FW26,Exit,14.71,39.99,0.632,12,4,0
SKU000420,STY0042,STY0042-White-XL,Apparel,Leggings,White,XL,FW26,Exit,22.86,59.99,0.619,3,4,0
SKU000421,STY0043,STY0043-Red-XS,Apparel,Leggings,Red,XS,Core,New,17.73,39.99,0.557,3,4,1
SKU000422,STY0043,STY0043-Red-S,Apparel,Leggings,Red,S,Core,New,12.27,34.99,0.649,12,2,1
SKU000423,STY0043,STY0043-Red-M,Apparel,Leggings,Red,M,Core,New,21.74,49.99,0.565,6,3,1
SKU000424,STY0043,STY0043-Red-L,Apparel,Leggings,Red,L,Core,New,30.07,79.99,0.624,6,3,1
SKU000425,STY0043,STY0043-Red-XL,Apparel,Leggings,Red,XL,Core,New,17.35,39.99,0.566,3,4,1
SKU000426,STY0043,STY0043-Grey-XS,Apparel,Leggings,Grey,XS,Core,New,22.81,59.99,0.62,12,4,1
SKU000427,STY0043,STY0043-Grey-S,Apparel,Leggings,Grey,S,Core,New,14.06,29.99,0.531,3,3,1
SKU000428,STY0043,STY0043-Grey-M,Apparel,Leggings,Grey,M,Core,New,16.49,34.99,0.529,3,3,1
SKU000429,STY0043,STY0043-Grey-L,Apparel,Leggings,Grey,L,Core,New,18.71,49.99,0.626,12,3,1
SKU000430,STY0043,STY0043-Grey-XL,Apparel,Leggings,Grey,XL,Core,New,10.53,29.99,0.649,12,4,1
SKU000431,STY0044,STY0044-Grey-XS,Apparel,T-Shirt,Grey,XS,Core,Active,24.85,59.99,0.586,3,4,1
SKU000432,STY0044,STY0044-Grey-S,Apparel,T-Shirt,Grey,S,Core,Active,19.27,49.99,0.615,3,3,1
SKU000433,STY0044,STY0044-Grey-M,Apparel,T-Shirt,Grey,M,Core,Active,15.57,34.99,0.555,12,3,1
SKU000434,STY0044,STY0044-Grey-L,Apparel,T-Shirt,Grey,L,Core,Active,29.93,79.99,0.626,12,3,1
SKU000435,STY0044,STY0044-Grey-XL,Apparel,T-Shirt,Grey,XL,Core,Active,16.95,39.99,0.576,3,2,1
SKU000436,STY0044,STY0044-Navy-XS,Apparel,T-Shirt,Navy,XS,Core,Active,27.67,59.99,0.539,6,3,1
SKU000437,STY0044,STY0044-Navy-S,Apparel,T-Shirt,Navy,S,Core,Active,23.55,59.99,0.607,6,4,1
SKU000438,STY0044,STY0044-Navy-M,Apparel,T-Shirt,Navy,M,Core,Active,11.22,29.99,0.626,3,3,1
SKU000439,STY0044,STY0044-Navy-L,Apparel,T-Shirt,Navy,L,Core,Active,18.86,39.99,0.528,3,3,1
SKU000440,STY0044,STY0044-Navy-XL,Apparel,T-Shirt,Navy,XL,Core,Active,19.03,49.99,0.619,6,3,1
SKU000441,STY0045,STY0045-Black-XS,Apparel,Shorts,Black,XS,SS26,Active,13.1,29.99,0.563,6,3,1
SKU000442,STY0045,STY0045-Black-S,Apparel,Shorts,Black,S,SS26,Active,14.09,34.99,0.597,12,4,1
SKU000443,STY0045,STY0045-Black-M,Apparel,Shorts,Black,M,SS26,Active,17.59,39.99,0.56,12,3,1
SKU000444,STY0045,STY0045-Black-L,Apparel,Shorts,Black,L,SS26,Active,17.19,39.99,0.57,3,2,1
SKU000445,STY0045,STY0045-Black-XL,Apparel,Shorts,Black,XL,SS26,Active,18.49,49.99,0.63,12,4,1
SKU000446,STY0045,STY0045-Navy-XS,Apparel,Shorts,Navy,XS,SS26,Active,16.16,39.99,0.596,12,3,1
SKU000447,STY0045,STY0045-Navy-S,Apparel,Shorts,Navy,S,SS26,Active,27.25,59.99,0.546,3,2,1
SKU000448,STY0045,STY0045-Navy-M,Apparel,Shorts,Navy,M,SS26,Active,35.84,79.99,0.552,3,4,1
SKU000449,STY0045,STY0045-Navy-L,Apparel,Shorts,Navy,L,SS26,Active,20.93,49.99,0.581,6,2,1
SKU000450,STY0045,STY0045-Navy-XL,Apparel,Shorts,Navy,XL,SS26,Active,21.87,59.99,0.635,12,4,1
SKU000451,STY0046,STY0046-Navy-XS,Apparel,Hoodie,Navy,XS,Core,Active,13.15,29.99,0.562,12,4,1
SKU000452,STY0046,STY0046-Navy-S,Apparel,Hoodie,Navy,S,Core,Active,18.09,49.99,0.638,12,3,1
SKU000453,STY0046,STY0046-Navy-M,Apparel,Hoodie,Navy,M,Core,Active,12.26,29.99,0.591,12,3,1
SKU000454,STY0046,STY0046-Navy-L,Apparel,Hoodie,Navy,L,Core,Active,21.16,49.99,0.577,12,3,1
SKU000455,STY0046,STY0046-Navy-XL,Apparel,Hoodie,Navy,XL,Core,Active,36.39,79.99,0.545,12,2,1
SKU000456,STY0046,STY0046-White-XS,Apparel,Hoodie,White,XS,Core,Active,19.15,49.99,0.617,3,4,1
SKU000457,STY0046,STY0046-White-S,Apparel,Hoodie,White,S,Core,Active,14.88,34.99,0.575,3,3,1
SKU000458,STY0046,STY0046-White-M,Apparel,Hoodie,White,M,Core,Active,17.64,39.99,0.559,12,2,1
SKU000459,STY0046,STY0046-White-L,Apparel,Hoodie,White,L,Core,Active,14.34,29.99,0.522,6,2,1
SKU000460,STY0046,STY0046-White-XL,Apparel,Hoodie,White,XL,Core,Active,16.12,39.99,0.597,3,4,1
SKU000461,STY0047,STY0047-Blue-XS,Apparel,Track Pants,Blue,XS,FW26,Active,19.94,49.99,0.601,12,4,1
SKU000462,STY0047,STY0047-Blue-S,Apparel,Track Pants,Blue,S,FW26,Active,22.03,59.99,0.633,6,2,1
SKU000463,STY0047,STY0047-Blue-M,Apparel,Track Pants,Blue,M,FW26,Active,16.76,34.99,0.521,6,4,1
SKU000464,STY0047,STY0047-Blue-L,Apparel,Track Pants,Blue,L,FW26,Active,15.56,34.99,0.555,3,2,1
SKU000465,STY0047,STY0047-Blue-XL,Apparel,Track Pants,Blue,XL,FW26,Active,14.31,29.99,0.523,6,4,1
SKU000466,STY0047,STY0047-Navy-XS,Apparel,Track Pants,Navy,XS,FW26,Active,33.66,79.99,0.579,12,3,1
SKU000467,STY0047,STY0047-Navy-S,Apparel,Track Pants,Navy,S,FW26,Active,13.37,34.99,0.618,6,2,1
SKU000468,STY0047,STY0047-Navy-M,Apparel,Track Pants,Navy,M,FW26,Active,14.98,39.99,0.625,12,2,1
SKU000469,STY0047,STY0047-Navy-L,Apparel,Track Pants,Navy,L,FW26,Active,13.65,29.99,0.545,6,4,1
SKU000470,STY0047,STY0047-Navy-XL,Apparel,Track Pants,Navy,XL,FW26,Active,11.43,29.99,0.619,3,2,1
SKU000471,STY0048,STY0048-Black-XS,Apparel,Leggings,Black,XS,SS26,Active,11.45,29.99,0.618,3,3,1
SKU000472,STY0048,STY0048-Black-S,Apparel,Leggings,Black,S,SS26,Active,19.02,49.99,0.62,3,2,1
SKU000473,STY0048,STY0048-Black-M,Apparel,Leggings,Black,M,SS26,Active,14.54,34.99,0.584,6,2,1
SKU000474,STY0048,STY0048-Black-L,Apparel,Leggings,Black,L,SS26,Active,33.99,79.99,0.575,12,4,1
SKU000475,STY0048,STY0048-Black-XL,Apparel,Leggings,Black,XL,SS26,Active,36.51,79.99,0.544,3,3,1
SKU000476,STY0048,STY0048-Red-XS,Apparel,Leggings,Red,XS,SS26,Active,16.73,34.99,0.522,12,2,1
SKU000477,STY0048,STY0048-Red-S,Apparel,Leggings,Red,S,SS26,Active,19.45,49.99,0.611,3,4,1
SKU000478,STY0048,STY0048-Red-M,Apparel,Leggings,Red,M,SS26,Active,27.86,59.99,0.536,3,4,1
SKU000479,STY0048,STY0048-Red-L,Apparel,Leggings,Red,L,SS26,Active,32.44,79.99,0.594,6,2,1
SKU000480,STY0048,STY0048-Red-XL,Apparel,Leggings,Red,XL,SS26,Active,18.89,39.99,0.528,12,3,1
SKU000481,STY0049,STY0049-Grey-XS,Apparel,Leggings,Grey,XS,Core,Active,18.69,49.99,0.626,12,3,1
SKU000482,STY0049,STY0049-Grey-S,Apparel,Leggings,Grey,S,Core,Active,16.11,34.99,0.54,6,4,1
SKU000483,STY0049,STY0049-Grey-M,Apparel,Leggings,Grey,M,Core,Active,15.91,34.99,0.545,3,4,1
SKU000484,STY0049,STY0049-Grey-L,Apparel,Leggings,Grey,L,Core,Active,23.79,49.99,0.524,12,4,1
SKU000485,STY0049,STY0049-Grey-XL,Apparel,Leggings,Grey,XL,Core,Active,14.01,34.99,0.6,6,2,1
SKU000486,STY0049,STY0049-Orange-XS,Apparel,Leggings,Orange,XS,Core,Active,17.36,39.99,0.566,6,3,1
SKU000487,STY0049,STY0049-Orange-S,Apparel,Leggings,Orange,S,Core,Active,12.58,29.99,0.581,3,2,1
SKU000488,STY0049,STY0049-Orange-M,Apparel,Leggings,Orange,M,Core,Active,15.96,39.99,0.601,12,4,1
SKU000489,STY0049,STY0049-Orange-L,Apparel,Leggings,Orange,L,Core,Active,13.9,29.99,0.537,3,4,1
SKU000490,STY0049,STY0049-Orange-XL,Apparel,Leggings,Orange,XL,Core,Active,34.98,79.99,0.563,3,3,1
SKU000491,STY0050,STY0050-Grey-XS,Apparel,Hoodie,Grey,XS,FW26,New,16.62,34.99,0.525,3,4,1
SKU000492,STY0050,STY0050-Grey-S,Apparel,Hoodie,Grey,S,FW26,New,23.44,49.99,0.531,12,4,1
SKU000493,STY0050,STY0050-Grey-M,Apparel,Hoodie,Grey,M,FW26,New,30.12,79.99,0.623,3,4,1
SKU000494,STY0050,STY0050-Grey-L,Apparel,Hoodie,Grey,L,FW26,New,18.03,39.99,0.549,6,3,1
SKU000495,STY0050,STY0050-Grey-XL,Apparel,Hoodie,Grey,XL,FW26,New,26.06,59.99,0.566,6,3,1
SKU000496,STY0050,STY0050-Navy-XS,Apparel,Hoodie,Navy,XS,FW26,New,16.66,39.99,0.583,6,3,1
SKU000497,STY0050,STY0050-Navy-S,Apparel,Hoodie,Navy,S,FW26,New,13.63,29.99,0.546,12,3,1
SKU000498,STY0050,STY0050-Navy-M,Apparel,Hoodie,Navy,M,FW26,New,18.75,39.99,0.531,6,3,1
SKU000499,STY0050,STY0050-Navy-L,Apparel,Hoodie,Navy,L,FW26,New,17.79,49.99,0.644,3,4,1
SKU000500,STY0050,STY0050-Navy-XL,Apparel,Hoodie,Navy,XL,FW26,New,12.32,34.99,0.648,12,4,1
SKU000501,STY0051,STY0051-Blue-XS,Apparel,Leggings,Blue,XS,Core,Active,21.2,49.99,0.576,3,3,1
SKU000502,STY0051,STY0051-Blue-S,Apparel,Leggings,Blue,S,Core,Active,26.1,59.99,0.565,12,3,1
SKU000503,STY0051,STY0051-Blue-M,Apparel,Leggings,Blue,M,Core,Active,17.96,39.99,0.551,6,4,1
SKU000504,STY0051,STY0051-Blue-L,Apparel,Leggings,Blue,L,Core,Active,35.69,79.99,0.554,6,2,1
SKU000505,STY0051,STY0051-Blue-XL,Apparel,Leggings,Blue,XL,Core,Active,36.26,79.99,0.547,3,2,1
SKU000506,STY0051,STY0051-Navy-XS,Apparel,Leggings,Navy,XS,Core,Active,33.68,79.99,0.579,3,4,1
SKU000507,STY0051,STY0051-Navy-S,Apparel,Leggings,Navy,S,Core,Active,37.95,79.99,0.526,12,2,1
SKU000508,STY0051,STY0051-Navy-M,Apparel,Leggings,Navy,M,Core,Active,14.18,29.99,0.527,12,2,1
SKU000509,STY0051,STY0051-Navy-L,Apparel,Leggings,Navy,L,Core,Active,12.1,29.99,0.597,12,2,1
SKU000510,STY0051,STY0051-Navy-XL,Apparel,Leggings,Navy,XL,Core,Active,13.25,29.99,0.558,3,2,1
SKU000511,STY0052,STY0052-Orange-XS,Apparel,Leggings,Orange,XS,Core,Active,28.11,59.99,0.531,12,3,1
SKU000512,STY0052,STY0052-Orange-S,Apparel,Leggings,Orange,S,Core,Active,10.52,29.99,0.649,12,3,1
SKU000513,STY0052,STY0052-Orange-M,Apparel,Leggings,Orange,M,Core,Active,10.56,29.99,0.648,12,3,1
SKU000514,STY0052,STY0052-Orange-L,Apparel,Leggings,Orange,L,Core,Active,28.62,59.99,0.523,3,4,1
SKU000515,STY0052,STY0052-Orange-XL,Apparel,Leggings,Orange,XL,Core,Active,35.01,79.99,0.562,3,2,1
SKU000516,STY0052,STY0052-Navy-XS,Apparel,Leggings,Navy,XS,Core,Active,12.54,29.99,0.582,3,2,1
SKU000517,STY0052,STY0052-Navy-S,Apparel,Leggings,Navy,S,Core,Active,25.1,59.99,0.582,6,3,1
SKU000518,STY0052,STY0052-Navy-M,Apparel,Leggings,Navy,M,Core,Active,18.01,49.99,0.64,6,3,1
SKU000519,STY0052,STY0052-Navy-L,Apparel,Leggings,Navy,L,Core,Active,22.89,59.99,0.618,12,2,1
SKU000520,STY0052,STY0052-Navy-XL,Apparel,Leggings,Navy,XL,Core,Active,17.55,39.99,0.561,3,4,1
SKU000521,STY0053,STY0053-Black-XS,Apparel,Track Pants,Black,XS,Core,Active,17.86,49.99,0.643,3,4,1
SKU000522,STY0053,STY0053-Black-S,Apparel,Track Pants,Black,S,Core,Active,12.62,34.99,0.639,6,4,1
SKU000523,STY0053,STY0053-Black-M,Apparel,Track Pants,Black,M,Core,Active,16.94,39.99,0.576,3,4,1
SKU000524,STY0053,STY0053-Black-L,Apparel,Track Pants,Black,L,Core,Active,11.39,29.99,0.62,12,4,1
SKU000525,STY0053,STY0053-Black-XL,Apparel,Track Pants,Black,XL,Core,Active,19.26,49.99,0.615,3,4,1
SKU000526,STY0053,STY0053-Orange-XS,Apparel,Track Pants,Orange,XS,Core,Active,18.67,39.99,0.533,12,4,1
SKU000527,STY0053,STY0053-Orange-S,Apparel,Track Pants,Orange,S,Core,Active,11.2,29.99,0.627,6,2,1
SKU000528,STY0053,STY0053-Orange-M,Apparel,Track Pants,Orange,M,Core,Active,14.92,34.99,0.574,12,3,1
SKU000529,STY0053,STY0053-Orange-L,Apparel,Track Pants,Orange,L,Core,Active,11.66,29.99,0.611,12,2,1
SKU000530,STY0053,STY0053-Orange-XL,Apparel,Track Pants,Orange,XL,Core,Active,27.51,59.99,0.541,6,4,1
SKU000531,STY0054,STY0054-Grey-XS,Apparel,Leggings,Grey,XS,SS26,Active,35.53,79.99,0.556,12,4,1
SKU000532,STY0054,STY0054-Grey-S,Apparel,Leggings,Grey,S,SS26,Active,14.28,39.99,0.643,6,2,1
SKU000533,STY0054,STY0054-Grey-M,Apparel,Leggings,Grey,M,SS26,Active,11.82,29.99,0.606,12,4,1
SKU000534,STY0054,STY0054-Grey-L,Apparel,Leggings,Grey,L,SS26,Active,23.79,49.99,0.524,6,2,1
SKU000535,STY0054,STY0054-Grey-XL,Apparel,Leggings,Grey,XL,SS26,Active,30.84,79.99,0.614,6,3,1
SKU000536,STY0054,STY0054-Red-XS,Apparel,Leggings,Red,XS,SS26,Active,13.86,34.99,0.604,6,3,1
SKU000537,STY0054,STY0054-Red-S,Apparel,Leggings,Red,S,SS26,Active,15.34,34.99,0.562,12,3,1
SKU000538,STY0054,STY0054-Red-M,Apparel,Leggings,Red,M,SS26,Active,13.51,29.99,0.55,6,2,1
SKU000539,STY0054,STY0054-Red-L,Apparel,Leggings,Red,L,SS26,Active,28.76,79.99,0.64,6,2,1
SKU000540,STY0054,STY0054-Red-XL,Apparel,Leggings,Red,XL,SS26,Active,22.12,49.99,0.558,12,2,1
SKU000541,STY0055,STY0055-Blue-XS,Apparel,Track Pants,Blue,XS,Core,New,16.31,39.99,0.592,6,2,1
SKU000542,STY0055,STY0055-Blue-S,Apparel,Track Pants,Blue,S,Core,New,12.64,34.99,0.639,6,3,1
SKU000543,STY0055,STY0055-Blue-M,Apparel,Track Pants,Blue,M,Core,New,25.32,59.99,0.578,6,2,1
SKU000544,STY0055,STY0055-Blue-L,Apparel,Track Pants,Blue,L,Core,New,10.85,29.99,0.638,12,2,1
SKU000545,STY0055,STY0055-Blue-XL,Apparel,Track Pants,Blue,XL,Core,New,25.66,59.99,0.572,6,3,1
SKU000546,STY0055,STY0055-Navy-XS,Apparel,Track Pants,Navy,XS,Core,New,11.63,29.99,0.612,6,2,1
SKU000547,STY0055,STY0055-Navy-S,Apparel,Track Pants,Navy,S,Core,New,37.37,79.99,0.533,3,4,1
SKU000548,STY0055,STY0055-Navy-M,Apparel,Track Pants,Navy,M,Core,New,22.32,59.99,0.628,6,2,1
SKU000549,STY0055,STY0055-Navy-L,Apparel,Track Pants,Navy,L,Core,New,13.47,34.99,0.615,6,3,1
SKU000550,STY0055,STY0055-Navy-XL,Apparel,Track Pants,Navy,XL,Core,New,12.53,34.99,0.642,6,3,1
SKU000551,STY0056,STY0056-Green-XS,Apparel,Jacket,Green,XS,SS26,Active,15.53,34.99,0.556,6,4,1
SKU000552,STY0056,STY0056-Green-S,Apparel,Jacket,Green,S,SS26,Active,22.52,59.99,0.625,3,2,1
SKU000553,STY0056,STY0056-Green-M,Apparel,Jacket,Green,M,SS26,Active,14.03,39.99,0.649,6,3,1
SKU000554,STY0056,STY0056-Green-L,Apparel,Jacket,Green,L,SS26,Active,23.96,59.99,0.601,6,3,1
SKU000555,STY0056,STY0056-Green-XL,Apparel,Jacket,Green,XL,SS26,Active,16.24,39.99,0.594,12,4,1
SKU000556,STY0056,STY0056-Red-XS,Apparel,Jacket,Red,XS,SS26,Active,13.61,34.99,0.611,12,4,1
SKU000557,STY0056,STY0056-Red-S,Apparel,Jacket,Red,S,SS26,Active,14.43,34.99,0.588,3,3,1
SKU000558,STY0056,STY0056-Red-M,Apparel,Jacket,Red,M,SS26,Active,15.51,39.99,0.612,12,4,1
SKU000559,STY0056,STY0056-Red-L,Apparel,Jacket,Red,L,SS26,Active,23.79,49.99,0.524,3,3,1
SKU000560,STY0056,STY0056-Red-XL,Apparel,Jacket,Red,XL,SS26,Active,19.32,49.99,0.614,6,3,1
SKU000561,STY0057,STY0057-Red-XS,Apparel,T-Shirt,Red,XS,FW26,Active,21.21,59.99,0.646,12,3,1
SKU000562,STY0057,STY0057-Red-S,Apparel,T-Shirt,Red,S,FW26,Active,30.18,79.99,0.623,6,4,1
SKU000563,STY0057,STY0057-Red-M,Apparel,T-Shirt,Red,M,FW26,Active,13.69,29.99,0.544,6,4,1
SKU000564,STY0057,STY0057-Red-L,Apparel,T-Shirt,Red,L,FW26,Active,18.4,49.99,0.632,6,2,1
SKU000565,STY0057,STY0057-Red-XL,Apparel,T-Shirt,Red,XL,FW26,Active,17.42,39.99,0.564,12,3,1
SKU000566,STY0057,STY0057-Green-XS,Apparel,T-Shirt,Green,XS,FW26,Active,17.98,49.99,0.64,12,3,1
SKU000567,STY0057,STY0057-Green-S,Apparel,T-Shirt,Green,S,FW26,Active,24.12,59.99,0.598,12,4,1
SKU000568,STY0057,STY0057-Green-M,Apparel,T-Shirt,Green,M,FW26,Active,21.03,49.99,0.579,6,4,1
SKU000569,STY0057,STY0057-Green-L,Apparel,T-Shirt,Green,L,FW26,Active,25.63,59.99,0.573,3,2,1
SKU000570,STY0057,STY0057-Green-XL,Apparel,T-Shirt,Green,XL,FW26,Active,15.24,34.99,0.564,6,2,1
SKU000571,STY0058,STY0058-Black-XS,Apparel,Track Pants,Black,XS,FW26,Active,23.78,49.99,0.524,6,3,1
SKU000572,STY0058,STY0058-Black-S,Apparel,Track Pants,Black,S,FW26,Active,10.54,29.99,0.649,6,2,1
SKU000573,STY0058,STY0058-Black-M,Apparel,Track Pants,Black,M,FW26,Active,26.82,59.99,0.553,12,4,1
SKU000574,STY0058,STY0058-Black-L,Apparel,Track Pants,Black,L,FW26,Active,33.98,79.99,0.575,6,3,1
SKU000575,STY0058,STY0058-Black-XL,Apparel,Track Pants,Black,XL,FW26,Active,20.51,49.99,0.59,12,4,1
SKU000576,STY0058,STY0058-Green-XS,Apparel,Track Pants,Green,XS,FW26,Active,33.2,79.99,0.585,6,2,1
SKU000577,STY0058,STY0058-Green-S,Apparel,Track Pants,Green,S,FW26,Active,18.18,49.99,0.636,6,2,1
SKU000578,STY0058,STY0058-Green-M,Apparel,Track Pants,Green,M,FW26,Active,13.74,29.99,0.542,12,2,1
SKU000579,STY0058,STY0058-Green-L,Apparel,Track Pants,Green,L,FW26,Active,15.62,39.99,0.609,6,2,1
SKU000580,STY0058,STY0058-Green-XL,Apparel,Track Pants,Green,XL,FW26,Active,24.76,59.99,0.587,6,2,1
SKU000581,STY0059,STY0059-Orange-XS,Apparel,Jacket,Orange,XS,Core,New,29.19,79.99,0.635,6,4,1
SKU000582,STY0059,STY0059-Orange-S,Apparel,Jacket,Orange,S,Core,New,13.14,29.99,0.562,3,4,1
SKU000583,STY0059,STY0059-Orange-M,Apparel,Jacket,Orange,M,Core,New,14.59,34.99,0.583,12,2,1
SKU000584,STY0059,STY0059-Orange-L,Apparel,Jacket,Orange,L,Core,New,16.91,39.99,0.577,6,2,1
SKU000585,STY0059,STY0059-Orange-XL,Apparel,Jacket,Orange,XL,Core,New,21.59,49.99,0.568,3,4,1
SKU000586,STY0059,STY0059-Navy-XS,Apparel,Jacket,Navy,XS,Core,New,32.49,79.99,0.594,3,4,1
SKU000587,STY0059,STY0059-Navy-S,Apparel,Jacket,Navy,S,Core,New,27.88,59.99,0.535,6,4,1
SKU000588,STY0059,STY0059-Navy-M,Apparel,Jacket,Navy,M,Core,New,20.02,49.99,0.6,12,2,1
SKU000589,STY0059,STY0059-Navy-L,Apparel,Jacket,Navy,L,Core,New,13.51,34.99,0.614,12,2,1
SKU000590,STY0059,STY0059-Navy-XL,Apparel,Jacket,Navy,XL,Core,New,21.79,59.99,0.637,12,2,1
SKU000591,STY0060,STY0060-Grey-XS,Apparel,Shorts,Grey,XS,Core,Active,20.93,49.99,0.581,12,3,1
SKU000592,STY0060,STY0060-Grey-S,Apparel,Shorts,Grey,S,Core,Active,24.03,59.99,0.599,6,4,1
SKU000593,STY0060,STY0060-Grey-M,Apparel,Shorts,Grey,M,Core,Active,11.85,29.99,0.605,6,4,1
SKU000594,STY0060,STY0060-Grey-L,Apparel,Shorts,Grey,L,Core,Active,15.95,34.99,0.544,12,3,1
SKU000595,STY0060,STY0060-Grey-XL,Apparel,Shorts,Grey,XL,Core,Active,25.6,59.99,0.573,12,2,1
SKU000596,STY0060,STY0060-White-XS,Apparel,Shorts,White,XS,Core,Active,14.61,39.99,0.635,6,2,1
SKU000597,STY0060,STY0060-White-S,Apparel,Shorts,White,S,Core,Active,13.94,34.99,0.602,3,4,1
SKU000598,STY0060,STY0060-White-M,Apparel,Shorts,White,M,Core,Active,20.21,49.99,0.596,3,4,1
SKU000599,STY0060,STY0060-White-L,Apparel,Shorts,White,L,Core,Active,20.25,49.99,0.595,6,4,1
SKU000600,STY0060,STY0060-White-XL,Apparel,Shorts,White,XL,Core,Active,26.4,59.99,0.56,12,2,1
SKU000601,STY0061,STY0061-Navy-XS,Apparel,Leggings,Navy,XS,Core,Active,21.52,49.99,0.57,6,2,1
SKU000602,STY0061,STY0061-Navy-S,Apparel,Leggings,Navy,S,Core,Active,18.38,49.99,0.632,6,4,1
SKU000603,STY0061,STY0061-Navy-M,Apparel,Leggings,Navy,M,Core,Active,26.09,59.99,0.565,6,4,1
SKU000604,STY0061,STY0061-Navy-L,Apparel,Leggings,Navy,L,Core,Active,20.2,49.99,0.596,6,3,1
SKU000605,STY0061,STY0061-Navy-XL,Apparel,Leggings,Navy,XL,Core,Active,12.62,34.99,0.639,3,2,1
SKU000606,STY0061,STY0061-Red-XS,Apparel,Leggings,Red,XS,Core,Active,14.17,39.99,0.646,3,4,1
SKU000607,STY0061,STY0061-Red-S,Apparel,Leggings,Red,S,Core,Active,14.87,39.99,0.628,6,4,1
SKU000608,STY0061,STY0061-Red-M,Apparel,Leggings,Red,M,Core,Active,36.03,79.99,0.55,6,4,1
SKU000609,STY0061,STY0061-Red-L,Apparel,Leggings,Red,L,Core,Active,21.88,59.99,0.635,3,3,1
SKU000610,STY0061,STY0061-Red-XL,Apparel,Leggings,Red,XL,Core,Active,27.42,59.99,0.543,6,4,1
SKU000611,STY0062,STY0062-Orange-XS,Apparel,T-Shirt,Orange,XS,Core,Active,36.63,79.99,0.542,3,3,1
SKU000612,STY0062,STY0062-Orange-S,Apparel,T-Shirt,Orange,S,Core,Active,12.25,29.99,0.592,6,2,1
SKU000613,STY0062,STY0062-Orange-M,Apparel,T-Shirt,Orange,M,Core,Active,23.12,49.99,0.538,3,2,1
SKU000614,STY0062,STY0062-Orange-L,Apparel,T-Shirt,Orange,L,Core,Active,15.93,34.99,0.545,12,4,1
SKU000615,STY0062,STY0062-Orange-XL,Apparel,T-Shirt,Orange,XL,Core,Active,18.47,39.99,0.538,12,4,1
SKU000616,STY0062,STY0062-Green-XS,Apparel,T-Shirt,Green,XS,Core,Active,18.58,49.99,0.628,3,2,1
SKU000617,STY0062,STY0062-Green-S,Apparel,T-Shirt,Green,S,Core,Active,15.91,34.99,0.545,12,3,1
SKU000618,STY0062,STY0062-Green-M,Apparel,T-Shirt,Green,M,Core,Active,23.19,59.99,0.613,12,2,1
SKU000619,STY0062,STY0062-Green-L,Apparel,T-Shirt,Green,L,Core,Active,19.09,39.99,0.523,6,3,1
SKU000620,STY0062,STY0062-Green-XL,Apparel,T-Shirt,Green,XL,Core,Active,23.08,59.99,0.615,12,4,1
SKU000621,STY0063,STY0063-Navy-XS,Apparel,T-Shirt,Navy,XS,SS26,Markdown,18.5,39.99,0.537,3,4,1
SKU000622,STY0063,STY0063-Navy-S,Apparel,T-Shirt,Navy,S,SS26,Markdown,13.38,34.99,0.618,12,3,1
SKU000623,STY0063,STY0063-Navy-M,Apparel,T-Shirt,Navy,M,SS26,Markdown,15.71,34.99,0.551,12,3,1
SKU000624,STY0063,STY0063-Navy-L,Apparel,T-Shirt,Navy,L,SS26,Markdown,18.42,49.99,0.632,12,3,1
SKU000625,STY0063,STY0063-Navy-XL,Apparel,T-Shirt,Navy,XL,SS26,Markdown,32.3,79.99,0.596,6,2,1
SKU000626,STY0063,STY0063-Blue-XS,Apparel,T-Shirt,Blue,XS,SS26,Markdown,36.26,79.99,0.547,3,3,1
SKU000627,STY0063,STY0063-Blue-S,Apparel,T-Shirt,Blue,S,SS26,Markdown,26.84,59.99,0.553,12,3,1
SKU000628,STY0063,STY0063-Blue-M,Apparel,T-Shirt,Blue,M,SS26,Markdown,23.67,49.99,0.527,6,4,1
SKU000629,STY0063,STY0063-Blue-L,Apparel,T-Shirt,Blue,L,SS26,Markdown,13.88,29.99,0.537,12,2,1
SKU000630,STY0063,STY0063-Blue-XL,Apparel,T-Shirt,Blue,XL,SS26,Markdown,38.11,79.99,0.524,12,4,1
SKU000631,STY0064,STY0064-Grey-XS,Apparel,Track Pants,Grey,XS,Core,Active,16.65,34.99,0.524,3,3,1
SKU000632,STY0064,STY0064-Grey-S,Apparel,Track Pants,Grey,S,Core,Active,15.67,39.99,0.608,6,3,1
SKU000633,STY0064,STY0064-Grey-M,Apparel,Track Pants,Grey,M,Core,Active,25.5,59.99,0.575,12,3,1
SKU000634,STY0064,STY0064-Grey-L,Apparel,Track Pants,Grey,L,Core,Active,18.64,39.99,0.534,3,2,1
SKU000635,STY0064,STY0064-Grey-XL,Apparel,Track Pants,Grey,XL,Core,Active,12.94,29.99,0.569,6,2,1
SKU000636,STY0064,STY0064-Blue-XS,Apparel,Track Pants,Blue,XS,Core,Active,14.12,29.99,0.529,3,3,1
SKU000637,STY0064,STY0064-Blue-S,Apparel,Track Pants,Blue,S,Core,Active,17.5,49.99,0.65,6,2,1
SKU000638,STY0064,STY0064-Blue-M,Apparel,Track Pants,Blue,M,Core,Active,37.45,79.99,0.532,12,3,1
SKU000639,STY0064,STY0064-Blue-L,Apparel,Track Pants,Blue,L,Core,Active,16.22,34.99,0.536,6,2,1
SKU000640,STY0064,STY0064-Blue-XL,Apparel,Track Pants,Blue,XL,Core,Active,31.74,79.99,0.603,3,3,1
SKU000641,STY0065,STY0065-Navy-XS,Apparel,Track Pants,Navy,XS,Core,Active,35.85,79.99,0.552,6,4,1
SKU000642,STY0065,STY0065-Navy-S,Apparel,Track Pants,Navy,S,Core,Active,13.24,29.99,0.559,3,2,1
SKU000643,STY0065,STY0065-Navy-M,Apparel,Track Pants,Navy,M,Core,Active,18.0,49.99,0.64,12,2,1
SKU000644,STY0065,STY0065-Navy-L,Apparel,Track Pants,Navy,L,Core,Active,26.3,59.99,0.562,3,2,1
SKU000645,STY0065,STY0065-Navy-XL,Apparel,Track Pants,Navy,XL,Core,Active,31.57,79.99,0.605,3,3,1
SKU000646,STY0065,STY0065-Black-XS,Apparel,Track Pants,Black,XS,Core,Active,29.37,79.99,0.633,3,2,1
SKU000647,STY0065,STY0065-Black-S,Apparel,Track Pants,Black,S,Core,Active,18.08,49.99,0.638,3,2,1
SKU000648,STY0065,STY0065-Black-M,Apparel,Track Pants,Black,M,Core,Active,15.91,39.99,0.602,6,2,1
SKU000649,STY0065,STY0065-Black-L,Apparel,Track Pants,Black,L,Core,Active,22.52,49.99,0.55,3,4,1
SKU000650,STY0065,STY0065-Black-XL,Apparel,Track Pants,Black,XL,Core,Active,29.48,79.99,0.631,12,4,1
SKU000651,STY0066,STY0066-Navy-XS,Apparel,T-Shirt,Navy,XS,Core,Active,29.57,79.99,0.63,6,4,1
SKU000652,STY0066,STY0066-Navy-S,Apparel,T-Shirt,Navy,S,Core,Active,32.6,79.99,0.592,3,2,1
SKU000653,STY0066,STY0066-Navy-M,Apparel,T-Shirt,Navy,M,Core,Active,11.04,29.99,0.632,3,4,1
SKU000654,STY0066,STY0066-Navy-L,Apparel,T-Shirt,Navy,L,Core,Active,31.99,79.99,0.6,6,3,1
SKU000655,STY0066,STY0066-Navy-XL,Apparel,T-Shirt,Navy,XL,Core,Active,13.37,34.99,0.618,12,2,1
SKU000656,STY0066,STY0066-Red-XS,Apparel,T-Shirt,Red,XS,Core,Active,14.76,34.99,0.578,12,4,1
SKU000657,STY0066,STY0066-Red-S,Apparel,T-Shirt,Red,S,Core,Active,23.22,59.99,0.613,12,2,1
SKU000658,STY0066,STY0066-Red-M,Apparel,T-Shirt,Red,M,Core,Active,37.1,79.99,0.536,3,4,1
SKU000659,STY0066,STY0066-Red-L,Apparel,T-Shirt,Red,L,Core,Active,24.97,59.99,0.584,12,3,1
SKU000660,STY0066,STY0066-Red-XL,Apparel,T-Shirt,Red,XL,Core,Active,17.36,39.99,0.566,3,3,1
SKU000661,STY0067,STY0067-White-XS,Apparel,Jacket,White,XS,Core,Active,27.93,59.99,0.534,3,3,1
SKU000662,STY0067,STY0067-White-S,Apparel,Jacket,White,S,Core,Active,14.68,39.99,0.633,12,3,1
SKU000663,STY0067,STY0067-White-M,Apparel,Jacket,White,M,Core,Active,16.84,39.99,0.579,3,3,1
SKU000664,STY0067,STY0067-White-L,Apparel,Jacket,White,L,Core,Active,10.56,29.99,0.648,3,2,1
SKU000665,STY0067,STY0067-White-XL,Apparel,Jacket,White,XL,Core,Active,15.12,39.99,0.622,3,3,1
SKU000666,STY0067,STY0067-Orange-XS,Apparel,Jacket,Orange,XS,Core,Active,23.23,59.99,0.613,12,4,1
SKU000667,STY0067,STY0067-Orange-S,Apparel,Jacket,Orange,S,Core,Active,20.25,49.99,0.595,6,2,1
SKU000668,STY0067,STY0067-Orange-M,Apparel,Jacket,Orange,M,Core,Active,33.58,79.99,0.58,12,2,1
SKU000669,STY0067,STY0067-Orange-L,Apparel,Jacket,Orange,L,Core,Active,14.43,39.99,0.639,3,4,1
SKU000670,STY0067,STY0067-Orange-XL,Apparel,Jacket,Orange,XL,Core,Active,16.68,34.99,0.523,3,4,1
SKU000671,STY0068,STY0068-Blue-XS,Apparel,Shorts,Blue,XS,SS26,Active,34.68,79.99,0.566,6,4,1
SKU000672,STY0068,STY0068-Blue-S,Apparel,Shorts,Blue,S,SS26,Active,22.24,49.99,0.555,3,2,1
SKU000673,STY0068,STY0068-Blue-M,Apparel,Shorts,Blue,M,SS26,Active,12.64,34.99,0.639,6,2,1
SKU000674,STY0068,STY0068-Blue-L,Apparel,Shorts,Blue,L,SS26,Active,21.48,49.99,0.57,3,3,1
SKU000675,STY0068,STY0068-Blue-XL,Apparel,Shorts,Blue,XL,SS26,Active,35.71,79.99,0.554,12,2,1
SKU000676,STY0068,STY0068-Green-XS,Apparel,Shorts,Green,XS,SS26,Active,10.55,29.99,0.648,3,4,1
SKU000677,STY0068,STY0068-Green-S,Apparel,Shorts,Green,S,SS26,Active,11.14,29.99,0.629,6,4,1
SKU000678,STY0068,STY0068-Green-M,Apparel,Shorts,Green,M,SS26,Active,27.1,59.99,0.548,12,3,1
SKU000679,STY0068,STY0068-Green-L,Apparel,Shorts,Green,L,SS26,Active,13.94,34.99,0.602,12,3,1
SKU000680,STY0068,STY0068-Green-XL,Apparel,Shorts,Green,XL,SS26,Active,37.21,79.99,0.535,3,3,1
SKU000681,STY0069,STY0069-Green-XS,Apparel,Jacket,Green,XS,Core,Active,25.89,59.99,0.568,6,3,1
SKU000682,STY0069,STY0069-Green-S,Apparel,Jacket,Green,S,Core,Active,23.8,59.99,0.603,6,4,1
SKU000683,STY0069,STY0069-Green-M,Apparel,Jacket,Green,M,Core,Active,13.92,34.99,0.602,6,2,1
SKU000684,STY0069,STY0069-Green-L,Apparel,Jacket,Green,L,Core,Active,26.25,59.99,0.562,3,2,1
SKU000685,STY0069,STY0069-Green-XL,Apparel,Jacket,Green,XL,Core,Active,33.29,79.99,0.584,3,2,1
SKU000686,STY0069,STY0069-Orange-XS,Apparel,Jacket,Orange,XS,Core,Active,12.46,34.99,0.644,6,3,1
SKU000687,STY0069,STY0069-Orange-S,Apparel,Jacket,Orange,S,Core,Active,13.06,34.99,0.627,3,4,1
SKU000688,STY0069,STY0069-Orange-M,Apparel,Jacket,Orange,M,Core,Active,35.7,79.99,0.554,6,2,1
SKU000689,STY0069,STY0069-Orange-L,Apparel,Jacket,Orange,L,Core,Active,15.29,39.99,0.618,12,3,1
SKU000690,STY0069,STY0069-Orange-XL,Apparel,Jacket,Orange,XL,Core,Active,18.29,39.99,0.543,12,3,1
SKU000691,STY0070,STY0070-Black-XS,Apparel,T-Shirt,Black,XS,Core,Active,14.22,29.99,0.526,3,3,1
SKU000692,STY0070,STY0070-Black-S,Apparel,T-Shirt,Black,S,Core,Active,18.02,39.99,0.549,6,3,1
SKU000693,STY0070,STY0070-Black-M,Apparel,T-Shirt,Black,M,Core,Active,12.65,29.99,0.578,3,3,1
SKU000694,STY0070,STY0070-Black-L,Apparel,T-Shirt,Black,L,Core,Active,13.57,34.99,0.612,6,4,1
SKU000695,STY0070,STY0070-Black-XL,Apparel,T-Shirt,Black,XL,Core,Active,22.89,59.99,0.618,6,4,1
SKU000696,STY0070,STY0070-White-XS,Apparel,T-Shirt,White,XS,Core,Active,23.98,49.99,0.52,3,4,1
SKU000697,STY0070,STY0070-White-S,Apparel,T-Shirt,White,S,Core,Active,26.93,59.99,0.551,3,2,1
SKU000698,STY0070,STY0070-White-M,Apparel,T-Shirt,White,M,Core,Active,14.13,29.99,0.529,3,2,1
SKU000699,STY0070,STY0070-White-L,Apparel,T-Shirt,White,L,Core,Active,23.7,59.99,0.605,12,2,1
SKU000700,STY0070,STY0070-White-XL,Apparel,T-Shirt,White,XL,Core,Active,14.0,39.99,0.65,12,3,1
SKU000701,STY0071,STY0071-Green-XS,Apparel,Track Pants,Green,XS,Core,Exit,20.69,49.99,0.586,3,2,0
SKU000702,STY0071,STY0071-Green-S,Apparel,Track Pants,Green,S,Core,Exit,30.91,79.99,0.614,3,2,0
SKU000703,STY0071,STY0071-Green-M,Apparel,Track Pants,Green,M,Core,Exit,24.22,59.99,0.596,6,3,0
SKU000704,STY0071,STY0071-Green-L,Apparel,Track Pants,Green,L,Core,Exit,28.88,79.99,0.639,3,4,0
SKU000705,STY0071,STY0071-Green-XL,Apparel,Track Pants,Green,XL,Core,Exit,15.15,34.99,0.567,6,2,0
SKU000706,STY0071,STY0071-Black-XS,Apparel,Track Pants,Black,XS,Core,Exit,25.42,59.99,0.576,6,4,0
SKU000707,STY0071,STY0071-Black-S,Apparel,Track Pants,Black,S,Core,Exit,13.32,34.99,0.619,6,3,0
SKU000708,STY0071,STY0071-Black-M,Apparel,Track Pants,Black,M,Core,Exit,22.05,49.99,0.559,12,3,0
SKU000709,STY0071,STY0071-Black-L,Apparel,Track Pants,Black,L,Core,Exit,16.35,39.99,0.591,3,2,0
SKU000710,STY0071,STY0071-Black-XL,Apparel,Track Pants,Black,XL,Core,Exit,12.87,34.99,0.632,12,2,0
SKU000711,STY0072,STY0072-White-XS,Apparel,Hoodie,White,XS,Core,Active,12.59,29.99,0.58,3,3,1
SKU000712,STY0072,STY0072-White-S,Apparel,Hoodie,White,S,Core,Active,16.41,39.99,0.59,3,2,1
SKU000713,STY0072,STY0072-White-M,Apparel,Hoodie,White,M,Core,Active,15.92,34.99,0.545,6,4,1
SKU000714,STY0072,STY0072-White-L,Apparel,Hoodie,White,L,Core,Active,34.27,79.99,0.572,3,3,1
SKU000715,STY0072,STY0072-White-XL,Apparel,Hoodie,White,XL,Core,Active,12.66,34.99,0.638,3,3,1
SKU000716,STY0072,STY0072-Orange-XS,Apparel,Hoodie,Orange,XS,Core,Active,20.83,49.99,0.583,12,3,1
SKU000717,STY0072,STY0072-Orange-S,Apparel,Hoodie,Orange,S,Core,Active,18.26,39.99,0.543,3,2,1
SKU000718,STY0072,STY0072-Orange-M,Apparel,Hoodie,Orange,M,Core,Active,23.05,49.99,0.539,12,4,1
SKU000719,STY0072,STY0072-Orange-L,Apparel,Hoodie,Orange,L,Core,Active,22.95,59.99,0.617,6,2,1
SKU000720,STY0072,STY0072-Orange-XL,Apparel,Hoodie,Orange,XL,Core,Active,12.8,34.99,0.634,3,2,1
SKU000721,STY0073,STY0073-Red-XS,Apparel,Hoodie,Red,XS,Core,Active,28.87,79.99,0.639,12,3,1
SKU000722,STY0073,STY0073-Red-S,Apparel,Hoodie,Red,S,Core,Active,10.58,29.99,0.647,3,2,1
SKU000723,STY0073,STY0073-Red-M,Apparel,Hoodie,Red,M,Core,Active,32.61,79.99,0.592,3,2,1
SKU000724,STY0073,STY0073-Red-L,Apparel,Hoodie,Red,L,Core,Active,14.63,39.99,0.634,6,2,1
SKU000725,STY0073,STY0073-Red-XL,Apparel,Hoodie,Red,XL,Core,Active,16.45,34.99,0.53,6,4,1
SKU000726,STY0073,STY0073-Blue-XS,Apparel,Hoodie,Blue,XS,Core,Active,20.72,49.99,0.586,6,4,1
SKU000727,STY0073,STY0073-Blue-S,Apparel,Hoodie,Blue,S,Core,Active,18.62,49.99,0.628,3,2,1
SKU000728,STY0073,STY0073-Blue-M,Apparel,Hoodie,Blue,M,Core,Active,15.45,39.99,0.614,3,2,1
SKU000729,STY0073,STY0073-Blue-L,Apparel,Hoodie,Blue,L,Core,Active,25.83,59.99,0.569,3,4,1
SKU000730,STY0073,STY0073-Blue-XL,Apparel,Hoodie,Blue,XL,Core,Active,16.59,39.99,0.585,12,3,1
SKU000731,STY0074,STY0074-White-XS,Apparel,T-Shirt,White,XS,Core,Active,37.2,79.99,0.535,12,2,1
SKU000732,STY0074,STY0074-White-S,Apparel,T-Shirt,White,S,Core,Active,38.33,79.99,0.521,12,2,1
SKU000733,STY0074,STY0074-White-M,Apparel,T-Shirt,White,M,Core,Active,22.58,49.99,0.548,6,3,1
SKU000734,STY0074,STY0074-White-L,Apparel,T-Shirt,White,L,Core,Active,27.09,59.99,0.548,6,4,1
SKU000735,STY0074,STY0074-White-XL,Apparel,T-Shirt,White,XL,Core,Active,23.5,59.99,0.608,6,2,1
SKU000736,STY0074,STY0074-Navy-XS,Apparel,T-Shirt,Navy,XS,Core,Active,11.74,29.99,0.609,3,2,1
SKU000737,STY0074,STY0074-Navy-S,Apparel,T-Shirt,Navy,S,Core,Active,14.3,39.99,0.642,6,4,1
SKU000738,STY0074,STY0074-Navy-M,Apparel,T-Shirt,Navy,M,Core,Active,17.98,39.99,0.55,3,2,1
SKU000739,STY0074,STY0074-Navy-L,Apparel,T-Shirt,Navy,L,Core,Active,11.46,29.99,0.618,3,3,1
SKU000740,STY0074,STY0074-Navy-XL,Apparel,T-Shirt,Navy,XL,Core,Active,27.36,59.99,0.544,12,2,1
SKU000741,STY0075,STY0075-Blue-XS,Apparel,Hoodie,Blue,XS,FW26,Exit,13.05,34.99,0.627,12,3,0
SKU000742,STY0075,STY0075-Blue-S,Apparel,Hoodie,Blue,S,FW26,Exit,35.25,79.99,0.559,12,2,0
SKU000743,STY0075,STY0075-Blue-M,Apparel,Hoodie,Blue,M,FW26,Exit,35.28,79.99,0.559,12,4,0
SKU000744,STY0075,STY0075-Blue-L,Apparel,Hoodie,Blue,L,FW26,Exit,14.81,34.99,0.577,3,3,0
SKU000745,STY0075,STY0075-Blue-XL,Apparel,Hoodie,Blue,XL,FW26,Exit,23.41,59.99,0.61,6,2,0
SKU000746,STY0075,STY0075-Navy-XS,Apparel,Hoodie,Navy,XS,FW26,Exit,10.72,29.99,0.643,12,2,0
SKU000747,STY0075,STY0075-Navy-S,Apparel,Hoodie,Navy,S,FW26,Exit,12.55,29.99,0.582,3,3,0
SKU000748,STY0075,STY0075-Navy-M,Apparel,Hoodie,Navy,M,FW26,Exit,22.57,59.99,0.624,3,3,0
SKU000749,STY0075,STY0075-Navy-L,Apparel,Hoodie,Navy,L,FW26,Exit,29.84,79.99,0.627,6,2,0
SKU000750,STY0075,STY0075-Navy-XL,Apparel,Hoodie,Navy,XL,FW26,Exit,11.07,29.99,0.631,12,2,0
SKU000751,STY0076,STY0076-Grey-XS,Apparel,T-Shirt,Grey,XS,Core,Exit,21.3,49.99,0.574,6,3,0
SKU000752,STY0076,STY0076-Grey-S,Apparel,T-Shirt,Grey,S,Core,Exit,14.71,39.99,0.632,3,4,0
SKU000753,STY0076,STY0076-Grey-M,Apparel,T-Shirt,Grey,M,Core,Exit,22.64,49.99,0.547,6,4,0
SKU000754,STY0076,STY0076-Grey-L,Apparel,T-Shirt,Grey,L,Core,Exit,14.9,39.99,0.627,12,4,0
SKU000755,STY0076,STY0076-Grey-XL,Apparel,T-Shirt,Grey,XL,Core,Exit,27.13,59.99,0.548,3,4,0
SKU000756,STY0076,STY0076-Black-XS,Apparel,T-Shirt,Black,XS,Core,Exit,27.35,59.99,0.544,6,3,0
SKU000757,STY0076,STY0076-Black-S,Apparel,T-Shirt,Black,S,Core,Exit,35.16,79.99,0.56,3,2,0
SKU000758,STY0076,STY0076-Black-M,Apparel,T-Shirt,Black,M,Core,Exit,28.02,79.99,0.65,12,4,0
SKU000759,STY0076,STY0076-Black-L,Apparel,T-Shirt,Black,L,Core,Exit,23.03,49.99,0.539,12,2,0
SKU000760,STY0076,STY0076-Black-XL,Apparel,T-Shirt,Black,XL,Core,Exit,14.99,34.99,0.572,12,2,0
SKU000761,STY0077,STY0077-White-XS,Apparel,Track Pants,White,XS,Core,Active,13.82,34.99,0.605,6,2,1
SKU000762,STY0077,STY0077-White-S,Apparel,Track Pants,White,S,Core,Active,37.2,79.99,0.535,3,4,1
SKU000763,STY0077,STY0077-White-M,Apparel,Track Pants,White,M,Core,Active,34.64,79.99,0.567,6,3,1
SKU000764,STY0077,STY0077-White-L,Apparel,Track Pants,White,L,Core,Active,11.53,29.99,0.616,3,4,1
SKU000765,STY0077,STY0077-White-XL,Apparel,Track Pants,White,XL,Core,Active,11.86,29.99,0.605,3,4,1
SKU000766,STY0077,STY0077-Red-XS,Apparel,Track Pants,Red,XS,Core,Active,10.68,29.99,0.644,6,4,1
SKU000767,STY0077,STY0077-Red-S,Apparel,Track Pants,Red,S,Core,Active,23.79,49.99,0.524,6,3,1
SKU000768,STY0077,STY0077-Red-M,Apparel,Track Pants,Red,M,Core,Active,19.78,49.99,0.604,6,2,1
SKU000769,STY0077,STY0077-Red-L,Apparel,Track Pants,Red,L,Core,Active,22.62,49.99,0.548,12,4,1
SKU000770,STY0077,STY0077-Red-XL,Apparel,Track Pants,Red,XL,Core,Active,30.34,79.99,0.621,6,2,1
SKU000771,STY0078,STY0078-Green-XS,Apparel,T-Shirt,Green,XS,Core,Exit,11.83,29.99,0.606,6,2,0
SKU000772,STY0078,STY0078-Green-S,Apparel,T-Shirt,Green,S,Core,Exit,28.78,79.99,0.64,3,3,0
SKU000773,STY0078,STY0078-Green-M,Apparel,T-Shirt,Green,M,Core,Exit,28.68,59.99,0.522,6,4,0
SKU000774,STY0078,STY0078-Green-L,Apparel,T-Shirt,Green,L,Core,Exit,12.18,29.99,0.594,12,2,0
SKU000775,STY0078,STY0078-Green-XL,Apparel,T-Shirt,Green,XL,Core,Exit,27.94,59.99,0.534,3,2,0
SKU000776,STY0078,STY0078-Black-XS,Apparel,T-Shirt,Black,XS,Core,Exit,11.79,29.99,0.607,3,3,0
SKU000777,STY0078,STY0078-Black-S,Apparel,T-Shirt,Black,S,Core,Exit,33.76,79.99,0.578,12,4,0
SKU000778,STY0078,STY0078-Black-M,Apparel,T-Shirt,Black,M,Core,Exit,17.43,39.99,0.564,6,2,0
SKU000779,STY0078,STY0078-Black-L,Apparel,T-Shirt,Black,L,Core,Exit,10.69,29.99,0.644,12,4,0
SKU000780,STY0078,STY0078-Black-XL,Apparel,T-Shirt,Black,XL,Core,Exit,18.49,49.99,0.63,6,2,0
SKU000781,STY0079,STY0079-White-XS,Apparel,Jacket,White,XS,SS26,Active,18.79,49.99,0.624,3,2,1
SKU000782,STY0079,STY0079-White-S,Apparel,Jacket,White,S,SS26,Active,15.15,34.99,0.567,3,3,1
SKU000783,STY0079,STY0079-White-M,Apparel,Jacket,White,M,SS26,Active,11.7,29.99,0.61,6,3,1
SKU000784,STY0079,STY0079-White-L,Apparel,Jacket,White,L,SS26,Active,23.31,49.99,0.534,6,2,1
SKU000785,STY0079,STY0079-White-XL,Apparel,Jacket,White,XL,SS26,Active,33.65,79.99,0.579,3,3,1
SKU000786,STY0079,STY0079-Navy-XS,Apparel,Jacket,Navy,XS,SS26,Active,19.9,49.99,0.602,6,2,1
SKU000787,STY0079,STY0079-Navy-S,Apparel,Jacket,Navy,S,SS26,Active,16.28,39.99,0.593,6,2,1
SKU000788,STY0079,STY0079-Navy-M,Apparel,Jacket,Navy,M,SS26,Active,16.93,39.99,0.577,3,4,1
SKU000789,STY0079,STY0079-Navy-L,Apparel,Jacket,Navy,L,SS26,Active,29.0,79.99,0.637,12,3,1
SKU000790,STY0079,STY0079-Navy-XL,Apparel,Jacket,Navy,XL,SS26,Active,24.23,59.99,0.596,12,2,1
SKU000791,STY0080,STY0080-Black-XS,Apparel,Leggings,Black,XS,Core,Active,26.35,59.99,0.561,6,4,1
SKU000792,STY0080,STY0080-Black-S,Apparel,Leggings,Black,S,Core,Active,14.41,34.99,0.588,3,3,1
SKU000793,STY0080,STY0080-Black-M,Apparel,Leggings,Black,M,Core,Active,28.36,79.99,0.645,12,4,1
SKU000794,STY0080,STY0080-Black-L,Apparel,Leggings,Black,L,Core,Active,26.28,59.99,0.562,12,2,1
SKU000795,STY0080,STY0080-Black-XL,Apparel,Leggings,Black,XL,Core,Active,14.2,29.99,0.527,6,2,1
SKU000796,STY0080,STY0080-Blue-XS,Apparel,Leggings,Blue,XS,Core,Active,16.67,34.99,0.524,3,2,1
SKU000797,STY0080,STY0080-Blue-S,Apparel,Leggings,Blue,S,Core,Active,12.15,29.99,0.595,12,3,1
SKU000798,STY0080,STY0080-Blue-M,Apparel,Leggings,Blue,M,Core,Active,16.78,34.99,0.52,12,2,1
SKU000799,STY0080,STY0080-Blue-L,Apparel,Leggings,Blue,L,Core,Active,23.01,59.99,0.616,12,2,1
SKU000800,STY0080,STY0080-Blue-XL,Apparel,Leggings,Blue,XL,Core,Active,12.01,29.99,0.6,6,4,1
SKU000801,STY0081,STY0081-Green-40,Shoes,Football Boots,Green,40,Core,Markdown,74.45,149.99,0.504,2,1,1
SKU000802,STY0081,STY0081-Green-41,Shoes,Football Boots,Green,41,Core,Markdown,57.12,129.99,0.561,4,1,1
SKU000803,STY0081,STY0081-Green-42,Shoes,Football Boots,Green,42,Core,Markdown,39.45,79.99,0.507,1,2,1
SKU000804,STY0081,STY0081-Green-43,Shoes,Football Boots,Green,43,Core,Markdown,80.16,149.99,0.466,2,2,1
SKU000805,STY0081,STY0081-Green-44,Shoes,Football Boots,Green,44,Core,Markdown,65.66,129.99,0.495,4,2,1
SKU000806,STY0081,STY0081-Orange-40,Shoes,Football Boots,Orange,40,Core,Markdown,35.39,79.99,0.558,2,1,1
SKU000807,STY0081,STY0081-Orange-41,Shoes,Football Boots,Orange,41,Core,Markdown,74.86,149.99,0.501,4,2,1
SKU000808,STY0081,STY0081-Orange-42,Shoes,Football Boots,Orange,42,Core,Markdown,37.71,79.99,0.529,2,1,1
SKU000809,STY0081,STY0081-Orange-43,Shoes,Football Boots,Orange,43,Core,Markdown,41.35,79.99,0.483,2,2,1
SKU000810,STY0081,STY0081-Orange-44,Shoes,Football Boots,Orange,44,Core,Markdown,37.11,79.99,0.536,2,2,1
SKU000811,STY0082,STY0082-Orange-40,Shoes,Football Boots,Orange,40,SS26,New,39.37,89.99,0.563,4,2,1
SKU000812,STY0082,STY0082-Orange-41,Shoes,Football Boots,Orange,41,SS26,New,50.05,109.99,0.545,2,1,1
SKU000813,STY0082,STY0082-Orange-42,Shoes,Football Boots,Orange,42,SS26,New,42.96,89.99,0.523,2,2,1
SKU000814,STY0082,STY0082-Orange-43,Shoes,Football Boots,Orange,43,SS26,New,79.9,149.99,0.467,1,1,1
SKU000815,STY0082,STY0082-Orange-44,Shoes,Football Boots,Orange,44,SS26,New,36.83,79.99,0.54,4,2,1
SKU000816,STY0082,STY0082-Blue-40,Shoes,Football Boots,Blue,40,SS26,New,46.93,89.99,0.478,4,1,1
SKU000817,STY0082,STY0082-Blue-41,Shoes,Football Boots,Blue,41,SS26,New,40.05,89.99,0.555,1,1,1
SKU000818,STY0082,STY0082-Blue-42,Shoes,Football Boots,Blue,42,SS26,New,38.18,89.99,0.576,1,2,1
SKU000819,STY0082,STY0082-Blue-43,Shoes,Football Boots,Blue,43,SS26,New,41.0,89.99,0.544,2,2,1
SKU000820,STY0082,STY0082-Blue-44,Shoes,Football Boots,Blue,44,SS26,New,40.68,79.99,0.491,1,2,1
SKU000821,STY0083,STY0083-Orange-40,Shoes,Basketball Shoes,Orange,40,FW26,Active,69.82,149.99,0.535,1,2,1
SKU000822,STY0083,STY0083-Orange-41,Shoes,Basketball Shoes,Orange,41,FW26,Active,36.56,79.99,0.543,2,1,1
SKU000823,STY0083,STY0083-Orange-42,Shoes,Basketball Shoes,Orange,42,FW26,Active,47.78,89.99,0.469,1,1,1
SKU000824,STY0083,STY0083-Orange-43,Shoes,Basketball Shoes,Orange,43,FW26,Active,45.72,89.99,0.492,2,2,1
SKU000825,STY0083,STY0083-Orange-44,Shoes,Basketball Shoes,Orange,44,FW26,Active,63.39,149.99,0.577,4,1,1
SKU000826,STY0083,STY0083-White-40,Shoes,Basketball Shoes,White,40,FW26,Active,70.0,129.99,0.461,4,1,1
SKU000827,STY0083,STY0083-White-41,Shoes,Basketball Shoes,White,41,FW26,Active,78.61,149.99,0.476,1,2,1
SKU000828,STY0083,STY0083-White-42,Shoes,Basketball Shoes,White,42,FW26,Active,78.69,149.99,0.475,2,2,1
SKU000829,STY0083,STY0083-White-43,Shoes,Basketball Shoes,White,43,FW26,Active,69.73,129.99,0.464,2,2,1
SKU000830,STY0083,STY0083-White-44,Shoes,Basketball Shoes,White,44,FW26,Active,49.32,109.99,0.552,2,2,1
SKU000831,STY0084,STY0084-Black-40,Shoes,Running Shoes,Black,40,FW26,Exit,54.22,109.99,0.507,4,2,0
SKU000832,STY0084,STY0084-Black-41,Shoes,Running Shoes,Black,41,FW26,Exit,55.98,109.99,0.491,2,1,0
SKU000833,STY0084,STY0084-Black-42,Shoes,Running Shoes,Black,42,FW26,Exit,60.33,109.99,0.451,4,2,0
SKU000834,STY0084,STY0084-Black-43,Shoes,Running Shoes,Black,43,FW26,Exit,49.93,109.99,0.546,4,2,0
SKU000835,STY0084,STY0084-Black-44,Shoes,Running Shoes,Black,44,FW26,Exit,39.55,89.99,0.561,1,1,0
SKU000836,STY0084,STY0084-Green-40,Shoes,Running Shoes,Green,40,FW26,Exit,70.88,149.99,0.527,2,1,0
SKU000837,STY0084,STY0084-Green-41,Shoes,Running Shoes,Green,41,FW26,Exit,40.41,79.99,0.495,2,2,0
SKU000838,STY0084,STY0084-Green-42,Shoes,Running Shoes,Green,42,FW26,Exit,61.43,129.99,0.527,4,1,0
SKU000839,STY0084,STY0084-Green-43,Shoes,Running Shoes,Green,43,FW26,Exit,76.8,149.99,0.488,4,1,0
SKU000840,STY0084,STY0084-Green-44,Shoes,Running Shoes,Green,44,FW26,Exit,56.58,109.99,0.486,1,2,0
SKU000841,STY0085,STY0085-Green-40,Shoes,Football Boots,Green,40,Core,Active,66.53,149.99,0.556,1,2,1
SKU000842,STY0085,STY0085-Green-41,Shoes,Football Boots,Green,41,Core,Active,46.46,89.99,0.484,4,1,1
SKU000843,STY0085,STY0085-Green-42,Shoes,Football Boots,Green,42,Core,Active,55.55,109.99,0.495,1,2,1
SKU000844,STY0085,STY0085-Green-43,Shoes,Football Boots,Green,43,Core,Active,46.5,89.99,0.483,2,2,1
SKU000845,STY0085,STY0085-Green-44,Shoes,Football Boots,Green,44,Core,Active,51.51,109.99,0.532,4,2,1
SKU000846,STY0085,STY0085-Blue-40,Shoes,Football Boots,Blue,40,Core,Active,68.98,129.99,0.469,2,1,1
SKU000847,STY0085,STY0085-Blue-41,Shoes,Football Boots,Blue,41,Core,Active,74.31,149.99,0.505,4,1,1
SKU000848,STY0085,STY0085-Blue-42,Shoes,Football Boots,Blue,42,Core,Active,69.63,129.99,0.464,4,1,1
SKU000849,STY0085,STY0085-Blue-43,Shoes,Football Boots,Blue,43,Core,Active,63.55,129.99,0.511,2,1,1
SKU000850,STY0085,STY0085-Blue-44,Shoes,Football Boots,Blue,44,Core,Active,39.4,89.99,0.562,1,2,1
SKU000851,STY0086,STY0086-Orange-40,Shoes,Basketball Shoes,Orange,40,Core,Active,38.67,79.99,0.517,4,1,1
SKU000852,STY0086,STY0086-Orange-41,Shoes,Basketball Shoes,Orange,41,Core,Active,55.27,109.99,0.497,1,2,1
SKU000853,STY0086,STY0086-Orange-42,Shoes,Basketball Shoes,Orange,42,Core,Active,49.19,109.99,0.553,1,1,1
SKU000854,STY0086,STY0086-Orange-43,Shoes,Basketball Shoes,Orange,43,Core,Active,67.86,129.99,0.478,1,1,1
SKU000855,STY0086,STY0086-Orange-44,Shoes,Basketball Shoes,Orange,44,Core,Active,71.45,149.99,0.524,2,2,1
SKU000856,STY0086,STY0086-White-40,Shoes,Basketball Shoes,White,40,Core,Active,70.91,129.99,0.454,2,1,1
SKU000857,STY0086,STY0086-White-41,Shoes,Basketball Shoes,White,41,Core,Active,39.15,79.99,0.511,4,2,1
SKU000858,STY0086,STY0086-White-42,Shoes,Basketball Shoes,White,42,Core,Active,42.87,79.99,0.464,4,1,1
SKU000859,STY0086,STY0086-White-43,Shoes,Basketball Shoes,White,43,Core,Active,40.63,79.99,0.492,4,1,1
SKU000860,STY0086,STY0086-White-44,Shoes,Basketball Shoes,White,44,Core,Active,45.91,89.99,0.49,2,2,1
SKU000861,STY0087,STY0087-White-40,Shoes,Training Shoes,White,40,Core,Active,42.16,79.99,0.473,2,2,1
SKU000862,STY0087,STY0087-White-41,Shoes,Training Shoes,White,41,Core,Active,66.9,129.99,0.485,4,2,1
SKU000863,STY0087,STY0087-White-42,Shoes,Training Shoes,White,42,Core,Active,69.6,129.99,0.465,1,2,1
SKU000864,STY0087,STY0087-White-43,Shoes,Training Shoes,White,43,Core,Active,60.67,129.99,0.533,1,1,1
SKU000865,STY0087,STY0087-White-44,Shoes,Training Shoes,White,44,Core,Active,54.92,129.99,0.578,1,1,1
SKU000866,STY0087,STY0087-Red-40,Shoes,Training Shoes,Red,40,Core,Active,46.38,89.99,0.485,4,1,1
SKU000867,STY0087,STY0087-Red-41,Shoes,Training Shoes,Red,41,Core,Active,37.41,79.99,0.532,4,1,1
SKU000868,STY0087,STY0087-Red-42,Shoes,Training Shoes,Red,42,Core,Active,69.41,129.99,0.466,2,1,1
SKU000869,STY0087,STY0087-Red-43,Shoes,Training Shoes,Red,43,Core,Active,82.39,149.99,0.451,4,1,1
SKU000870,STY0087,STY0087-Red-44,Shoes,Training Shoes,Red,44,Core,Active,34.1,79.99,0.574,1,2,1
SKU000871,STY0088,STY0088-Blue-40,Shoes,Basketball Shoes,Blue,40,Core,Active,40.2,89.99,0.553,4,1,1
SKU000872,STY0088,STY0088-Blue-41,Shoes,Basketball Shoes,Blue,41,Core,Active,52.21,109.99,0.525,1,2,1
SKU000873,STY0088,STY0088-Blue-42,Shoes,Basketball Shoes,Blue,42,Core,Active,74.8,149.99,0.501,1,2,1
SKU000874,STY0088,STY0088-Blue-43,Shoes,Basketball Shoes,Blue,43,Core,Active,38.92,79.99,0.513,4,1,1
SKU000875,STY0088,STY0088-Blue-44,Shoes,Basketball Shoes,Blue,44,Core,Active,47.83,109.99,0.565,1,2,1
SKU000876,STY0088,STY0088-Black-40,Shoes,Basketball Shoes,Black,40,Core,Active,44.92,89.99,0.501,2,1,1
SKU000877,STY0088,STY0088-Black-41,Shoes,Basketball Shoes,Black,41,Core,Active,56.25,109.99,0.489,2,1,1
SKU000878,STY0088,STY0088-Black-42,Shoes,Basketball Shoes,Black,42,Core,Active,39.3,79.99,0.509,1,2,1
SKU000879,STY0088,STY0088-Black-43,Shoes,Basketball Shoes,Black,43,Core,Active,49.55,109.99,0.55,1,1,1
SKU000880,STY0088,STY0088-Black-44,Shoes,Basketball Shoes,Black,44,Core,Active,42.28,79.99,0.471,4,2,1
SKU000881,STY0089,STY0089-White-40,Shoes,Training Shoes,White,40,Core,Active,43.0,79.99,0.462,4,1,1
SKU000882,STY0089,STY0089-White-41,Shoes,Training Shoes,White,41,Core,Active,71.3,129.99,0.451,2,2,1
SKU000883,STY0089,STY0089-White-42,Shoes,Training Shoes,White,42,Core,Active,55.44,129.99,0.574,1,1,1
SKU000884,STY0089,STY0089-White-43,Shoes,Training Shoes,White,43,Core,Active,51.35,109.99,0.533,4,2,1
SKU000885,STY0089,STY0089-White-44,Shoes,Training Shoes,White,44,Core,Active,67.08,129.99,0.484,1,1,1
SKU000886,STY0089,STY0089-Blue-40,Shoes,Training Shoes,Blue,40,Core,Active,42.46,79.99,0.469,4,1,1
SKU000887,STY0089,STY0089-Blue-41,Shoes,Training Shoes,Blue,41,Core,Active,51.31,109.99,0.534,2,2,1
SKU000888,STY0089,STY0089-Blue-42,Shoes,Training Shoes,Blue,42,Core,Active,37.47,79.99,0.532,2,1,1
SKU000889,STY0089,STY0089-Blue-43,Shoes,Training Shoes,Blue,43,Core,Active,37.76,79.99,0.528,2,2,1
SKU000890,STY0089,STY0089-Blue-44,Shoes,Training Shoes,Blue,44,Core,Active,66.25,129.99,0.49,2,2,1
SKU000891,STY0090,STY0090-White-40,Shoes,Training Shoes,White,40,SS26,New,39.01,89.99,0.567,4,2,1
SKU000892,STY0090,STY0090-White-41,Shoes,Training Shoes,White,41,SS26,New,76.22,149.99,0.492,1,2,1
SKU000893,STY0090,STY0090-White-42,Shoes,Training Shoes,White,42,SS26,New,54.94,109.99,0.501,4,1,1
SKU000894,STY0090,STY0090-White-43,Shoes,Training Shoes,White,43,SS26,New,70.15,129.99,0.46,1,2,1
SKU000895,STY0090,STY0090-White-44,Shoes,Training Shoes,White,44,SS26,New,55.37,129.99,0.574,2,2,1
SKU000896,STY0090,STY0090-Orange-40,Shoes,Training Shoes,Orange,40,SS26,New,40.92,79.99,0.488,4,1,1
SKU000897,STY0090,STY0090-Orange-41,Shoes,Training Shoes,Orange,41,SS26,New,53.62,109.99,0.513,4,1,1
SKU000898,STY0090,STY0090-Orange-42,Shoes,Training Shoes,Orange,42,SS26,New,65.78,129.99,0.494,1,2,1
SKU000899,STY0090,STY0090-Orange-43,Shoes,Training Shoes,Orange,43,SS26,New,55.69,109.99,0.494,4,2,1
SKU000900,STY0090,STY0090-Orange-44,Shoes,Training Shoes,Orange,44,SS26,New,47.61,89.99,0.471,4,1,1
SKU000901,STY0091,STY0091-Navy-40,Shoes,Running Shoes,Navy,40,SS26,Markdown,38.67,89.99,0.57,2,2,1
SKU000902,STY0091,STY0091-Navy-41,Shoes,Running Shoes,Navy,41,SS26,Markdown,41.67,89.99,0.537,2,1,1
SKU000903,STY0091,STY0091-Navy-42,Shoes,Running Shoes,Navy,42,SS26,Markdown,67.34,149.99,0.551,4,2,1
SKU000904,STY0091,STY0091-Navy-43,Shoes,Running Shoes,Navy,43,SS26,Markdown,68.4,129.99,0.474,1,2,1
SKU000905,STY0091,STY0091-Navy-44,Shoes,Running Shoes,Navy,44,SS26,Markdown,68.14,129.99,0.476,2,1,1
SKU000906,STY0091,STY0091-Green-40,Shoes,Running Shoes,Green,40,SS26,Markdown,62.15,129.99,0.522,1,2,1
SKU000907,STY0091,STY0091-Green-41,Shoes,Running Shoes,Green,41,SS26,Markdown,34.66,79.99,0.567,2,1,1
SKU000908,STY0091,STY0091-Green-42,Shoes,Running Shoes,Green,42,SS26,Markdown,73.7,149.99,0.509,1,2,1
SKU000909,STY0091,STY0091-Green-43,Shoes,Running Shoes,Green,43,SS26,Markdown,73.96,149.99,0.507,4,2,1
SKU000910,STY0091,STY0091-Green-44,Shoes,Running Shoes,Green,44,SS26,Markdown,51.39,109.99,0.533,1,1,1
SKU000911,STY0092,STY0092-Grey-40,Shoes,Basketball Shoes,Grey,40,SS26,Active,56.43,109.99,0.487,1,1,1
SKU000912,STY0092,STY0092-Grey-41,Shoes,Basketball Shoes,Grey,41,SS26,Active,37.82,89.99,0.58,2,2,1
SKU000913,STY0092,STY0092-Grey-42,Shoes,Basketball Shoes,Grey,42,SS26,Active,73.17,149.99,0.512,4,1,1
SKU000914,STY0092,STY0092-Grey-43,Shoes,Basketball Shoes,Grey,43,SS26,Active,42.92,79.99,0.463,2,1,1
SKU000915,STY0092,STY0092-Grey-44,Shoes,Basketball Shoes,Grey,44,SS26,Active,56.4,129.99,0.566,4,1,1
SKU000916,STY0092,STY0092-Green-40,Shoes,Basketball Shoes,Green,40,SS26,Active,39.21,89.99,0.564,2,1,1
SKU000917,STY0092,STY0092-Green-41,Shoes,Basketball Shoes,Green,41,SS26,Active,68.53,129.99,0.473,1,2,1
SKU000918,STY0092,STY0092-Green-42,Shoes,Basketball Shoes,Green,42,SS26,Active,41.47,79.99,0.482,1,1,1
SKU000919,STY0092,STY0092-Green-43,Shoes,Basketball Shoes,Green,43,SS26,Active,62.33,129.99,0.521,4,1,1
SKU000920,STY0092,STY0092-Green-44,Shoes,Basketball Shoes,Green,44,SS26,Active,54.67,129.99,0.579,4,1,1
SKU000921,STY0093,STY0093-Orange-40,Shoes,Basketball Shoes,Orange,40,SS26,Markdown,66.38,149.99,0.557,1,1,1
SKU000922,STY0093,STY0093-Orange-41,Shoes,Basketball Shoes,Orange,41,SS26,Markdown,65.71,129.99,0.494,4,2,1
SKU000923,STY0093,STY0093-Orange-42,Shoes,Basketball Shoes,Orange,42,SS26,Markdown,80.18,149.99,0.465,2,1,1
SKU000924,STY0093,STY0093-Orange-43,Shoes,Basketball Shoes,Orange,43,SS26,Markdown,51.88,109.99,0.528,2,2,1
SKU000925,STY0093,STY0093-Orange-44,Shoes,Basketball Shoes,Orange,44,SS26,Markdown,68.2,129.99,0.475,1,2,1
SKU000926,STY0093,STY0093-Green-40,Shoes,Basketball Shoes,Green,40,SS26,Markdown,76.65,149.99,0.489,4,2,1
SKU000927,STY0093,STY0093-Green-41,Shoes,Basketball Shoes,Green,41,SS26,Markdown,79.78,149.99,0.468,4,1,1
SKU000928,STY0093,STY0093-Green-42,Shoes,Basketball Shoes,Green,42,SS26,Markdown,40.25,89.99,0.553,4,2,1
SKU000929,STY0093,STY0093-Green-43,Shoes,Basketball Shoes,Green,43,SS26,Markdown,59.37,109.99,0.46,1,1,1
SKU000930,STY0093,STY0093-Green-44,Shoes,Basketball Shoes,Green,44,SS26,Markdown,73.57,149.99,0.51,4,2,1
SKU000931,STY0094,STY0094-Grey-40,Shoes,Running Shoes,Grey,40,Core,Active,65.99,129.99,0.492,4,2,1
SKU000932,STY0094,STY0094-Grey-41,Shoes,Running Shoes,Grey,41,Core,Active,68.26,129.99,0.475,4,1,1
SKU000933,STY0094,STY0094-Grey-42,Shoes,Running Shoes,Grey,42,Core,Active,37.56,79.99,0.53,1,1,1
SKU000934,STY0094,STY0094-Grey-43,Shoes,Running Shoes,Grey,43,Core,Active,40.92,89.99,0.545,1,2,1
SKU000935,STY0094,STY0094-Grey-44,Shoes,Running Shoes,Grey,44,Core,Active,48.29,109.99,0.561,1,2,1
SKU000936,STY0094,STY0094-Green-40,Shoes,Running Shoes,Green,40,Core,Active,46.61,89.99,0.482,1,2,1
SKU000937,STY0094,STY0094-Green-41,Shoes,Running Shoes,Green,41,Core,Active,56.33,129.99,0.567,4,1,1
SKU000938,STY0094,STY0094-Green-42,Shoes,Running Shoes,Green,42,Core,Active,70.58,149.99,0.529,4,2,1
SKU000939,STY0094,STY0094-Green-43,Shoes,Running Shoes,Green,43,Core,Active,43.23,79.99,0.46,2,2,1
SKU000940,STY0094,STY0094-Green-44,Shoes,Running Shoes,Green,44,Core,Active,60.01,109.99,0.454,1,1,1
SKU000941,STY0095,STY0095-Red-40,Shoes,Football Boots,Red,40,FW26,Markdown,68.62,129.99,0.472,4,2,1
SKU000942,STY0095,STY0095-Red-41,Shoes,Football Boots,Red,41,FW26,Markdown,73.65,149.99,0.509,4,1,1
SKU000943,STY0095,STY0095-Red-42,Shoes,Football Boots,Red,42,FW26,Markdown,41.24,89.99,0.542,1,1,1
SKU000944,STY0095,STY0095-Red-43,Shoes,Football Boots,Red,43,FW26,Markdown,49.06,89.99,0.455,4,1,1
SKU000945,STY0095,STY0095-Red-44,Shoes,Football Boots,Red,44,FW26,Markdown,55.28,129.99,0.575,2,2,1
SKU000946,STY0095,STY0095-Green-40,Shoes,Football Boots,Green,40,FW26,Markdown,39.68,89.99,0.559,2,1,1
SKU000947,STY0095,STY0095-Green-41,Shoes,Football Boots,Green,41,FW26,Markdown,52.86,109.99,0.519,1,1,1
SKU000948,STY0095,STY0095-Green-42,Shoes,Football Boots,Green,42,FW26,Markdown,48.66,89.99,0.459,4,1,1
SKU000949,STY0095,STY0095-Green-43,Shoes,Football Boots,Green,43,FW26,Markdown,79.44,149.99,0.47,2,2,1
SKU000950,STY0095,STY0095-Green-44,Shoes,Football Boots,Green,44,FW26,Markdown,73.72,149.99,0.509,1,2,1
SKU000951,STY0096,STY0096-Navy-40,Shoes,Training Shoes,Navy,40,Core,Active,63.77,129.99,0.509,2,1,1
SKU000952,STY0096,STY0096-Navy-41,Shoes,Training Shoes,Navy,41,Core,Active,49.36,109.99,0.551,1,2,1
SKU000953,STY0096,STY0096-Navy-42,Shoes,Training Shoes,Navy,42,Core,Active,51.35,109.99,0.533,1,2,1
SKU000954,STY0096,STY0096-Navy-43,Shoes,Training Shoes,Navy,43,Core,Active,79.06,149.99,0.473,4,1,1
SKU000955,STY0096,STY0096-Navy-44,Shoes,Training Shoes,Navy,44,Core,Active,40.55,79.99,0.493,2,1,1
SKU000956,STY0096,STY0096-Green-40,Shoes,Training Shoes,Green,40,Core,Active,80.91,149.99,0.461,1,1,1
SKU000957,STY0096,STY0096-Green-41,Shoes,Training Shoes,Green,41,Core,Active,51.65,109.99,0.53,1,2,1
SKU000958,STY0096,STY0096-Green-42,Shoes,Training Shoes,Green,42,Core,Active,53.92,109.99,0.51,2,1,1
SKU000959,STY0096,STY0096-Green-43,Shoes,Training Shoes,Green,43,Core,Active,79.03,149.99,0.473,2,2,1
SKU000960,STY0096,STY0096-Green-44,Shoes,Training Shoes,Green,44,Core,Active,55.34,129.99,0.574,4,1,1
SKU000961,STY0097,STY0097-White-40,Shoes,Football Boots,White,40,Core,Exit,73.39,149.99,0.511,4,1,0
SKU000962,STY0097,STY0097-White-41,Shoes,Football Boots,White,41,Core,Exit,45.64,89.99,0.493,1,2,0
SKU000963,STY0097,STY0097-White-42,Shoes,Football Boots,White,42,Core,Exit,35.73,79.99,0.553,4,2,0
SKU000964,STY0097,STY0097-White-43,Shoes,Football Boots,White,43,Core,Exit,41.36,79.99,0.483,1,1,0
SKU000965,STY0097,STY0097-White-44,Shoes,Football Boots,White,44,Core,Exit,66.71,129.99,0.487,1,1,0
SKU000966,STY0097,STY0097-Black-40,Shoes,Football Boots,Black,40,Core,Exit,34.16,79.99,0.573,2,1,0
SKU000967,STY0097,STY0097-Black-41,Shoes,Football Boots,Black,41,Core,Exit,79.02,149.99,0.473,2,2,0
SKU000968,STY0097,STY0097-Black-42,Shoes,Football Boots,Black,42,Core,Exit,62.22,129.99,0.521,2,2,0
SKU000969,STY0097,STY0097-Black-43,Shoes,Football Boots,Black,43,Core,Exit,46.44,109.99,0.578,4,1,0
SKU000970,STY0097,STY0097-Black-44,Shoes,Football Boots,Black,44,Core,Exit,63.11,149.99,0.579,4,1,0
SKU000971,STY0098,STY0098-White-40,Shoes,Running Shoes,White,40,FW26,New,54.87,109.99,0.501,2,2,1
SKU000972,STY0098,STY0098-White-41,Shoes,Running Shoes,White,41,FW26,New,61.27,129.99,0.529,4,1,1
SKU000973,STY0098,STY0098-White-42,Shoes,Running Shoes,White,42,FW26,New,57.24,129.99,0.56,1,1,1
SKU000974,STY0098,STY0098-White-43,Shoes,Running Shoes,White,43,FW26,New,68.06,129.99,0.476,4,2,1
SKU000975,STY0098,STY0098-White-44,Shoes,Running Shoes,White,44,FW26,New,41.28,89.99,0.541,4,2,1
SKU000976,STY0098,STY0098-Navy-40,Shoes,Running Shoes,Navy,40,FW26,New,39.35,79.99,0.508,4,1,1
SKU000977,STY0098,STY0098-Navy-41,Shoes,Running Shoes,Navy,41,FW26,New,34.03,79.99,0.575,4,2,1
SKU000978,STY0098,STY0098-Navy-42,Shoes,Running Shoes,Navy,42,FW26,New,73.67,149.99,0.509,1,2,1
SKU000979,STY0098,STY0098-Navy-43,Shoes,Running Shoes,Navy,43,FW26,New,46.55,89.99,0.483,4,2,1
SKU000980,STY0098,STY0098-Navy-44,Shoes,Running Shoes,Navy,44,FW26,New,42.62,89.99,0.526,4,1,1
SKU000981,STY0099,STY0099-Navy-40,Shoes,Training Shoes,Navy,40,SS26,Active,35.48,79.99,0.556,4,1,1
SKU000982,STY0099,STY0099-Navy-41,Shoes,Training Shoes,Navy,41,SS26,Active,71.99,149.99,0.52,4,1,1
SKU000983,STY0099,STY0099-Navy-42,Shoes,Training Shoes,Navy,42,SS26,Active,55.8,109.99,0.493,2,1,1
SKU000984,STY0099,STY0099-Navy-43,Shoes,Training Shoes,Navy,43,SS26,Active,46.28,89.99,0.486,2,2,1
SKU000985,STY0099,STY0099-Navy-44,Shoes,Training Shoes,Navy,44,SS26,Active,48.03,109.99,0.563,4,1,1
SKU000986,STY0099,STY0099-White-40,Shoes,Training Shoes,White,40,SS26,Active,36.56,79.99,0.543,1,1,1
SKU000987,STY0099,STY0099-White-41,Shoes,Training Shoes,White,41,SS26,Active,53.14,109.99,0.517,2,2,1
SKU000988,STY0099,STY0099-White-42,Shoes,Training Shoes,White,42,SS26,Active,65.97,149.99,0.56,4,2,1
SKU000989,STY0099,STY0099-White-43,Shoes,Training Shoes,White,43,SS26,Active,59.9,109.99,0.455,1,1,1
SKU000990,STY0099,STY0099-White-44,Shoes,Training Shoes,White,44,SS26,Active,49.72,109.99,0.548,1,2,1
SKU000991,STY0100,STY0100-Grey-40,Shoes,Football Boots,Grey,40,SS26,Active,62.42,129.99,0.52,2,2,1
SKU000992,STY0100,STY0100-Grey-41,Shoes,Football Boots,Grey,41,SS26,Active,63.92,129.99,0.508,1,1,1
SKU000993,STY0100,STY0100-Grey-42,Shoes,Football Boots,Grey,42,SS26,Active,58.47,109.99,0.468,1,1,1
SKU000994,STY0100,STY0100-Grey-43,Shoes,Football Boots,Grey,43,SS26,Active,56.68,109.99,0.485,4,1,1
SKU000995,STY0100,STY0100-Grey-44,Shoes,Football Boots,Grey,44,SS26,Active,42.87,79.99,0.464,4,1,1
SKU000996,STY0100,STY0100-White-40,Shoes,Football Boots,White,40,SS26,Active,74.28,149.99,0.505,4,1,1
SKU000997,STY0100,STY0100-White-41,Shoes,Football Boots,White,41,SS26,Active,39.33,79.99,0.508,4,2,1
SKU000998,STY0100,STY0100-White-42,Shoes,Football Boots,White,42,SS26,Active,42.08,89.99,0.532,1,2,1
SKU000999,STY0100,STY0100-White-43,Shoes,Football Boots,White,43,SS26,Active,43.23,89.99,0.52,4,1,1
SKU001000,STY0100,STY0100-White-44,Shoes,Football Boots,White,44,SS26,Active,60.74,129.99,0.533,1,1,1
SKU001001,STY0101,STY0101-Navy-40,Shoes,Training Shoes,Navy,40,Core,Active,75.85,149.99,0.494,1,2,1
SKU001002,STY0101,STY0101-Navy-41,Shoes,Training Shoes,Navy,41,Core,Active,46.77,109.99,0.575,2,1,1
SKU001003,STY0101,STY0101-Navy-42,Shoes,Training Shoes,Navy,42,Core,Active,36.34,79.99,0.546,1,1,1
SKU001004,STY0101,STY0101-Navy-43,Shoes,Training Shoes,Navy,43,Core,Active,43.85,89.99,0.513,2,2,1
SKU001005,STY0101,STY0101-Navy-44,Shoes,Training Shoes,Navy,44,Core,Active,70.11,129.99,0.461,1,1,1
SKU001006,STY0101,STY0101-Red-40,Shoes,Training Shoes,Red,40,Core,Active,47.67,109.99,0.567,4,2,1
SKU001007,STY0101,STY0101-Red-41,Shoes,Training Shoes,Red,41,Core,Active,54.47,109.99,0.505,4,1,1
SKU001008,STY0101,STY0101-Red-42,Shoes,Training Shoes,Red,42,Core,Active,65.64,129.99,0.495,2,1,1
SKU001009,STY0101,STY0101-Red-43,Shoes,Training Shoes,Red,43,Core,Active,67.9,149.99,0.547,1,2,1
SKU001010,STY0101,STY0101-Red-44,Shoes,Training Shoes,Red,44,Core,Active,57.88,109.99,0.474,2,2,1
SKU001011,STY0102,STY0102-Black-40,Shoes,Basketball Shoes,Black,40,FW26,Active,38.7,89.99,0.57,4,2,1
SKU001012,STY0102,STY0102-Black-41,Shoes,Basketball Shoes,Black,41,FW26,Active,39.55,89.99,0.561,1,2,1
SKU001013,STY0102,STY0102-Black-42,Shoes,Basketball Shoes,Black,42,FW26,Active,76.98,149.99,0.487,1,1,1
SKU001014,STY0102,STY0102-Black-43,Shoes,Basketball Shoes,Black,43,FW26,Active,68.3,129.99,0.475,4,1,1
SKU001015,STY0102,STY0102-Black-44,Shoes,Basketball Shoes,Black,44,FW26,Active,66.01,129.99,0.492,2,1,1
SKU001016,STY0102,STY0102-Green-40,Shoes,Basketball Shoes,Green,40,FW26,Active,66.14,149.99,0.559,2,1,1
SKU001017,STY0102,STY0102-Green-41,Shoes,Basketball Shoes,Green,41,FW26,Active,38.3,89.99,0.574,4,1,1
SKU001018,STY0102,STY0102-Green-42,Shoes,Basketball Shoes,Green,42,FW26,Active,45.16,89.99,0.498,1,1,1
SKU001019,STY0102,STY0102-Green-43,Shoes,Basketball Shoes,Green,43,FW26,Active,35.33,79.99,0.558,1,2,1
SKU001020,STY0102,STY0102-Green-44,Shoes,Basketball Shoes,Green,44,FW26,Active,81.89,149.99,0.454,4,1,1
SKU001021,STY0103,STY0103-White-40,Shoes,Football Boots,White,40,Core,Exit,57.48,129.99,0.558,2,1,0
SKU001022,STY0103,STY0103-White-41,Shoes,Football Boots,White,41,Core,Exit,78.99,149.99,0.473,1,2,0
SKU001023,STY0103,STY0103-White-42,Shoes,Football Boots,White,42,Core,Exit,46.27,89.99,0.486,2,2,0
SKU001024,STY0103,STY0103-White-43,Shoes,Football Boots,White,43,Core,Exit,74.51,149.99,0.503,1,2,0
SKU001025,STY0103,STY0103-White-44,Shoes,Football Boots,White,44,Core,Exit,56.83,129.99,0.563,1,1,0
SKU001026,STY0103,STY0103-Orange-40,Shoes,Football Boots,Orange,40,Core,Exit,79.76,149.99,0.468,4,2,0
SKU001027,STY0103,STY0103-Orange-41,Shoes,Football Boots,Orange,41,Core,Exit,44.88,89.99,0.501,1,2,0
SKU001028,STY0103,STY0103-Orange-42,Shoes,Football Boots,Orange,42,Core,Exit,74.69,149.99,0.502,4,1,0
SKU001029,STY0103,STY0103-Orange-43,Shoes,Football Boots,Orange,43,Core,Exit,38.61,79.99,0.517,1,1,0
SKU001030,STY0103,STY0103-Orange-44,Shoes,Football Boots,Orange,44,Core,Exit,63.42,129.99,0.512,2,1,0
SKU001031,STY0104,STY0104-Red-40,Shoes,Basketball Shoes,Red,40,Core,Active,54.62,109.99,0.503,4,1,1
SKU001032,STY0104,STY0104-Red-41,Shoes,Basketball Shoes,Red,41,Core,Active,56.86,129.99,0.563,2,1,1
SKU001033,STY0104,STY0104-Red-42,Shoes,Basketball Shoes,Red,42,Core,Active,36.54,79.99,0.543,4,2,1
SKU001034,STY0104,STY0104-Red-43,Shoes,Basketball Shoes,Red,43,Core,Active,48.9,109.99,0.555,4,1,1
SKU001035,STY0104,STY0104-Red-44,Shoes,Basketball Shoes,Red,44,Core,Active,73.18,149.99,0.512,4,1,1
SKU001036,STY0104,STY0104-Blue-40,Shoes,Basketball Shoes,Blue,40,Core,Active,65.66,129.99,0.495,4,2,1
SKU001037,STY0104,STY0104-Blue-41,Shoes,Basketball Shoes,Blue,41,Core,Active,60.72,129.99,0.533,1,2,1
SKU001038,STY0104,STY0104-Blue-42,Shoes,Basketball Shoes,Blue,42,Core,Active,67.94,149.99,0.547,4,2,1
SKU001039,STY0104,STY0104-Blue-43,Shoes,Basketball Shoes,Blue,43,Core,Active,70.13,149.99,0.532,2,2,1
SKU001040,STY0104,STY0104-Blue-44,Shoes,Basketball Shoes,Blue,44,Core,Active,42.63,89.99,0.526,4,2,1
SKU001041,STY0105,STY0105-Grey-40,Shoes,Training Shoes,Grey,40,SS26,Active,54.46,109.99,0.505,4,2,1
SKU001042,STY0105,STY0105-Grey-41,Shoes,Training Shoes,Grey,41,SS26,Active,47.8,89.99,0.469,4,1,1
SKU001043,STY0105,STY0105-Grey-42,Shoes,Training Shoes,Grey,42,SS26,Active,43.02,89.99,0.522,4,1,1
SKU001044,STY0105,STY0105-Grey-43,Shoes,Training Shoes,Grey,43,SS26,Active,35.83,79.99,0.552,2,2,1
SKU001045,STY0105,STY0105-Grey-44,Shoes,Training Shoes,Grey,44,SS26,Active,74.97,149.99,0.5,4,1,1
SKU001046,STY0105,STY0105-Green-40,Shoes,Training Shoes,Green,40,SS26,Active,42.35,89.99,0.529,4,1,1
SKU001047,STY0105,STY0105-Green-41,Shoes,Training Shoes,Green,41,SS26,Active,42.16,79.99,0.473,2,2,1
SKU001048,STY0105,STY0105-Green-42,Shoes,Training Shoes,Green,42,SS26,Active,34.26,79.99,0.572,1,2,1
SKU001049,STY0105,STY0105-Green-43,Shoes,Training Shoes,Green,43,SS26,Active,39.93,79.99,0.501,4,2,1
SKU001050,STY0105,STY0105-Green-44,Shoes,Training Shoes,Green,44,SS26,Active,64.97,129.99,0.5,4,2,1
SKU001051,STY0106,STY0106-Navy-40,Shoes,Running Shoes,Navy,40,Core,New,68.57,149.99,0.543,1,1,1
SKU001052,STY0106,STY0106-Navy-41,Shoes,Running Shoes,Navy,41,Core,New,66.3,149.99,0.558,1,2,1
SKU001053,STY0106,STY0106-Navy-42,Shoes,Running Shoes,Navy,42,Core,New,45.46,89.99,0.495,1,1,1
SKU001054,STY0106,STY0106-Navy-43,Shoes,Running Shoes,Navy,43,Core,New,57.34,109.99,0.479,2,2,1
SKU001055,STY0106,STY0106-Navy-44,Shoes,Running Shoes,Navy,44,Core,New,64.5,129.99,0.504,4,1,1
SKU001056,STY0106,STY0106-Grey-40,Shoes,Running Shoes,Grey,40,Core,New,43.15,79.99,0.461,4,2,1
SKU001057,STY0106,STY0106-Grey-41,Shoes,Running Shoes,Grey,41,Core,New,80.84,149.99,0.461,2,2,1
SKU001058,STY0106,STY0106-Grey-42,Shoes,Running Shoes,Grey,42,Core,New,49.43,109.99,0.551,1,2,1
SKU001059,STY0106,STY0106-Grey-43,Shoes,Running Shoes,Grey,43,Core,New,64.31,129.99,0.505,2,1,1
SKU001060,STY0106,STY0106-Grey-44,Shoes,Running Shoes,Grey,44,Core,New,63.15,129.99,0.514,4,1,1
SKU001061,STY0107,STY0107-Grey-40,Shoes,Football Boots,Grey,40,SS26,Exit,78.85,149.99,0.474,4,2,0
SKU001062,STY0107,STY0107-Grey-41,Shoes,Football Boots,Grey,41,SS26,Exit,70.92,129.99,0.454,4,2,0
SKU001063,STY0107,STY0107-Grey-42,Shoes,Football Boots,Grey,42,SS26,Exit,46.66,89.99,0.481,2,2,0
SKU001064,STY0107,STY0107-Grey-43,Shoes,Football Boots,Grey,43,SS26,Exit,79.8,149.99,0.468,2,1,0
SKU001065,STY0107,STY0107-Grey-44,Shoes,Football Boots,Grey,44,SS26,Exit,47.16,109.99,0.571,4,1,0
SKU001066,STY0107,STY0107-Black-40,Shoes,Football Boots,Black,40,SS26,Exit,47.16,89.99,0.476,2,2,0
SKU001067,STY0107,STY0107-Black-41,Shoes,Football Boots,Black,41,SS26,Exit,73.44,149.99,0.51,4,2,0
SKU001068,STY0107,STY0107-Black-42,Shoes,Football Boots,Black,42,SS26,Exit,41.16,89.99,0.543,2,2,0
SKU001069,STY0107,STY0107-Black-43,Shoes,Football Boots,Black,43,SS26,Exit,39.36,79.99,0.508,1,2,0
SKU001070,STY0107,STY0107-Black-44,Shoes,Football Boots,Black,44,SS26,Exit,51.25,109.99,0.534,4,2,0
SKU001071,STY0108,STY0108-Red-40,Shoes,Training Shoes,Red,40,SS26,Active,48.01,89.99,0.466,1,1,1
SKU001072,STY0108,STY0108-Red-41,Shoes,Training Shoes,Red,41,SS26,Active,47.56,89.99,0.471,4,2,1
SKU001073,STY0108,STY0108-Red-42,Shoes,Training Shoes,Red,42,SS26,Active,46.91,89.99,0.479,1,1,1
SKU001074,STY0108,STY0108-Red-43,Shoes,Training Shoes,Red,43,SS26,Active,64.97,129.99,0.5,4,1,1
SKU001075,STY0108,STY0108-Red-44,Shoes,Training Shoes,Red,44,SS26,Active,60.87,129.99,0.532,2,2,1
SKU001076,STY0108,STY0108-Orange-40,Shoes,Training Shoes,Orange,40,SS26,Active,79.94,149.99,0.467,2,1,1
SKU001077,STY0108,STY0108-Orange-41,Shoes,Training Shoes,Orange,41,SS26,Active,68.46,149.99,0.544,1,1,1
SKU001078,STY0108,STY0108-Orange-42,Shoes,Training Shoes,Orange,42,SS26,Active,39.06,79.99,0.512,2,2,1
SKU001079,STY0108,STY0108-Orange-43,Shoes,Training Shoes,Orange,43,SS26,Active,63.63,149.99,0.576,2,2,1
SKU001080,STY0108,STY0108-Orange-44,Shoes,Training Shoes,Orange,44,SS26,Active,43.14,89.99,0.521,1,2,1
SKU001081,STY0109,STY0109-Black-40,Shoes,Football Boots,Black,40,SS26,Active,36.98,79.99,0.538,4,2,1
SKU001082,STY0109,STY0109-Black-41,Shoes,Football Boots,Black,41,SS26,Active,44.21,89.99,0.509,1,2,1
SKU001083,STY0109,STY0109-Black-42,Shoes,Football Boots,Black,42,SS26,Active,70.79,129.99,0.455,2,2,1
SKU001084,STY0109,STY0109-Black-43,Shoes,Football Boots,Black,43,SS26,Active,43.63,89.99,0.515,1,2,1
SKU001085,STY0109,STY0109-Black-44,Shoes,Football Boots,Black,44,SS26,Active,51.42,109.99,0.533,2,2,1
SKU001086,STY0109,STY0109-Orange-40,Shoes,Football Boots,Orange,40,SS26,Active,57.64,129.99,0.557,1,1,1
SKU001087,STY0109,STY0109-Orange-41,Shoes,Football Boots,Orange,41,SS26,Active,41.09,79.99,0.486,1,2,1
SKU001088,STY0109,STY0109-Orange-42,Shoes,Football Boots,Orange,42,SS26,Active,57.91,129.99,0.555,4,1,1
SKU001089,STY0109,STY0109-Orange-43,Shoes,Football Boots,Orange,43,SS26,Active,68.21,129.99,0.475,1,2,1
SKU001090,STY0109,STY0109-Orange-44,Shoes,Football Boots,Orange,44,SS26,Active,56.87,129.99,0.563,4,2,1
SKU001091,STY0110,STY0110-Green-40,Shoes,Basketball Shoes,Green,40,SS26,Active,56.27,129.99,0.567,1,1,1
SKU001092,STY0110,STY0110-Green-41,Shoes,Basketball Shoes,Green,41,SS26,Active,47.32,89.99,0.474,2,1,1
SKU001093,STY0110,STY0110-Green-42,Shoes,Basketball Shoes,Green,42,SS26,Active,67.18,129.99,0.483,2,2,1
SKU001094,STY0110,STY0110-Green-43,Shoes,Basketball Shoes,Green,43,SS26,Active,54.21,109.99,0.507,2,2,1
SKU001095,STY0110,STY0110-Green-44,Shoes,Basketball Shoes,Green,44,SS26,Active,37.88,79.99,0.526,2,1,1
SKU001096,STY0110,STY0110-Navy-40,Shoes,Basketball Shoes,Navy,40,SS26,Active,74.22,149.99,0.505,4,1,1
SKU001097,STY0110,STY0110-Navy-41,Shoes,Basketball Shoes,Navy,41,SS26,Active,51.27,109.99,0.534,4,2,1
SKU001098,STY0110,STY0110-Navy-42,Shoes,Basketball Shoes,Navy,42,SS26,Active,69.63,129.99,0.464,2,2,1
SKU001099,STY0110,STY0110-Navy-43,Shoes,Basketball Shoes,Navy,43,SS26,Active,65.27,129.99,0.498,1,1,1
SKU001100,STY0110,STY0110-Navy-44,Shoes,Basketball Shoes,Navy,44,SS26,Active,52.23,109.99,0.525,4,2,1
SKU001101,STY0111,STY0111-White-40,Shoes,Running Shoes,White,40,Core,Active,56.35,109.99,0.488,4,2,1
SKU001102,STY0111,STY0111-White-41,Shoes,Running Shoes,White,41,Core,Active,58.89,109.99,0.465,2,2,1
SKU001103,STY0111,STY0111-White-42,Shoes,Running Shoes,White,42,Core,Active,57.42,129.99,0.558,1,1,1
SKU001104,STY0111,STY0111-White-43,Shoes,Running Shoes,White,43,Core,Active,45.54,89.99,0.494,4,1,1
SKU001105,STY0111,STY0111-White-44,Shoes,Running Shoes,White,44,Core,Active,39.75,89.99,0.558,1,1,1
SKU001106,STY0111,STY0111-Orange-40,Shoes,Running Shoes,Orange,40,Core,Active,43.34,79.99,0.458,2,1,1
SKU001107,STY0111,STY0111-Orange-41,Shoes,Running Shoes,Orange,41,Core,Active,41.61,79.99,0.48,4,1,1
SKU001108,STY0111,STY0111-Orange-42,Shoes,Running Shoes,Orange,42,Core,Active,36.32,79.99,0.546,1,1,1
SKU001109,STY0111,STY0111-Orange-43,Shoes,Running Shoes,Orange,43,Core,Active,59.82,129.99,0.54,1,2,1
SKU001110,STY0111,STY0111-Orange-44,Shoes,Running Shoes,Orange,44,Core,Active,65.18,129.99,0.499,1,1,1
SKU001111,STY0112,STY0112-Black-40,Shoes,Running Shoes,Black,40,Core,Markdown,62.49,129.99,0.519,4,2,1
SKU001112,STY0112,STY0112-Black-41,Shoes,Running Shoes,Black,41,Core,Markdown,71.67,149.99,0.522,4,1,1
SKU001113,STY0112,STY0112-Black-42,Shoes,Running Shoes,Black,42,Core,Markdown,74.65,149.99,0.502,4,2,1
SKU001114,STY0112,STY0112-Black-43,Shoes,Running Shoes,Black,43,Core,Markdown,75.47,149.99,0.497,4,2,1
SKU001115,STY0112,STY0112-Black-44,Shoes,Running Shoes,Black,44,Core,Markdown,53.08,109.99,0.517,1,1,1
SKU001116,STY0112,STY0112-Grey-40,Shoes,Running Shoes,Grey,40,Core,Markdown,59.8,129.99,0.54,2,2,1
SKU001117,STY0112,STY0112-Grey-41,Shoes,Running Shoes,Grey,41,Core,Markdown,41.35,89.99,0.541,1,1,1
SKU001118,STY0112,STY0112-Grey-42,Shoes,Running Shoes,Grey,42,Core,Markdown,50.3,109.99,0.543,4,1,1
SKU001119,STY0112,STY0112-Grey-43,Shoes,Running Shoes,Grey,43,Core,Markdown,70.6,129.99,0.457,2,2,1
SKU001120,STY0112,STY0112-Grey-44,Shoes,Running Shoes,Grey,44,Core,Markdown,41.56,79.99,0.48,2,1,1
SKU001121,STY0113,STY0113-Grey-40,Shoes,Running Shoes,Grey,40,Core,Active,58.82,129.99,0.548,4,2,1
SKU001122,STY0113,STY0113-Grey-41,Shoes,Running Shoes,Grey,41,Core,Active,58.32,129.99,0.551,1,2,1
SKU001123,STY0113,STY0113-Grey-42,Shoes,Running Shoes,Grey,42,Core,Active,43.84,89.99,0.513,4,2,1
SKU001124,STY0113,STY0113-Grey-43,Shoes,Running Shoes,Grey,43,Core,Active,55.47,109.99,0.496,4,2,1
SKU001125,STY0113,STY0113-Grey-44,Shoes,Running Shoes,Grey,44,Core,Active,57.77,129.99,0.556,1,1,1
SKU001126,STY0113,STY0113-White-40,Shoes,Running Shoes,White,40,Core,Active,41.18,89.99,0.542,4,2,1
SKU001127,STY0113,STY0113-White-41,Shoes,Running Shoes,White,41,Core,Active,71.82,149.99,0.521,4,2,1
SKU001128,STY0113,STY0113-White-42,Shoes,Running Shoes,White,42,Core,Active,41.55,89.99,0.538,1,1,1
SKU001129,STY0113,STY0113-White-43,Shoes,Running Shoes,White,43,Core,Active,63.43,149.99,0.577,1,2,1
SKU001130,STY0113,STY0113-White-44,Shoes,Running Shoes,White,44,Core,Active,47.98,109.99,0.564,2,1,1
SKU001131,STY0114,STY0114-White-40,Shoes,Training Shoes,White,40,Core,Active,59.86,129.99,0.54,2,2,1
SKU001132,STY0114,STY0114-White-41,Shoes,Training Shoes,White,41,Core,Active,66.37,129.99,0.489,1,2,1
SKU001133,STY0114,STY0114-White-42,Shoes,Training Shoes,White,42,Core,Active,42.37,79.99,0.47,1,1,1
SKU001134,STY0114,STY0114-White-43,Shoes,Training Shoes,White,43,Core,Active,57.29,109.99,0.479,1,2,1
SKU001135,STY0114,STY0114-White-44,Shoes,Training Shoes,White,44,Core,Active,40.04,89.99,0.555,2,2,1
SKU001136,STY0114,STY0114-Orange-40,Shoes,Training Shoes,Orange,40,Core,Active,34.86,79.99,0.564,4,1,1
SKU001137,STY0114,STY0114-Orange-41,Shoes,Training Shoes,Orange,41,Core,Active,67.63,129.99,0.48,2,1,1
SKU001138,STY0114,STY0114-Orange-42,Shoes,Training Shoes,Orange,42,Core,Active,35.67,79.99,0.554,4,1,1
SKU001139,STY0114,STY0114-Orange-43,Shoes,Training Shoes,Orange,43,Core,Active,75.98,149.99,0.493,1,2,1
SKU001140,STY0114,STY0114-Orange-44,Shoes,Training Shoes,Orange,44,Core,Active,66.11,129.99,0.491,2,2,1
SKU001141,STY0115,STY0115-Black-40,Shoes,Training Shoes,Black,40,FW26,Active,53.08,109.99,0.517,2,1,1
SKU001142,STY0115,STY0115-Black-41,Shoes,Training Shoes,Black,41,FW26,Active,58.89,109.99,0.465,4,1,1
SKU001143,STY0115,STY0115-Black-42,Shoes,Training Shoes,Black,42,FW26,Active,36.05,79.99,0.549,2,2,1
SKU001144,STY0115,STY0115-Black-43,Shoes,Training Shoes,Black,43,FW26,Active,35.34,79.99,0.558,2,1,1
SKU001145,STY0115,STY0115-Black-44,Shoes,Training Shoes,Black,44,FW26,Active,67.93,129.99,0.477,1,1,1
SKU001146,STY0115,STY0115-Grey-40,Shoes,Training Shoes,Grey,40,FW26,Active,78.27,149.99,0.478,2,1,1
SKU001147,STY0115,STY0115-Grey-41,Shoes,Training Shoes,Grey,41,FW26,Active,57.22,109.99,0.48,1,1,1
SKU001148,STY0115,STY0115-Grey-42,Shoes,Training Shoes,Grey,42,FW26,Active,56.14,129.99,0.568,4,2,1
SKU001149,STY0115,STY0115-Grey-43,Shoes,Training Shoes,Grey,43,FW26,Active,34.22,79.99,0.572,4,1,1
SKU001150,STY0115,STY0115-Grey-44,Shoes,Training Shoes,Grey,44,FW26,Active,78.43,149.99,0.477,1,2,1
SKU001151,STY0116,STY0116-Grey-40,Shoes,Training Shoes,Grey,40,SS26,Active,66.99,129.99,0.485,1,2,1
SKU001152,STY0116,STY0116-Grey-41,Shoes,Training Shoes,Grey,41,SS26,Active,56.55,109.99,0.486,2,1,1
SKU001153,STY0116,STY0116-Grey-42,Shoes,Training Shoes,Grey,42,SS26,Active,66.54,129.99,0.488,4,2,1
SKU001154,STY0116,STY0116-Grey-43,Shoes,Training Shoes,Grey,43,SS26,Active,76.59,149.99,0.489,1,1,1
SKU001155,STY0116,STY0116-Grey-44,Shoes,Training Shoes,Grey,44,SS26,Active,69.77,149.99,0.535,4,2,1
SKU001156,STY0116,STY0116-Green-40,Shoes,Training Shoes,Green,40,SS26,Active,58.6,109.99,0.467,4,1,1
SKU001157,STY0116,STY0116-Green-41,Shoes,Training Shoes,Green,41,SS26,Active,39.12,79.99,0.511,2,2,1
SKU001158,STY0116,STY0116-Green-42,Shoes,Training Shoes,Green,42,SS26,Active,53.94,109.99,0.51,2,1,1
SKU001159,STY0116,STY0116-Green-43,Shoes,Training Shoes,Green,43,SS26,Active,70.39,149.99,0.531,1,1,1
SKU001160,STY0116,STY0116-Green-44,Shoes,Training Shoes,Green,44,SS26,Active,79.7,149.99,0.469,4,1,1
SKU001161,STY0117,STY0117-White-40,Shoes,Football Boots,White,40,FW26,Active,43.93,89.99,0.512,2,1,1
SKU001162,STY0117,STY0117-White-41,Shoes,Football Boots,White,41,FW26,Active,68.52,149.99,0.543,2,2,1
SKU001163,STY0117,STY0117-White-42,Shoes,Football Boots,White,42,FW26,Active,34.6,79.99,0.567,4,1,1
SKU001164,STY0117,STY0117-White-43,Shoes,Football Boots,White,43,FW26,Active,42.28,79.99,0.471,1,1,1
SKU001165,STY0117,STY0117-White-44,Shoes,Football Boots,White,44,FW26,Active,35.7,79.99,0.554,2,1,1
SKU001166,STY0117,STY0117-Grey-40,Shoes,Football Boots,Grey,40,FW26,Active,33.93,79.99,0.576,4,2,1
SKU001167,STY0117,STY0117-Grey-41,Shoes,Football Boots,Grey,41,FW26,Active,63.48,129.99,0.512,4,2,1
SKU001168,STY0117,STY0117-Grey-42,Shoes,Football Boots,Grey,42,FW26,Active,37.41,79.99,0.532,4,1,1
SKU001169,STY0117,STY0117-Grey-43,Shoes,Football Boots,Grey,43,FW26,Active,43.27,79.99,0.459,1,2,1
SKU001170,STY0117,STY0117-Grey-44,Shoes,Football Boots,Grey,44,FW26,Active,38.46,79.99,0.519,4,1,1
SKU001171,STY0118,STY0118-Blue-40,Shoes,Football Boots,Blue,40,Core,Active,68.18,149.99,0.545,1,1,1
SKU001172,STY0118,STY0118-Blue-41,Shoes,Football Boots,Blue,41,Core,Active,47.31,109.99,0.57,1,1,1
SKU001173,STY0118,STY0118-Blue-42,Shoes,Football Boots,Blue,42,Core,Active,41.14,79.99,0.486,4,2,1
SKU001174,STY0118,STY0118-Blue-43,Shoes,Football Boots,Blue,43,Core,Active,40.06,89.99,0.555,4,1,1
SKU001175,STY0118,STY0118-Blue-44,Shoes,Football Boots,Blue,44,Core,Active,75.19,149.99,0.499,1,2,1
SKU001176,STY0118,STY0118-Orange-40,Shoes,Football Boots,Orange,40,Core,Active,41.56,79.99,0.48,4,2,1
SKU001177,STY0118,STY0118-Orange-41,Shoes,Football Boots,Orange,41,Core,Active,66.47,129.99,0.489,2,1,1
SKU001178,STY0118,STY0118-Orange-42,Shoes,Football Boots,Orange,42,Core,Active,47.07,89.99,0.477,4,2,1
SKU001179,STY0118,STY0118-Orange-43,Shoes,Football Boots,Orange,43,Core,Active,69.58,149.99,0.536,1,2,1
SKU001180,STY0118,STY0118-Orange-44,Shoes,Football Boots,Orange,44,Core,Active,59.1,109.99,0.463,4,2,1
SKU001181,STY0119,STY0119-Blue-40,Shoes,Football Boots,Blue,40,SS26,Active,54.9,109.99,0.501,4,1,1
SKU001182,STY0119,STY0119-Blue-41,Shoes,Football Boots,Blue,41,SS26,Active,67.54,129.99,0.48,4,2,1
SKU001183,STY0119,STY0119-Blue-42,Shoes,Football Boots,Blue,42,SS26,Active,59.95,109.99,0.455,2,2,1
SKU001184,STY0119,STY0119-Blue-43,Shoes,Football Boots,Blue,43,SS26,Active,41.15,79.99,0.486,2,1,1
SKU001185,STY0119,STY0119-Blue-44,Shoes,Football Boots,Blue,44,SS26,Active,65.63,149.99,0.562,2,1,1
SKU001186,STY0119,STY0119-Orange-40,Shoes,Football Boots,Orange,40,SS26,Active,60.27,109.99,0.452,1,2,1
SKU001187,STY0119,STY0119-Orange-41,Shoes,Football Boots,Orange,41,SS26,Active,41.62,79.99,0.48,4,2,1
SKU001188,STY0119,STY0119-Orange-42,Shoes,Football Boots,Orange,42,SS26,Active,72.96,149.99,0.514,4,1,1
SKU001189,STY0119,STY0119-Orange-43,Shoes,Football Boots,Orange,43,SS26,Active,33.99,79.99,0.575,2,1,1
SKU001190,STY0119,STY0119-Orange-44,Shoes,Football Boots,Orange,44,SS26,Active,40.9,89.99,0.546,4,1,1
SKU001191,STY0120,STY0120-Green-40,Shoes,Training Shoes,Green,40,Core,Active,80.89,149.99,0.461,4,1,1
SKU001192,STY0120,STY0120-Green-41,Shoes,Training Shoes,Green,41,Core,Active,57.53,109.99,0.477,1,2,1
SKU001193,STY0120,STY0120-Green-42,Shoes,Training Shoes,Green,42,Core,Active,78.98,149.99,0.473,1,2,1
SKU001194,STY0120,STY0120-Green-43,Shoes,Training Shoes,Green,43,Core,Active,41.2,79.99,0.485,4,2,1
SKU001195,STY0120,STY0120-Green-44,Shoes,Training Shoes,Green,44,Core,Active,41.71,79.99,0.479,2,2,1
SKU001196,STY0120,STY0120-Blue-40,Shoes,Training Shoes,Blue,40,Core,Active,61.63,129.99,0.526,1,1,1
SKU001197,STY0120,STY0120-Blue-41,Shoes,Training Shoes,Blue,41,Core,Active,81.1,149.99,0.459,4,2,1
SKU001198,STY0120,STY0120-Blue-42,Shoes,Training Shoes,Blue,42,Core,Active,36.77,79.99,0.54,1,2,1
SKU001199,STY0120,STY0120-Blue-43,Shoes,Training Shoes,Blue,43,Core,Active,74.01,149.99,0.507,2,1,1
SKU001200,STY0120,STY0120-Blue-44,Shoes,Training Shoes,Blue,44,Core,Active,38.39,89.99,0.573,4,2,1
