date,store_id,sku_id,sales_units,data_origin
2026-04-17,001,1,2,synthetic_fixture
2026-04-18,001,1,3,synthetic_fixture
2026-04-19,001,1,2,synthetic_fixture
2026-04-20,001,1,2,synthetic_fixture
2026-04-21,001,1,2,synthetic_fixture
2026-04-22,001,1,3,synthetic_fixture
2026-04-23,001,1,3,synthetic_fixture
2026-04-24,001,1,3,synthetic_fixture
2026-04-25,001,1,3,synthetic_fixture
2026-04-26,001,1,2,synthetic_fixture
2026-04-27,001,1,3,synthetic_fixture
2026-04-28,001,1,2,synthetic_fixture
2026-04-29,001,1,2,synthetic_fixture
2026-04-30,001,1,3,synthetic_fixture
2026-05-01,001,1,3,synthetic_fixture
2026-05-02,001,1,2,synthetic_fixture
2026-05-03,001,1,2,synthetic_fixture
2026-05-04,001,1,2,synthetic_fixture
2026-05-05,001,1,2,synthetic_fixture
2026-05-06,001,1,3,synthetic_fixture
2026-05-07,001,1,3,synthetic_fixture
2026-05-08,001,1,2,synthetic_fixture
2026-05-09,001,1,2,synthetic_fixture
2026-05-10,001,1,2,synthetic_fixture
2026-05-11,001,1,2,synthetic_fixture
2026-05-12,001,1,3,synthetic_fixture
2026-05-13,001,1,2,synthetic_fixture
2026-05-14,001,1,3,synthetic_fixture
2026-04-17,001,2,5,synthetic_fixture
2026-04-18,001,2,4,synthetic_fixture
2026-04-19,001,2,6,synthetic_fixture
2026-04-20,001,2,3,synthetic_fixture
2026-04-21,001,2,4,synthetic_fixture
2026-04-22,001,2,4,synthetic_fixture
2026-04-23,001,2,4,synthetic_fixture
2026-04-24,001,2,4,synthetic_fixture
2026-04-25,001,2,3,synthetic_fixture
2026-04-26,001,2,4,synthetic_fixture
2026-04-27,001,2,5,synthetic_fixture
2026-04-28,001,2,3,synthetic_fixture
2026-04-29,001,2,6,synthetic_fixture
2026-04-30,001,2,6,synthetic_fixture
2026-05-01,001,2,4,synthetic_fixture
2026-05-02,001,2,4,synthetic_fixture
2026-05-03,001,2,5,synthetic_fixture
2026-05-04,001,2,4,synthetic_fixture
2026-05-05,001,2,3,synthetic_fixture
2026-05-06,001,2,5,synthetic_fixture
2026-05-07,001,2,6,synthetic_fixture
2026-05-08,001,2,5,synthetic_fixture
2026-05-09,001,2,4,synthetic_fixture
2026-05-10,001,2,5,synthetic_fixture
2026-05-11,001,2,4,synthetic_fixture
2026-05-12,001,2,5,synthetic_fixture
2026-05-13,001,2,5,synthetic_fixture
2026-05-14,001,2,4,synthetic_fixture
2026-04-17,001,3,3,synthetic_fixture
2026-04-18,001,3,2,synthetic_fixture
2026-04-19,001,3,2,synthetic_fixture
2026-04-20,001,3,2,synthetic_fixture
2026-04-21,001,3,3,synthetic_fixture
2026-04-22,001,3,2,synthetic_fixture
2026-04-23,001,3,3,synthetic_fixture
2026-04-24,001,3,3,synthetic_fixture
2026-04-25,001,3,2,synthetic_fixture
2026-04-26,001,3,3,synthetic_fixture
2026-04-27,001,3,3,synthetic_fixture
2026-04-28,001,3,3,synthetic_fixture
2026-04-29,001,3,2,synthetic_fixture
2026-04-30,001,3,3,synthetic_fixture
2026-05-01,001,3,3,synthetic_fixture
2026-05-02,001,3,2,synthetic_fixture
2026-05-03,001,3,2,synthetic_fixture
2026-05-04,001,3,2,synthetic_fixture
2026-05-05,001,3,3,synthetic_fixture
2026-05-06,001,3,2,synthetic_fixture
2026-05-07,001,3,2,synthetic_fixture
2026-05-08,001,3,3,synthetic_fixture
2026-05-09,001,3,2,synthetic_fixture
2026-05-10,001,3,2,synthetic_fixture
2026-05-11,001,3,3,synthetic_fixture
2026-05-12,001,3,2,synthetic_fixture
2026-05-13,001,3,3,synthetic_fixture
2026-05-14,001,3,3,synthetic_fixture
2026-04-17,001,4,1,synthetic_fixture
2026-04-18,001,4,1,synthetic_fixture
2026-04-19,001,4,2,synthetic_fixture
2026-04-20,001,4,2,synthetic_fixture
2026-04-21,001,4,2,synthetic_fixture
2026-04-22,001,4,1,synthetic_fixture
2026-04-23,001,4,2,synthetic_fixture
2026-04-24,001,4,2,synthetic_fixture
2026-04-25,001,4,1,synthetic_fixture
2026-04-26,001,4,1,synthetic_fixture
2026-04-27,001,4,1,synthetic_fixture
2026-04-28,001,4,1,synthetic_fixture
2026-04-29,001,4,2,synthetic_fixture
2026-04-30,001,4,1,synthetic_fixture
2026-05-01,001,4,1,synthetic_fixture
2026-05-02,001,4,1,synthetic_fixture
2026-05-03,001,4,1,synthetic_fixture
2026-05-04,001,4,1,synthetic_fixture
2026-05-05,001,4,1,synthetic_fixture
2026-05-06,001,4,2,synthetic_fixture
2026-05-07,001,4,2,synthetic_fixture
2026-05-08,001,4,2,synthetic_fixture
2026-05-09,001,4,1,synthetic_fixture
2026-05-10,001,4,1,synthetic_fixture
2026-05-11,001,4,2,synthetic_fixture
2026-05-12,001,4,2,synthetic_fixture
2026-05-13,001,4,2,synthetic_fixture
2026-05-14,001,4,1,synthetic_fixture
2026-04-17,001,5,2,synthetic_fixture
2026-04-18,001,5,2,synthetic_fixture
2026-04-19,001,5,2,synthetic_fixture
2026-04-20,001,5,2,synthetic_fixture
2026-04-21,001,5,2,synthetic_fixture
2026-04-22,001,5,2,synthetic_fixture
2026-04-23,001,5,2,synthetic_fixture
2026-04-24,001,5,1,synthetic_fixture
2026-04-25,001,5,2,synthetic_fixture
2026-04-26,001,5,2,synthetic_fixture
2026-04-27,001,5,1,synthetic_fixture
2026-04-28,001,5,2,synthetic_fixture
2026-04-29,001,5,2,synthetic_fixture
2026-04-30,001,5,1,synthetic_fixture
2026-05-01,001,5,1,synthetic_fixture
2026-05-02,001,5,1,synthetic_fixture
2026-05-03,001,5,1,synthetic_fixture
2026-05-04,001,5,2,synthetic_fixture
2026-05-05,001,5,1,synthetic_fixture
2026-05-06,001,5,1,synthetic_fixture
2026-05-07,001,5,2,synthetic_fixture
2026-05-08,001,5,1,synthetic_fixture
2026-05-09,001,5,1,synthetic_fixture
2026-05-10,001,5,1,synthetic_fixture
2026-05-11,001,5,1,synthetic_fixture
2026-05-12,001,5,1,synthetic_fixture
2026-05-13,001,5,1,synthetic_fixture
2026-05-14,001,5,1,synthetic_fixture
2026-04-17,001,6,2,synthetic_fixture
2026-04-18,001,6,2,synthetic_fixture
2026-04-19,001,6,2,synthetic_fixture
2026-04-20,001,6,3,synthetic_fixture
2026-04-21,001,6,3,synthetic_fixture
2026-04-22,001,6,2,synthetic_fixture
2026-04-23,001,6,2,synthetic_fixture
2026-04-24,001,6,2,synthetic_fixture
2026-04-25,001,6,2,synthetic_fixture
2026-04-26,001,6,2,synthetic_fixture
2026-04-27,001,6,2,synthetic_fixture
2026-04-28,001,6,2,synthetic_fixture
2026-04-29,001,6,2,synthetic_fixture
2026-04-30,001,6,3,synthetic_fixture
2026-05-01,001,6,2,synthetic_fixture
2026-05-02,001,6,2,synthetic_fixture
2026-05-03,001,6,2,synthetic_fixture
2026-05-04,001,6,2,synthetic_fixture
2026-05-05,001,6,2,synthetic_fixture
2026-05-06,001,6,3,synthetic_fixture
2026-05-07,001,6,3,synthetic_fixture
2026-05-08,001,6,3,synthetic_fixture
2026-05-09,001,6,2,synthetic_fixture
2026-05-10,001,6,2,synthetic_fixture
2026-05-11,001,6,3,synthetic_fixture
2026-05-12,001,6,3,synthetic_fixture
2026-05-13,001,6,3,synthetic_fixture
2026-05-14,001,6,3,synthetic_fixture
2026-04-17,001,7,1,synthetic_fixture
2026-04-18,001,7,1,synthetic_fixture
2026-04-19,001,7,1,synthetic_fixture
2026-04-20,001,7,0,synthetic_fixture
2026-04-21,001,7,1,synthetic_fixture
2026-04-22,001,7,0,synthetic_fixture
2026-04-23,001,7,1,synthetic_fixture
2026-04-24,001,7,0,synthetic_fixture
2026-04-25,001,7,0,synthetic_fixture
2026-04-26,001,7,0,synthetic_fixture
2026-04-27,001,7,0,synthetic_fixture
2026-04-28,001,7,1,synthetic_fixture
2026-04-29,001,7,1,synthetic_fixture
2026-04-30,001,7,1,synthetic_fixture
2026-05-01,001,7,0,synthetic_fixture
2026-05-02,001,7,1,synthetic_fixture
2026-05-03,001,7,0,synthetic_fixture
2026-05-04,001,7,0,synthetic_fixture
2026-05-05,001,7,0,synthetic_fixture
2026-05-06,001,7,1,synthetic_fixture
2026-05-07,001,7,0,synthetic_fixture
2026-05-08,001,7,1,synthetic_fixture
2026-05-09,001,7,0,synthetic_fixture
2026-05-10,001,7,0,synthetic_fixture
2026-05-11,001,7,0,synthetic_fixture
2026-05-12,001,7,1,synthetic_fixture
2026-05-13,001,7,0,synthetic_fixture
2026-05-14,001,7,1,synthetic_fixture
2026-04-17,001,8,3,synthetic_fixture
2026-04-18,001,8,3,synthetic_fixture
2026-04-19,001,8,4,synthetic_fixture
2026-04-20,001,8,3,synthetic_fixture
2026-04-21,001,8,3,synthetic_fixture
2026-04-22,001,8,3,synthetic_fixture
2026-04-23,001,8,2,synthetic_fixture
2026-04-24,001,8,3,synthetic_fixture
2026-04-25,001,8,2,synthetic_fixture
2026-04-26,001,8,4,synthetic_fixture
2026-04-27,001,8,4,synthetic_fixture
2026-04-28,001,8,4,synthetic_fixture
2026-04-29,001,8,4,synthetic_fixture
2026-04-30,001,8,3,synthetic_fixture
2026-05-01,001,8,4,synthetic_fixture
2026-05-02,001,8,3,synthetic_fixture
2026-05-03,001,8,4,synthetic_fixture
2026-05-04,001,8,4,synthetic_fixture
2026-05-05,001,8,3,synthetic_fixture
2026-05-06,001,8,4,synthetic_fixture
2026-05-07,001,8,4,synthetic_fixture
2026-05-08,001,8,3,synthetic_fixture
2026-05-09,001,8,4,synthetic_fixture
2026-05-10,001,8,2,synthetic_fixture
2026-05-11,001,8,4,synthetic_fixture
2026-05-12,001,8,2,synthetic_fixture
2026-05-13,001,8,4,synthetic_fixture
2026-05-14,001,8,4,synthetic_fixture
2026-04-17,001,9,1,synthetic_fixture
2026-04-18,001,9,2,synthetic_fixture
2026-04-19,001,9,2,synthetic_fixture
2026-04-20,001,9,2,synthetic_fixture
2026-04-21,001,9,1,synthetic_fixture
2026-04-22,001,9,2,synthetic_fixture
2026-04-23,001,9,2,synthetic_fixture
2026-04-24,001,9,2,synthetic_fixture
2026-04-25,001,9,2,synthetic_fixture
2026-04-26,001,9,2,synthetic_fixture
2026-04-27,001,9,2,synthetic_fixture
2026-04-28,001,9,1,synthetic_fixture
2026-04-29,001,9,2,synthetic_fixture
2026-04-30,001,9,1,synthetic_fixture
2026-05-01,001,9,2,synthetic_fixture
2026-05-02,001,9,1,synthetic_fixture
2026-05-03,001,9,2,synthetic_fixture
2026-05-04,001,9,2,synthetic_fixture
2026-05-05,001,9,2,synthetic_fixture
2026-05-06,001,9,1,synthetic_fixture
2026-05-07,001,9,2,synthetic_fixture
2026-05-08,001,9,2,synthetic_fixture
2026-05-09,001,9,2,synthetic_fixture
2026-05-10,001,9,1,synthetic_fixture
2026-05-11,001,9,1,synthetic_fixture
2026-05-12,001,9,1,synthetic_fixture
2026-05-13,001,9,2,synthetic_fixture
2026-05-14,001,9,2,synthetic_fixture
2026-04-17,001,10,1,synthetic_fixture
2026-04-18,001,10,1,synthetic_fixture
2026-04-19,001,10,1,synthetic_fixture
2026-04-20,001,10,1,synthetic_fixture
2026-04-21,001,10,1,synthetic_fixture
2026-04-22,001,10,1,synthetic_fixture
2026-04-23,001,10,1,synthetic_fixture
2026-04-24,001,10,1,synthetic_fixture
2026-04-25,001,10,0,synthetic_fixture
2026-04-26,001,10,1,synthetic_fixture
2026-04-27,001,10,1,synthetic_fixture
2026-04-28,001,10,1,synthetic_fixture
2026-04-29,001,10,1,synthetic_fixture
2026-04-30,001,10,1,synthetic_fixture
2026-05-01,001,10,1,synthetic_fixture
2026-05-02,001,10,1,synthetic_fixture
2026-05-03,001,10,1,synthetic_fixture
2026-05-04,001,10,1,synthetic_fixture
2026-05-05,001,10,1,synthetic_fixture
2026-05-06,001,10,1,synthetic_fixture
2026-05-07,001,10,0,synthetic_fixture
2026-05-08,001,10,1,synthetic_fixture
2026-05-09,001,10,1,synthetic_fixture
2026-05-10,001,10,1,synthetic_fixture
2026-05-11,001,10,1,synthetic_fixture
2026-05-12,001,10,1,synthetic_fixture
2026-05-13,001,10,1,synthetic_fixture
2026-05-14,001,10,1,synthetic_fixture
2026-04-17,001,11,5,synthetic_fixture
2026-04-18,001,11,4,synthetic_fixture
2026-04-19,001,11,5,synthetic_fixture
2026-04-20,001,11,5,synthetic_fixture
2026-04-21,001,11,3,synthetic_fixture
2026-04-22,001,11,4,synthetic_fixture
2026-04-23,001,11,5,synthetic_fixture
2026-04-24,001,11,3,synthetic_fixture
2026-04-25,001,11,4,synthetic_fixture
2026-04-26,001,11,4,synthetic_fixture
2026-04-27,001,11,3,synthetic_fixture
2026-04-28,001,11,5,synthetic_fixture
2026-04-29,001,11,5,synthetic_fixture
2026-04-30,001,11,3,synthetic_fixture
2026-05-01,001,11,3,synthetic_fixture
2026-05-02,001,11,5,synthetic_fixture
2026-05-03,001,11,3,synthetic_fixture
2026-05-04,001,11,4,synthetic_fixture
2026-05-05,001,11,4,synthetic_fixture
2026-05-06,001,11,3,synthetic_fixture
2026-05-07,001,11,3,synthetic_fixture
2026-05-08,001,11,5,synthetic_fixture
2026-05-09,001,11,3,synthetic_fixture
2026-05-10,001,11,4,synthetic_fixture
2026-05-11,001,11,4,synthetic_fixture
2026-05-12,001,11,3,synthetic_fixture
2026-05-13,001,11,4,synthetic_fixture
2026-05-14,001,11,3,synthetic_fixture
2026-04-17,001,12,4,synthetic_fixture
2026-04-18,001,12,5,synthetic_fixture
2026-04-19,001,12,4,synthetic_fixture
2026-04-20,001,12,3,synthetic_fixture
2026-04-21,001,12,3,synthetic_fixture
2026-04-22,001,12,4,synthetic_fixture
2026-04-23,001,12,4,synthetic_fixture
2026-04-24,001,12,4,synthetic_fixture
2026-04-25,001,12,3,synthetic_fixture
2026-04-26,001,12,3,synthetic_fixture
2026-04-27,001,12,4,synthetic_fixture
2026-04-28,001,12,4,synthetic_fixture
2026-04-29,001,12,3,synthetic_fixture
2026-04-30,001,12,3,synthetic_fixture
2026-05-01,001,12,5,synthetic_fixture
2026-05-02,001,12,5,synthetic_fixture
2026-05-03,001,12,3,synthetic_fixture
2026-05-04,001,12,5,synthetic_fixture
2026-05-05,001,12,5,synthetic_fixture
2026-05-06,001,12,3,synthetic_fixture
2026-05-07,001,12,5,synthetic_fixture
2026-05-08,001,12,3,synthetic_fixture
2026-05-09,001,12,3,synthetic_fixture
2026-05-10,001,12,3,synthetic_fixture
2026-05-11,001,12,3,synthetic_fixture
2026-05-12,001,12,3,synthetic_fixture
2026-05-13,001,12,4,synthetic_fixture
2026-05-14,001,12,5,synthetic_fixture
2026-04-17,001,13,2,synthetic_fixture
2026-04-18,001,13,2,synthetic_fixture
2026-04-19,001,13,2,synthetic_fixture
2026-04-20,001,13,2,synthetic_fixture
2026-04-21,001,13,1,synthetic_fixture
2026-04-22,001,13,2,synthetic_fixture
2026-04-23,001,13,2,synthetic_fixture
2026-04-24,001,13,2,synthetic_fixture
2026-04-25,001,13,2,synthetic_fixture
2026-04-26,001,13,2,synthetic_fixture
2026-04-27,001,13,1,synthetic_fixture
2026-04-28,001,13,2,synthetic_fixture
2026-04-29,001,13,2,synthetic_fixture
2026-04-30,001,13,2,synthetic_fixture
2026-05-01,001,13,2,synthetic_fixture
2026-05-02,001,13,2,synthetic_fixture
2026-05-03,001,13,2,synthetic_fixture
2026-05-04,001,13,1,synthetic_fixture
2026-05-05,001,13,2,synthetic_fixture
2026-05-06,001,13,3,synthetic_fixture
2026-05-07,001,13,2,synthetic_fixture
2026-05-08,001,13,2,synthetic_fixture
2026-05-09,001,13,1,synthetic_fixture
2026-05-10,001,13,1,synthetic_fixture
2026-05-11,001,13,3,synthetic_fixture
2026-05-12,001,13,1,synthetic_fixture
2026-05-13,001,13,1,synthetic_fixture
2026-05-14,001,13,2,synthetic_fixture
2026-04-17,001,14,4,synthetic_fixture
2026-04-18,001,14,6,synthetic_fixture
2026-04-19,001,14,5,synthetic_fixture
2026-04-20,001,14,6,synthetic_fixture
2026-04-21,001,14,6,synthetic_fixture
2026-04-22,001,14,7,synthetic_fixture
2026-04-23,001,14,5,synthetic_fixture
2026-04-24,001,14,6,synthetic_fixture
2026-04-25,001,14,6,synthetic_fixture
2026-04-26,001,14,6,synthetic_fixture
2026-04-27,001,14,5,synthetic_fixture
2026-04-28,001,14,6,synthetic_fixture
2026-04-29,001,14,4,synthetic_fixture
2026-04-30,001,14,5,synthetic_fixture
2026-05-01,001,14,5,synthetic_fixture
2026-05-02,001,14,4,synthetic_fixture
2026-05-03,001,14,6,synthetic_fixture
2026-05-04,001,14,5,synthetic_fixture
2026-05-05,001,14,4,synthetic_fixture
2026-05-06,001,14,4,synthetic_fixture
2026-05-07,001,14,4,synthetic_fixture
2026-05-08,001,14,5,synthetic_fixture
2026-05-09,001,14,5,synthetic_fixture
2026-05-10,001,14,4,synthetic_fixture
2026-05-11,001,14,6,synthetic_fixture
2026-05-12,001,14,5,synthetic_fixture
2026-05-13,001,14,7,synthetic_fixture
2026-05-14,001,14,4,synthetic_fixture
2026-04-17,001,15,3,synthetic_fixture
2026-04-18,001,15,5,synthetic_fixture
2026-04-19,001,15,6,synthetic_fixture
2026-04-20,001,15,3,synthetic_fixture
2026-04-21,001,15,6,synthetic_fixture
2026-04-22,001,15,5,synthetic_fixture
2026-04-23,001,15,5,synthetic_fixture
2026-04-24,001,15,4,synthetic_fixture
2026-04-25,001,15,5,synthetic_fixture
2026-04-26,001,15,6,synthetic_fixture
2026-04-27,001,15,5,synthetic_fixture
2026-04-28,001,15,5,synthetic_fixture
2026-04-29,001,15,3,synthetic_fixture
2026-04-30,001,15,4,synthetic_fixture
2026-05-01,001,15,5,synthetic_fixture
2026-05-02,001,15,5,synthetic_fixture
2026-05-03,001,15,3,synthetic_fixture
2026-05-04,001,15,5,synthetic_fixture
2026-05-05,001,15,4,synthetic_fixture
2026-05-06,001,15,4,synthetic_fixture
2026-05-07,001,15,5,synthetic_fixture
2026-05-08,001,15,4,synthetic_fixture
2026-05-09,001,15,5,synthetic_fixture
2026-05-10,001,15,5,synthetic_fixture
2026-05-11,001,15,3,synthetic_fixture
2026-05-12,001,15,6,synthetic_fixture
2026-05-13,001,15,5,synthetic_fixture
2026-05-14,001,15,6,synthetic_fixture
2026-04-17,001,16,2,synthetic_fixture
2026-04-18,001,16,1,synthetic_fixture
2026-04-19,001,16,3,synthetic_fixture
2026-04-20,001,16,2,synthetic_fixture
2026-04-21,001,16,1,synthetic_fixture
2026-04-22,001,16,2,synthetic_fixture
2026-04-23,001,16,1,synthetic_fixture
2026-04-24,001,16,2,synthetic_fixture
2026-04-25,001,16,2,synthetic_fixture
2026-04-26,001,16,2,synthetic_fixture
2026-04-27,001,16,3,synthetic_fixture
2026-04-28,001,16,2,synthetic_fixture
2026-04-29,001,16,2,synthetic_fixture
2026-04-30,001,16,1,synthetic_fixture
2026-05-01,001,16,3,synthetic_fixture
2026-05-02,001,16,2,synthetic_fixture
2026-05-03,001,16,1,synthetic_fixture
2026-05-04,001,16,1,synthetic_fixture
2026-05-05,001,16,3,synthetic_fixture
2026-05-06,001,16,2,synthetic_fixture
2026-05-07,001,16,2,synthetic_fixture
2026-05-08,001,16,2,synthetic_fixture
2026-05-09,001,16,3,synthetic_fixture
2026-05-10,001,16,2,synthetic_fixture
2026-05-11,001,16,2,synthetic_fixture
2026-05-12,001,16,2,synthetic_fixture
2026-05-13,001,16,2,synthetic_fixture
2026-05-14,001,16,3,synthetic_fixture
2026-04-17,001,17,3,synthetic_fixture
2026-04-18,001,17,2,synthetic_fixture
2026-04-19,001,17,2,synthetic_fixture
2026-04-20,001,17,2,synthetic_fixture
2026-04-21,001,17,3,synthetic_fixture
2026-04-22,001,17,2,synthetic_fixture
2026-04-23,001,17,2,synthetic_fixture
2026-04-24,001,17,2,synthetic_fixture
2026-04-25,001,17,2,synthetic_fixture
2026-04-26,001,17,1,synthetic_fixture
2026-04-27,001,17,2,synthetic_fixture
2026-04-28,001,17,2,synthetic_fixture
2026-04-29,001,17,3,synthetic_fixture
2026-04-30,001,17,2,synthetic_fixture
2026-05-01,001,17,2,synthetic_fixture
2026-05-02,001,17,2,synthetic_fixture
2026-05-03,001,17,2,synthetic_fixture
2026-05-04,001,17,2,synthetic_fixture
2026-05-05,001,17,1,synthetic_fixture
2026-05-06,001,17,1,synthetic_fixture
2026-05-07,001,17,2,synthetic_fixture
2026-05-08,001,17,2,synthetic_fixture
2026-05-09,001,17,3,synthetic_fixture
2026-05-10,001,17,2,synthetic_fixture
2026-05-11,001,17,3,synthetic_fixture
2026-05-12,001,17,2,synthetic_fixture
2026-05-13,001,17,1,synthetic_fixture
2026-05-14,001,17,2,synthetic_fixture
2026-04-17,001,18,4,synthetic_fixture
2026-04-18,001,18,4,synthetic_fixture
2026-04-19,001,18,4,synthetic_fixture
2026-04-20,001,18,6,synthetic_fixture
2026-04-21,001,18,4,synthetic_fixture
2026-04-22,001,18,5,synthetic_fixture
2026-04-23,001,18,6,synthetic_fixture
2026-04-24,001,18,6,synthetic_fixture
2026-04-25,001,18,5,synthetic_fixture
2026-04-26,001,18,4,synthetic_fixture
2026-04-27,001,18,4,synthetic_fixture
2026-04-28,001,18,6,synthetic_fixture
2026-04-29,001,18,4,synthetic_fixture
2026-04-30,001,18,5,synthetic_fixture
2026-05-01,001,18,4,synthetic_fixture
2026-05-02,001,18,6,synthetic_fixture
2026-05-03,001,18,7,synthetic_fixture
2026-05-04,001,18,6,synthetic_fixture
2026-05-05,001,18,5,synthetic_fixture
2026-05-06,001,18,6,synthetic_fixture
2026-05-07,001,18,4,synthetic_fixture
2026-05-08,001,18,5,synthetic_fixture
2026-05-09,001,18,5,synthetic_fixture
2026-05-10,001,18,5,synthetic_fixture
2026-05-11,001,18,5,synthetic_fixture
2026-05-12,001,18,6,synthetic_fixture
2026-05-13,001,18,4,synthetic_fixture
2026-05-14,001,18,6,synthetic_fixture
2026-04-17,001,19,2,synthetic_fixture
2026-04-18,001,19,3,synthetic_fixture
2026-04-19,001,19,2,synthetic_fixture
2026-04-20,001,19,3,synthetic_fixture
2026-04-21,001,19,2,synthetic_fixture
2026-04-22,001,19,2,synthetic_fixture
2026-04-23,001,19,2,synthetic_fixture
2026-04-24,001,19,2,synthetic_fixture
2026-04-25,001,19,2,synthetic_fixture
2026-04-26,001,19,3,synthetic_fixture
2026-04-27,001,19,3,synthetic_fixture
2026-04-28,001,19,2,synthetic_fixture
2026-04-29,001,19,2,synthetic_fixture
2026-04-30,001,19,3,synthetic_fixture
2026-05-01,001,19,3,synthetic_fixture
2026-05-02,001,19,2,synthetic_fixture
2026-05-03,001,19,3,synthetic_fixture
2026-05-04,001,19,3,synthetic_fixture
2026-05-05,001,19,2,synthetic_fixture
2026-05-06,001,19,3,synthetic_fixture
2026-05-07,001,19,3,synthetic_fixture
2026-05-08,001,19,3,synthetic_fixture
2026-05-09,001,19,3,synthetic_fixture
2026-05-10,001,19,2,synthetic_fixture
2026-05-11,001,19,3,synthetic_fixture
2026-05-12,001,19,3,synthetic_fixture
2026-05-13,001,19,2,synthetic_fixture
2026-05-14,001,19,2,synthetic_fixture
2026-04-17,001,20,5,synthetic_fixture
2026-04-18,001,20,6,synthetic_fixture
2026-04-19,001,20,5,synthetic_fixture
2026-04-20,001,20,6,synthetic_fixture
2026-04-21,001,20,4,synthetic_fixture
2026-04-22,001,20,6,synthetic_fixture
2026-04-23,001,20,6,synthetic_fixture
2026-04-24,001,20,4,synthetic_fixture
2026-04-25,001,20,5,synthetic_fixture
2026-04-26,001,20,6,synthetic_fixture
2026-04-27,001,20,5,synthetic_fixture
2026-04-28,001,20,7,synthetic_fixture
2026-04-29,001,20,4,synthetic_fixture
2026-04-30,001,20,5,synthetic_fixture
2026-05-01,001,20,4,synthetic_fixture
2026-05-02,001,20,7,synthetic_fixture
2026-05-03,001,20,6,synthetic_fixture
2026-05-04,001,20,4,synthetic_fixture
2026-05-05,001,20,5,synthetic_fixture
2026-05-06,001,20,5,synthetic_fixture
2026-05-07,001,20,5,synthetic_fixture
2026-05-08,001,20,4,synthetic_fixture
2026-05-09,001,20,4,synthetic_fixture
2026-05-10,001,20,4,synthetic_fixture
2026-05-11,001,20,3,synthetic_fixture
2026-05-12,001,20,6,synthetic_fixture
2026-05-13,001,20,4,synthetic_fixture
2026-05-14,001,20,4,synthetic_fixture
2026-04-17,001,21,2,synthetic_fixture
2026-04-18,001,21,3,synthetic_fixture
2026-04-19,001,21,2,synthetic_fixture
2026-04-20,001,21,3,synthetic_fixture
2026-04-21,001,21,2,synthetic_fixture
2026-04-22,001,21,2,synthetic_fixture
2026-04-23,001,21,3,synthetic_fixture
2026-04-24,001,21,2,synthetic_fixture
2026-04-25,001,21,3,synthetic_fixture
2026-04-26,001,21,2,synthetic_fixture
2026-04-27,001,21,3,synthetic_fixture
2026-04-28,001,21,3,synthetic_fixture
2026-04-29,001,21,2,synthetic_fixture
2026-04-30,001,21,3,synthetic_fixture
2026-05-01,001,21,2,synthetic_fixture
2026-05-02,001,21,3,synthetic_fixture
2026-05-03,001,21,3,synthetic_fixture
2026-05-04,001,21,3,synthetic_fixture
2026-05-05,001,21,3,synthetic_fixture
2026-05-06,001,21,2,synthetic_fixture
2026-05-07,001,21,2,synthetic_fixture
2026-05-08,001,21,3,synthetic_fixture
2026-05-09,001,21,3,synthetic_fixture
2026-05-10,001,21,3,synthetic_fixture
2026-05-11,001,21,3,synthetic_fixture
2026-05-12,001,21,3,synthetic_fixture
2026-05-13,001,21,3,synthetic_fixture
2026-05-14,001,21,3,synthetic_fixture
2026-04-17,001,22,2,synthetic_fixture
2026-04-18,001,22,1,synthetic_fixture
2026-04-19,001,22,1,synthetic_fixture
2026-04-20,001,22,2,synthetic_fixture
2026-04-21,001,22,2,synthetic_fixture
2026-04-22,001,22,1,synthetic_fixture
2026-04-23,001,22,2,synthetic_fixture
2026-04-24,001,22,2,synthetic_fixture
2026-04-25,001,22,2,synthetic_fixture
2026-04-26,001,22,2,synthetic_fixture
2026-04-27,001,22,2,synthetic_fixture
2026-04-28,001,22,1,synthetic_fixture
2026-04-29,001,22,2,synthetic_fixture
2026-04-30,001,22,2,synthetic_fixture
2026-05-01,001,22,2,synthetic_fixture
2026-05-02,001,22,1,synthetic_fixture
2026-05-03,001,22,2,synthetic_fixture
2026-05-04,001,22,2,synthetic_fixture
2026-05-05,001,22,1,synthetic_fixture
2026-05-06,001,22,1,synthetic_fixture
2026-05-07,001,22,2,synthetic_fixture
2026-05-08,001,22,2,synthetic_fixture
2026-05-09,001,22,2,synthetic_fixture
2026-05-10,001,22,2,synthetic_fixture
2026-05-11,001,22,2,synthetic_fixture
2026-05-12,001,22,1,synthetic_fixture
2026-05-13,001,22,2,synthetic_fixture
2026-05-14,001,22,2,synthetic_fixture
2026-04-17,001,23,3,synthetic_fixture
2026-04-18,001,23,2,synthetic_fixture
2026-04-19,001,23,2,synthetic_fixture
2026-04-20,001,23,2,synthetic_fixture
2026-04-21,001,23,2,synthetic_fixture
2026-04-22,001,23,2,synthetic_fixture
2026-04-23,001,23,2,synthetic_fixture
2026-04-24,001,23,2,synthetic_fixture
2026-04-25,001,23,2,synthetic_fixture
2026-04-26,001,23,2,synthetic_fixture
2026-04-27,001,23,2,synthetic_fixture
2026-04-28,001,23,3,synthetic_fixture
2026-04-29,001,23,2,synthetic_fixture
2026-04-30,001,23,2,synthetic_fixture
2026-05-01,001,23,3,synthetic_fixture
2026-05-02,001,23,2,synthetic_fixture
2026-05-03,001,23,2,synthetic_fixture
2026-05-04,001,23,3,synthetic_fixture
2026-05-05,001,23,3,synthetic_fixture
2026-05-06,001,23,3,synthetic_fixture
2026-05-07,001,23,2,synthetic_fixture
2026-05-08,001,23,2,synthetic_fixture
2026-05-09,001,23,2,synthetic_fixture
2026-05-10,001,23,2,synthetic_fixture
2026-05-11,001,23,2,synthetic_fixture
2026-05-12,001,23,3,synthetic_fixture
2026-05-13,001,23,2,synthetic_fixture
2026-05-14,001,23,2,synthetic_fixture
2026-04-17,001,24,3,synthetic_fixture
2026-04-18,001,24,5,synthetic_fixture
2026-04-19,001,24,5,synthetic_fixture
2026-04-20,001,24,4,synthetic_fixture
2026-04-21,001,24,3,synthetic_fixture
2026-04-22,001,24,3,synthetic_fixture
2026-04-23,001,24,4,synthetic_fixture
2026-04-24,001,24,3,synthetic_fixture
2026-04-25,001,24,4,synthetic_fixture
2026-04-26,001,24,4,synthetic_fixture
2026-04-27,001,24,4,synthetic_fixture
2026-04-28,001,24,4,synthetic_fixture
2026-04-29,001,24,3,synthetic_fixture
2026-04-30,001,24,3,synthetic_fixture
2026-05-01,001,24,4,synthetic_fixture
2026-05-02,001,24,3,synthetic_fixture
2026-05-03,001,24,4,synthetic_fixture
2026-05-04,001,24,4,synthetic_fixture
2026-05-05,001,24,4,synthetic_fixture
2026-05-06,001,24,5,synthetic_fixture
2026-05-07,001,24,3,synthetic_fixture
2026-05-08,001,24,4,synthetic_fixture
2026-05-09,001,24,5,synthetic_fixture
2026-05-10,001,24,4,synthetic_fixture
2026-05-11,001,24,4,synthetic_fixture
2026-05-12,001,24,4,synthetic_fixture
2026-05-13,001,24,4,synthetic_fixture
2026-05-14,001,24,3,synthetic_fixture
2026-04-17,001,25,5,synthetic_fixture
2026-04-18,001,25,6,synthetic_fixture
2026-04-19,001,25,3,synthetic_fixture
2026-04-20,001,25,4,synthetic_fixture
2026-04-21,001,25,4,synthetic_fixture
2026-04-22,001,25,4,synthetic_fixture
2026-04-23,001,25,5,synthetic_fixture
2026-04-24,001,25,5,synthetic_fixture
2026-04-25,001,25,4,synthetic_fixture
2026-04-26,001,25,4,synthetic_fixture
2026-04-27,001,25,5,synthetic_fixture
2026-04-28,001,25,4,synthetic_fixture
2026-04-29,001,25,4,synthetic_fixture
2026-04-30,001,25,5,synthetic_fixture
2026-05-01,001,25,4,synthetic_fixture
2026-05-02,001,25,4,synthetic_fixture
2026-05-03,001,25,3,synthetic_fixture
2026-05-04,001,25,4,synthetic_fixture
2026-05-05,001,25,6,synthetic_fixture
2026-05-06,001,25,5,synthetic_fixture
2026-05-07,001,25,3,synthetic_fixture
2026-05-08,001,25,4,synthetic_fixture
2026-05-09,001,25,5,synthetic_fixture
2026-05-10,001,25,5,synthetic_fixture
2026-05-11,001,25,5,synthetic_fixture
2026-05-12,001,25,4,synthetic_fixture
2026-05-13,001,25,5,synthetic_fixture
2026-05-14,001,25,4,synthetic_fixture
2026-04-17,001,26,3,synthetic_fixture
2026-04-18,001,26,3,synthetic_fixture
2026-04-19,001,26,3,synthetic_fixture
2026-04-20,001,26,4,synthetic_fixture
2026-04-21,001,26,4,synthetic_fixture
2026-04-22,001,26,5,synthetic_fixture
2026-04-23,001,26,3,synthetic_fixture
2026-04-24,001,26,4,synthetic_fixture
2026-04-25,001,26,4,synthetic_fixture
2026-04-26,001,26,3,synthetic_fixture
2026-04-27,001,26,4,synthetic_fixture
2026-04-28,001,26,5,synthetic_fixture
2026-04-29,001,26,3,synthetic_fixture
2026-04-30,001,26,5,synthetic_fixture
2026-05-01,001,26,5,synthetic_fixture
2026-05-02,001,26,3,synthetic_fixture
2026-05-03,001,26,4,synthetic_fixture
2026-05-04,001,26,4,synthetic_fixture
2026-05-05,001,26,3,synthetic_fixture
2026-05-06,001,26,3,synthetic_fixture
2026-05-07,001,26,4,synthetic_fixture
2026-05-08,001,26,3,synthetic_fixture
2026-05-09,001,26,4,synthetic_fixture
2026-05-10,001,26,3,synthetic_fixture
2026-05-11,001,26,3,synthetic_fixture
2026-05-12,001,26,5,synthetic_fixture
2026-05-13,001,26,5,synthetic_fixture
2026-05-14,001,26,3,synthetic_fixture
2026-04-17,001,27,1,synthetic_fixture
2026-04-18,001,27,1,synthetic_fixture
2026-04-19,001,27,1,synthetic_fixture
2026-04-20,001,27,1,synthetic_fixture
2026-04-21,001,27,1,synthetic_fixture
2026-04-22,001,27,1,synthetic_fixture
2026-04-23,001,27,1,synthetic_fixture
2026-04-24,001,27,1,synthetic_fixture
2026-04-25,001,27,1,synthetic_fixture
2026-04-26,001,27,1,synthetic_fixture
2026-04-27,001,27,1,synthetic_fixture
2026-04-28,001,27,1,synthetic_fixture
2026-04-29,001,27,1,synthetic_fixture
2026-04-30,001,27,1,synthetic_fixture
2026-05-01,001,27,1,synthetic_fixture
2026-05-02,001,27,1,synthetic_fixture
2026-05-03,001,27,1,synthetic_fixture
2026-05-04,001,27,1,synthetic_fixture
2026-05-05,001,27,1,synthetic_fixture
2026-05-06,001,27,1,synthetic_fixture
2026-05-07,001,27,1,synthetic_fixture
2026-05-08,001,27,0,synthetic_fixture
2026-05-09,001,27,1,synthetic_fixture
2026-05-10,001,27,1,synthetic_fixture
2026-05-11,001,27,1,synthetic_fixture
2026-05-12,001,27,1,synthetic_fixture
2026-05-13,001,27,1,synthetic_fixture
2026-05-14,001,27,1,synthetic_fixture
2026-04-17,001,28,4,synthetic_fixture
2026-04-18,001,28,2,synthetic_fixture
2026-04-19,001,28,3,synthetic_fixture
2026-04-20,001,28,3,synthetic_fixture
2026-04-21,001,28,2,synthetic_fixture
2026-04-22,001,28,4,synthetic_fixture
2026-04-23,001,28,2,synthetic_fixture
2026-04-24,001,28,3,synthetic_fixture
2026-04-25,001,28,2,synthetic_fixture
2026-04-26,001,28,4,synthetic_fixture
2026-04-27,001,28,3,synthetic_fixture
2026-04-28,001,28,2,synthetic_fixture
2026-04-29,001,28,4,synthetic_fixture
2026-04-30,001,28,3,synthetic_fixture
2026-05-01,001,28,4,synthetic_fixture
2026-05-02,001,28,3,synthetic_fixture
2026-05-03,001,28,3,synthetic_fixture
2026-05-04,001,28,2,synthetic_fixture
2026-05-05,001,28,4,synthetic_fixture
2026-05-06,001,28,3,synthetic_fixture
2026-05-07,001,28,4,synthetic_fixture
2026-05-08,001,28,4,synthetic_fixture
2026-05-09,001,28,3,synthetic_fixture
2026-05-10,001,28,2,synthetic_fixture
2026-05-11,001,28,2,synthetic_fixture
2026-05-12,001,28,3,synthetic_fixture
2026-05-13,001,28,3,synthetic_fixture
2026-05-14,001,28,4,synthetic_fixture
2026-04-17,001,29,3,synthetic_fixture
2026-04-18,001,29,4,synthetic_fixture
2026-04-19,001,29,2,synthetic_fixture
2026-04-20,001,29,4,synthetic_fixture
2026-04-21,001,29,3,synthetic_fixture
2026-04-22,001,29,2,synthetic_fixture
2026-04-23,001,29,4,synthetic_fixture
2026-04-24,001,29,2,synthetic_fixture
2026-04-25,001,29,2,synthetic_fixture
2026-04-26,001,29,4,synthetic_fixture
2026-04-27,001,29,2,synthetic_fixture
2026-04-28,001,29,2,synthetic_fixture
2026-04-29,001,29,3,synthetic_fixture
2026-04-30,001,29,3,synthetic_fixture
2026-05-01,001,29,4,synthetic_fixture
2026-05-02,001,29,2,synthetic_fixture
2026-05-03,001,29,3,synthetic_fixture
2026-05-04,001,29,4,synthetic_fixture
2026-05-05,001,29,4,synthetic_fixture
2026-05-06,001,29,4,synthetic_fixture
2026-05-07,001,29,3,synthetic_fixture
2026-05-08,001,29,3,synthetic_fixture
2026-05-09,001,29,4,synthetic_fixture
2026-05-10,001,29,4,synthetic_fixture
2026-05-11,001,29,3,synthetic_fixture
2026-05-12,001,29,3,synthetic_fixture
2026-05-13,001,29,2,synthetic_fixture
2026-05-14,001,29,2,synthetic_fixture
2026-04-17,001,30,2,synthetic_fixture
2026-04-18,001,30,1,synthetic_fixture
2026-04-19,001,30,2,synthetic_fixture
2026-04-20,001,30,2,synthetic_fixture
2026-04-21,001,30,2,synthetic_fixture
2026-04-22,001,30,2,synthetic_fixture
2026-04-23,001,30,1,synthetic_fixture
2026-04-24,001,30,1,synthetic_fixture
2026-04-25,001,30,2,synthetic_fixture
2026-04-26,001,30,1,synthetic_fixture
2026-04-27,001,30,2,synthetic_fixture
2026-04-28,001,30,1,synthetic_fixture
2026-04-29,001,30,2,synthetic_fixture
2026-04-30,001,30,2,synthetic_fixture
2026-05-01,001,30,2,synthetic_fixture
2026-05-02,001,30,2,synthetic_fixture
2026-05-03,001,30,1,synthetic_fixture
2026-05-04,001,30,1,synthetic_fixture
2026-05-05,001,30,1,synthetic_fixture
2026-05-06,001,30,2,synthetic_fixture
2026-05-07,001,30,2,synthetic_fixture
2026-05-08,001,30,1,synthetic_fixture
2026-05-09,001,30,2,synthetic_fixture
2026-05-10,001,30,1,synthetic_fixture
2026-05-11,001,30,2,synthetic_fixture
2026-05-12,001,30,2,synthetic_fixture
2026-05-13,001,30,1,synthetic_fixture
2026-05-14,001,30,2,synthetic_fixture
2026-04-17,001,31,2,synthetic_fixture
2026-04-18,001,31,3,synthetic_fixture
2026-04-19,001,31,2,synthetic_fixture
2026-04-20,001,31,2,synthetic_fixture
2026-04-21,001,31,2,synthetic_fixture
2026-04-22,001,31,2,synthetic_fixture
2026-04-23,001,31,3,synthetic_fixture
2026-04-24,001,31,3,synthetic_fixture
2026-04-25,001,31,2,synthetic_fixture
2026-04-26,001,31,2,synthetic_fixture
2026-04-27,001,31,3,synthetic_fixture
2026-04-28,001,31,2,synthetic_fixture
2026-04-29,001,31,2,synthetic_fixture
2026-04-30,001,31,2,synthetic_fixture
2026-05-01,001,31,2,synthetic_fixture
2026-05-02,001,31,2,synthetic_fixture
2026-05-03,001,31,2,synthetic_fixture
2026-05-04,001,31,2,synthetic_fixture
2026-05-05,001,31,2,synthetic_fixture
2026-05-06,001,31,3,synthetic_fixture
2026-05-07,001,31,2,synthetic_fixture
2026-05-08,001,31,2,synthetic_fixture
2026-05-09,001,31,3,synthetic_fixture
2026-05-10,001,31,2,synthetic_fixture
2026-05-11,001,31,2,synthetic_fixture
2026-05-12,001,31,2,synthetic_fixture
2026-05-13,001,31,2,synthetic_fixture
2026-05-14,001,31,2,synthetic_fixture
2026-04-17,001,32,3,synthetic_fixture
2026-04-18,001,32,6,synthetic_fixture
2026-04-19,001,32,6,synthetic_fixture
2026-04-20,001,32,4,synthetic_fixture
2026-04-21,001,32,5,synthetic_fixture
2026-04-22,001,32,4,synthetic_fixture
2026-04-23,001,32,6,synthetic_fixture
2026-04-24,001,32,4,synthetic_fixture
2026-04-25,001,32,6,synthetic_fixture
2026-04-26,001,32,4,synthetic_fixture
2026-04-27,001,32,5,synthetic_fixture
2026-04-28,001,32,5,synthetic_fixture
2026-04-29,001,32,5,synthetic_fixture
2026-04-30,001,32,4,synthetic_fixture
2026-05-01,001,32,5,synthetic_fixture
2026-05-02,001,32,5,synthetic_fixture
2026-05-03,001,32,6,synthetic_fixture
2026-05-04,001,32,3,synthetic_fixture
2026-05-05,001,32,4,synthetic_fixture
2026-05-06,001,32,6,synthetic_fixture
2026-05-07,001,32,4,synthetic_fixture
2026-05-08,001,32,5,synthetic_fixture
2026-05-09,001,32,4,synthetic_fixture
2026-05-10,001,32,5,synthetic_fixture
2026-05-11,001,32,5,synthetic_fixture
2026-05-12,001,32,5,synthetic_fixture
2026-05-13,001,32,5,synthetic_fixture
2026-05-14,001,32,4,synthetic_fixture
2026-04-17,001,33,2,synthetic_fixture
2026-04-18,001,33,3,synthetic_fixture
2026-04-19,001,33,2,synthetic_fixture
2026-04-20,001,33,2,synthetic_fixture
2026-04-21,001,33,1,synthetic_fixture
2026-04-22,001,33,2,synthetic_fixture
2026-04-23,001,33,2,synthetic_fixture
2026-04-24,001,33,3,synthetic_fixture
2026-04-25,001,33,2,synthetic_fixture
2026-04-26,001,33,2,synthetic_fixture
2026-04-27,001,33,3,synthetic_fixture
2026-04-28,001,33,2,synthetic_fixture
2026-04-29,001,33,2,synthetic_fixture
2026-04-30,001,33,3,synthetic_fixture
2026-05-01,001,33,3,synthetic_fixture
2026-05-02,001,33,2,synthetic_fixture
2026-05-03,001,33,2,synthetic_fixture
2026-05-04,001,33,3,synthetic_fixture
2026-05-05,001,33,3,synthetic_fixture
2026-05-06,001,33,3,synthetic_fixture
2026-05-07,001,33,2,synthetic_fixture
2026-05-08,001,33,3,synthetic_fixture
2026-05-09,001,33,2,synthetic_fixture
2026-05-10,001,33,3,synthetic_fixture
2026-05-11,001,33,1,synthetic_fixture
2026-05-12,001,33,2,synthetic_fixture
2026-05-13,001,33,2,synthetic_fixture
2026-05-14,001,33,2,synthetic_fixture
2026-04-17,001,34,3,synthetic_fixture
2026-04-18,001,34,4,synthetic_fixture
2026-04-19,001,34,3,synthetic_fixture
2026-04-20,001,34,4,synthetic_fixture
2026-04-21,001,34,5,synthetic_fixture
2026-04-22,001,34,4,synthetic_fixture
2026-04-23,001,34,2,synthetic_fixture
2026-04-24,001,34,4,synthetic_fixture
2026-04-25,001,34,5,synthetic_fixture
2026-04-26,001,34,4,synthetic_fixture
2026-04-27,001,34,3,synthetic_fixture
2026-04-28,001,34,4,synthetic_fixture
2026-04-29,001,34,2,synthetic_fixture
2026-04-30,001,34,4,synthetic_fixture
2026-05-01,001,34,3,synthetic_fixture
2026-05-02,001,34,4,synthetic_fixture
2026-05-03,001,34,3,synthetic_fixture
2026-05-04,001,34,3,synthetic_fixture
2026-05-05,001,34,4,synthetic_fixture
2026-05-06,001,34,5,synthetic_fixture
2026-05-07,001,34,4,synthetic_fixture
2026-05-08,001,34,3,synthetic_fixture
2026-05-09,001,34,3,synthetic_fixture
2026-05-10,001,34,3,synthetic_fixture
2026-05-11,001,34,3,synthetic_fixture
2026-05-12,001,34,3,synthetic_fixture
2026-05-13,001,34,3,synthetic_fixture
2026-05-14,001,34,4,synthetic_fixture
2026-04-17,001,35,4,synthetic_fixture
2026-04-18,001,35,3,synthetic_fixture
2026-04-19,001,35,4,synthetic_fixture
2026-04-20,001,35,4,synthetic_fixture
2026-04-21,001,35,3,synthetic_fixture
2026-04-22,001,35,4,synthetic_fixture
2026-04-23,001,35,4,synthetic_fixture
2026-04-24,001,35,4,synthetic_fixture
2026-04-25,001,35,3,synthetic_fixture
2026-04-26,001,35,4,synthetic_fixture
2026-04-27,001,35,5,synthetic_fixture
2026-04-28,001,35,3,synthetic_fixture
2026-04-29,001,35,4,synthetic_fixture
2026-04-30,001,35,4,synthetic_fixture
2026-05-01,001,35,5,synthetic_fixture
2026-05-02,001,35,4,synthetic_fixture
2026-05-03,001,35,5,synthetic_fixture
2026-05-04,001,35,4,synthetic_fixture
2026-05-05,001,35,5,synthetic_fixture
2026-05-06,001,35,3,synthetic_fixture
2026-05-07,001,35,4,synthetic_fixture
2026-05-08,001,35,4,synthetic_fixture
2026-05-09,001,35,3,synthetic_fixture
2026-05-10,001,35,3,synthetic_fixture
2026-05-11,001,35,4,synthetic_fixture
2026-05-12,001,35,5,synthetic_fixture
2026-05-13,001,35,4,synthetic_fixture
2026-05-14,001,35,3,synthetic_fixture
2026-04-17,001,36,1,synthetic_fixture
2026-04-18,001,36,1,synthetic_fixture
2026-04-19,001,36,1,synthetic_fixture
2026-04-20,001,36,1,synthetic_fixture
2026-04-21,001,36,1,synthetic_fixture
2026-04-22,001,36,1,synthetic_fixture
2026-04-23,001,36,1,synthetic_fixture
2026-04-24,001,36,1,synthetic_fixture
2026-04-25,001,36,1,synthetic_fixture
2026-04-26,001,36,1,synthetic_fixture
2026-04-27,001,36,1,synthetic_fixture
2026-04-28,001,36,1,synthetic_fixture
2026-04-29,001,36,1,synthetic_fixture
2026-04-30,001,36,1,synthetic_fixture
2026-05-01,001,36,1,synthetic_fixture
2026-05-02,001,36,1,synthetic_fixture
2026-05-03,001,36,1,synthetic_fixture
2026-05-04,001,36,1,synthetic_fixture
2026-05-05,001,36,1,synthetic_fixture
2026-05-06,001,36,1,synthetic_fixture
2026-05-07,001,36,0,synthetic_fixture
2026-05-08,001,36,1,synthetic_fixture
2026-05-09,001,36,1,synthetic_fixture
2026-05-10,001,36,1,synthetic_fixture
2026-05-11,001,36,1,synthetic_fixture
2026-05-12,001,36,1,synthetic_fixture
2026-05-13,001,36,1,synthetic_fixture
2026-05-14,001,36,1,synthetic_fixture
2026-04-17,002,1,1,synthetic_fixture
2026-04-18,002,1,1,synthetic_fixture
2026-04-19,002,1,1,synthetic_fixture
2026-04-20,002,1,1,synthetic_fixture
2026-04-21,002,1,1,synthetic_fixture
2026-04-22,002,1,1,synthetic_fixture
2026-04-23,002,1,1,synthetic_fixture
2026-04-24,002,1,1,synthetic_fixture
2026-04-25,002,1,2,synthetic_fixture
2026-04-26,002,1,1,synthetic_fixture
2026-04-27,002,1,1,synthetic_fixture
2026-04-28,002,1,1,synthetic_fixture
2026-04-29,002,1,1,synthetic_fixture
2026-04-30,002,1,1,synthetic_fixture
2026-05-01,002,1,1,synthetic_fixture
2026-05-02,002,1,1,synthetic_fixture
2026-05-03,002,1,1,synthetic_fixture
2026-05-04,002,1,1,synthetic_fixture
2026-05-05,002,1,1,synthetic_fixture
2026-05-06,002,1,1,synthetic_fixture
2026-05-07,002,1,1,synthetic_fixture
2026-05-08,002,1,1,synthetic_fixture
2026-05-09,002,1,1,synthetic_fixture
2026-05-10,002,1,1,synthetic_fixture
2026-05-11,002,1,1,synthetic_fixture
2026-05-12,002,1,1,synthetic_fixture
2026-05-13,002,1,1,synthetic_fixture
2026-05-14,002,1,1,synthetic_fixture
2026-04-17,002,2,3,synthetic_fixture
2026-04-18,002,2,3,synthetic_fixture
2026-04-19,002,2,2,synthetic_fixture
2026-04-20,002,2,3,synthetic_fixture
2026-04-21,002,2,3,synthetic_fixture
2026-04-22,002,2,5,synthetic_fixture
2026-04-23,002,2,4,synthetic_fixture
2026-04-24,002,2,3,synthetic_fixture
2026-04-25,002,2,5,synthetic_fixture
2026-04-26,002,2,3,synthetic_fixture
2026-04-27,002,2,3,synthetic_fixture
2026-04-28,002,2,2,synthetic_fixture
2026-04-29,002,2,5,synthetic_fixture
2026-04-30,002,2,3,synthetic_fixture
2026-05-01,002,2,4,synthetic_fixture
2026-05-02,002,2,4,synthetic_fixture
2026-05-03,002,2,4,synthetic_fixture
2026-05-04,002,2,3,synthetic_fixture
2026-05-05,002,2,3,synthetic_fixture
2026-05-06,002,2,3,synthetic_fixture
2026-05-07,002,2,4,synthetic_fixture
2026-05-08,002,2,2,synthetic_fixture
2026-05-09,002,2,4,synthetic_fixture
2026-05-10,002,2,3,synthetic_fixture
2026-05-11,002,2,2,synthetic_fixture
2026-05-12,002,2,3,synthetic_fixture
2026-05-13,002,2,4,synthetic_fixture
2026-05-14,002,2,4,synthetic_fixture
2026-04-17,002,3,1,synthetic_fixture
2026-04-18,002,3,1,synthetic_fixture
2026-04-19,002,3,1,synthetic_fixture
2026-04-20,002,3,1,synthetic_fixture
2026-04-21,002,3,1,synthetic_fixture
2026-04-22,002,3,1,synthetic_fixture
2026-04-23,002,3,1,synthetic_fixture
2026-04-24,002,3,1,synthetic_fixture
2026-04-25,002,3,1,synthetic_fixture
2026-04-26,002,3,1,synthetic_fixture
2026-04-27,002,3,1,synthetic_fixture
2026-04-28,002,3,1,synthetic_fixture
2026-04-29,002,3,1,synthetic_fixture
2026-04-30,002,3,1,synthetic_fixture
2026-05-01,002,3,1,synthetic_fixture
2026-05-02,002,3,1,synthetic_fixture
2026-05-03,002,3,1,synthetic_fixture
2026-05-04,002,3,1,synthetic_fixture
2026-05-05,002,3,1,synthetic_fixture
2026-05-06,002,3,1,synthetic_fixture
2026-05-07,002,3,1,synthetic_fixture
2026-05-08,002,3,1,synthetic_fixture
2026-05-09,002,3,1,synthetic_fixture
2026-05-10,002,3,1,synthetic_fixture
2026-05-11,002,3,1,synthetic_fixture
2026-05-12,002,3,1,synthetic_fixture
2026-05-13,002,3,1,synthetic_fixture
2026-05-14,002,3,1,synthetic_fixture
2026-04-17,002,4,4,synthetic_fixture
2026-04-18,002,4,3,synthetic_fixture
2026-04-19,002,4,2,synthetic_fixture
2026-04-20,002,4,4,synthetic_fixture
2026-04-21,002,4,2,synthetic_fixture
2026-04-22,002,4,3,synthetic_fixture
2026-04-23,002,4,3,synthetic_fixture
2026-04-24,002,4,4,synthetic_fixture
2026-04-25,002,4,3,synthetic_fixture
2026-04-26,002,4,2,synthetic_fixture
2026-04-27,002,4,3,synthetic_fixture
2026-04-28,002,4,3,synthetic_fixture
2026-04-29,002,4,4,synthetic_fixture
2026-04-30,002,4,4,synthetic_fixture
2026-05-01,002,4,2,synthetic_fixture
2026-05-02,002,4,3,synthetic_fixture
2026-05-03,002,4,3,synthetic_fixture
2026-05-04,002,4,4,synthetic_fixture
2026-05-05,002,4,3,synthetic_fixture
2026-05-06,002,4,4,synthetic_fixture
2026-05-07,002,4,4,synthetic_fixture
2026-05-08,002,4,2,synthetic_fixture
2026-05-09,002,4,3,synthetic_fixture
2026-05-10,002,4,4,synthetic_fixture
2026-05-11,002,4,3,synthetic_fixture
2026-05-12,002,4,4,synthetic_fixture
2026-05-13,002,4,3,synthetic_fixture
2026-05-14,002,4,3,synthetic_fixture
2026-04-17,002,5,3,synthetic_fixture
2026-04-18,002,5,4,synthetic_fixture
2026-04-19,002,5,2,synthetic_fixture
2026-04-20,002,5,3,synthetic_fixture
2026-04-21,002,5,3,synthetic_fixture
2026-04-22,002,5,4,synthetic_fixture
2026-04-23,002,5,3,synthetic_fixture
2026-04-24,002,5,4,synthetic_fixture
2026-04-25,002,5,3,synthetic_fixture
2026-04-26,002,5,3,synthetic_fixture
2026-04-27,002,5,3,synthetic_fixture
2026-04-28,002,5,4,synthetic_fixture
2026-04-29,002,5,3,synthetic_fixture
2026-04-30,002,5,3,synthetic_fixture
2026-05-01,002,5,2,synthetic_fixture
2026-05-02,002,5,4,synthetic_fixture
2026-05-03,002,5,3,synthetic_fixture
2026-05-04,002,5,3,synthetic_fixture
2026-05-05,002,5,3,synthetic_fixture
2026-05-06,002,5,5,synthetic_fixture
2026-05-07,002,5,4,synthetic_fixture
2026-05-08,002,5,3,synthetic_fixture
2026-05-09,002,5,3,synthetic_fixture
2026-05-10,002,5,4,synthetic_fixture
2026-05-11,002,5,2,synthetic_fixture
2026-05-12,002,5,4,synthetic_fixture
2026-05-13,002,5,4,synthetic_fixture
2026-05-14,002,5,4,synthetic_fixture
2026-04-17,002,6,4,synthetic_fixture
2026-04-18,002,6,4,synthetic_fixture
2026-04-19,002,6,5,synthetic_fixture
2026-04-20,002,6,6,synthetic_fixture
2026-04-21,002,6,4,synthetic_fixture
2026-04-22,002,6,5,synthetic_fixture
2026-04-23,002,6,4,synthetic_fixture
2026-04-24,002,6,5,synthetic_fixture
2026-04-25,002,6,4,synthetic_fixture
2026-04-26,002,6,6,synthetic_fixture
2026-04-27,002,6,5,synthetic_fixture
2026-04-28,002,6,6,synthetic_fixture
2026-04-29,002,6,6,synthetic_fixture
2026-04-30,002,6,6,synthetic_fixture
2026-05-01,002,6,6,synthetic_fixture
2026-05-02,002,6,7,synthetic_fixture
2026-05-03,002,6,6,synthetic_fixture
2026-05-04,002,6,7,synthetic_fixture
2026-05-05,002,6,5,synthetic_fixture
2026-05-06,002,6,6,synthetic_fixture
2026-05-07,002,6,6,synthetic_fixture
2026-05-08,002,6,4,synthetic_fixture
2026-05-09,002,6,5,synthetic_fixture
2026-05-10,002,6,6,synthetic_fixture
2026-05-11,002,6,5,synthetic_fixture
2026-05-12,002,6,5,synthetic_fixture
2026-05-13,002,6,5,synthetic_fixture
2026-05-14,002,6,6,synthetic_fixture
2026-04-17,002,7,1,synthetic_fixture
2026-04-18,002,7,2,synthetic_fixture
2026-04-19,002,7,1,synthetic_fixture
2026-04-20,002,7,1,synthetic_fixture
2026-04-21,002,7,1,synthetic_fixture
2026-04-22,002,7,1,synthetic_fixture
2026-04-23,002,7,1,synthetic_fixture
2026-04-24,002,7,1,synthetic_fixture
2026-04-25,002,7,2,synthetic_fixture
2026-04-26,002,7,2,synthetic_fixture
2026-04-27,002,7,2,synthetic_fixture
2026-04-28,002,7,2,synthetic_fixture
2026-04-29,002,7,2,synthetic_fixture
2026-04-30,002,7,2,synthetic_fixture
2026-05-01,002,7,2,synthetic_fixture
2026-05-02,002,7,1,synthetic_fixture
2026-05-03,002,7,1,synthetic_fixture
2026-05-04,002,7,1,synthetic_fixture
2026-05-05,002,7,1,synthetic_fixture
2026-05-06,002,7,1,synthetic_fixture
2026-05-07,002,7,1,synthetic_fixture
2026-05-08,002,7,2,synthetic_fixture
2026-05-09,002,7,2,synthetic_fixture
2026-05-10,002,7,1,synthetic_fixture
2026-05-11,002,7,1,synthetic_fixture
2026-05-12,002,7,1,synthetic_fixture
2026-05-13,002,7,1,synthetic_fixture
2026-05-14,002,7,1,synthetic_fixture
2026-04-17,002,8,3,synthetic_fixture
2026-04-18,002,8,3,synthetic_fixture
2026-04-19,002,8,3,synthetic_fixture
2026-04-20,002,8,3,synthetic_fixture
2026-04-21,002,8,3,synthetic_fixture
2026-04-22,002,8,2,synthetic_fixture
2026-04-23,002,8,3,synthetic_fixture
2026-04-24,002,8,3,synthetic_fixture
2026-04-25,002,8,3,synthetic_fixture
2026-04-26,002,8,3,synthetic_fixture
2026-04-27,002,8,3,synthetic_fixture
2026-04-28,002,8,2,synthetic_fixture
2026-04-29,002,8,3,synthetic_fixture
2026-04-30,002,8,3,synthetic_fixture
2026-05-01,002,8,2,synthetic_fixture
2026-05-02,002,8,2,synthetic_fixture
2026-05-03,002,8,4,synthetic_fixture
2026-05-04,002,8,2,synthetic_fixture
2026-05-05,002,8,3,synthetic_fixture
2026-05-06,002,8,2,synthetic_fixture
2026-05-07,002,8,2,synthetic_fixture
2026-05-08,002,8,2,synthetic_fixture
2026-05-09,002,8,3,synthetic_fixture
2026-05-10,002,8,3,synthetic_fixture
2026-05-11,002,8,3,synthetic_fixture
2026-05-12,002,8,2,synthetic_fixture
2026-05-13,002,8,3,synthetic_fixture
2026-05-14,002,8,3,synthetic_fixture
2026-04-17,002,9,4,synthetic_fixture
2026-04-18,002,9,4,synthetic_fixture
2026-04-19,002,9,6,synthetic_fixture
2026-04-20,002,9,3,synthetic_fixture
2026-04-21,002,9,4,synthetic_fixture
2026-04-22,002,9,6,synthetic_fixture
2026-04-23,002,9,5,synthetic_fixture
2026-04-24,002,9,5,synthetic_fixture
2026-04-25,002,9,5,synthetic_fixture
2026-04-26,002,9,6,synthetic_fixture
2026-04-27,002,9,4,synthetic_fixture
2026-04-28,002,9,4,synthetic_fixture
2026-04-29,002,9,6,synthetic_fixture
2026-04-30,002,9,6,synthetic_fixture
2026-05-01,002,9,5,synthetic_fixture
2026-05-02,002,9,4,synthetic_fixture
2026-05-03,002,9,4,synthetic_fixture
2026-05-04,002,9,4,synthetic_fixture
2026-05-05,002,9,4,synthetic_fixture
2026-05-06,002,9,6,synthetic_fixture
2026-05-07,002,9,4,synthetic_fixture
2026-05-08,002,9,6,synthetic_fixture
2026-05-09,002,9,4,synthetic_fixture
2026-05-10,002,9,4,synthetic_fixture
2026-05-11,002,9,7,synthetic_fixture
2026-05-12,002,9,6,synthetic_fixture
2026-05-13,002,9,6,synthetic_fixture
2026-05-14,002,9,4,synthetic_fixture
2026-04-17,002,10,1,synthetic_fixture
2026-04-18,002,10,1,synthetic_fixture
2026-04-19,002,10,1,synthetic_fixture
2026-04-20,002,10,1,synthetic_fixture
2026-04-21,002,10,1,synthetic_fixture
2026-04-22,002,10,1,synthetic_fixture
2026-04-23,002,10,1,synthetic_fixture
2026-04-24,002,10,1,synthetic_fixture
2026-04-25,002,10,1,synthetic_fixture
2026-04-26,002,10,1,synthetic_fixture
2026-04-27,002,10,1,synthetic_fixture
2026-04-28,002,10,1,synthetic_fixture
2026-04-29,002,10,1,synthetic_fixture
2026-04-30,002,10,1,synthetic_fixture
2026-05-01,002,10,1,synthetic_fixture
2026-05-02,002,10,1,synthetic_fixture
2026-05-03,002,10,1,synthetic_fixture
2026-05-04,002,10,1,synthetic_fixture
2026-05-05,002,10,1,synthetic_fixture
2026-05-06,002,10,1,synthetic_fixture
2026-05-07,002,10,1,synthetic_fixture
2026-05-08,002,10,1,synthetic_fixture
2026-05-09,002,10,1,synthetic_fixture
2026-05-10,002,10,1,synthetic_fixture
2026-05-11,002,10,1,synthetic_fixture
2026-05-12,002,10,1,synthetic_fixture
2026-05-13,002,10,1,synthetic_fixture
2026-05-14,002,10,1,synthetic_fixture
2026-04-17,002,11,2,synthetic_fixture
2026-04-18,002,11,2,synthetic_fixture
2026-04-19,002,11,2,synthetic_fixture
2026-04-20,002,11,1,synthetic_fixture
2026-04-21,002,11,2,synthetic_fixture
2026-04-22,002,11,2,synthetic_fixture
2026-04-23,002,11,1,synthetic_fixture
2026-04-24,002,11,2,synthetic_fixture
2026-04-25,002,11,2,synthetic_fixture
2026-04-26,002,11,2,synthetic_fixture
2026-04-27,002,11,2,synthetic_fixture
2026-04-28,002,11,2,synthetic_fixture
2026-04-29,002,11,2,synthetic_fixture
2026-04-30,002,11,1,synthetic_fixture
2026-05-01,002,11,2,synthetic_fixture
2026-05-02,002,11,2,synthetic_fixture
2026-05-03,002,11,2,synthetic_fixture
2026-05-04,002,11,2,synthetic_fixture
2026-05-05,002,11,2,synthetic_fixture
2026-05-06,002,11,2,synthetic_fixture
2026-05-07,002,11,1,synthetic_fixture
2026-05-08,002,11,2,synthetic_fixture
2026-05-09,002,11,2,synthetic_fixture
2026-05-10,002,11,2,synthetic_fixture
2026-05-11,002,11,1,synthetic_fixture
2026-05-12,002,11,2,synthetic_fixture
2026-05-13,002,11,1,synthetic_fixture
2026-05-14,002,11,1,synthetic_fixture
2026-04-17,002,12,4,synthetic_fixture
2026-04-18,002,12,4,synthetic_fixture
2026-04-19,002,12,4,synthetic_fixture
2026-04-20,002,12,3,synthetic_fixture
2026-04-21,002,12,4,synthetic_fixture
2026-04-22,002,12,4,synthetic_fixture
2026-04-23,002,12,4,synthetic_fixture
2026-04-24,002,12,5,synthetic_fixture
2026-04-25,002,12,3,synthetic_fixture
2026-04-26,002,12,3,synthetic_fixture
2026-04-27,002,12,4,synthetic_fixture
2026-04-28,002,12,6,synthetic_fixture
2026-04-29,002,12,5,synthetic_fixture
2026-04-30,002,12,5,synthetic_fixture
2026-05-01,002,12,4,synthetic_fixture
2026-05-02,002,12,6,synthetic_fixture
2026-05-03,002,12,5,synthetic_fixture
2026-05-04,002,12,4,synthetic_fixture
2026-05-05,002,12,3,synthetic_fixture
2026-05-06,002,12,4,synthetic_fixture
2026-05-07,002,12,4,synthetic_fixture
2026-05-08,002,12,5,synthetic_fixture
2026-05-09,002,12,3,synthetic_fixture
2026-05-10,002,12,6,synthetic_fixture
2026-05-11,002,12,4,synthetic_fixture
2026-05-12,002,12,3,synthetic_fixture
2026-05-13,002,12,4,synthetic_fixture
2026-05-14,002,12,3,synthetic_fixture
2026-04-17,002,13,3,synthetic_fixture
2026-04-18,002,13,3,synthetic_fixture
2026-04-19,002,13,3,synthetic_fixture
2026-04-20,002,13,3,synthetic_fixture
2026-04-21,002,13,5,synthetic_fixture
2026-04-22,002,13,3,synthetic_fixture
2026-04-23,002,13,4,synthetic_fixture
2026-04-24,002,13,5,synthetic_fixture
2026-04-25,002,13,3,synthetic_fixture
2026-04-26,002,13,3,synthetic_fixture
2026-04-27,002,13,2,synthetic_fixture
2026-04-28,002,13,3,synthetic_fixture
2026-04-29,002,13,4,synthetic_fixture
2026-04-30,002,13,4,synthetic_fixture
2026-05-01,002,13,4,synthetic_fixture
2026-05-02,002,13,4,synthetic_fixture
2026-05-03,002,13,5,synthetic_fixture
2026-05-04,002,13,3,synthetic_fixture
2026-05-05,002,13,3,synthetic_fixture
2026-05-06,002,13,3,synthetic_fixture
2026-05-07,002,13,3,synthetic_fixture
2026-05-08,002,13,3,synthetic_fixture
2026-05-09,002,13,3,synthetic_fixture
2026-05-10,002,13,4,synthetic_fixture
2026-05-11,002,13,3,synthetic_fixture
2026-05-12,002,13,5,synthetic_fixture
2026-05-13,002,13,5,synthetic_fixture
2026-05-14,002,13,3,synthetic_fixture
2026-04-17,002,14,4,synthetic_fixture
2026-04-18,002,14,5,synthetic_fixture
2026-04-19,002,14,6,synthetic_fixture
2026-04-20,002,14,4,synthetic_fixture
2026-04-21,002,14,6,synthetic_fixture
2026-04-22,002,14,5,synthetic_fixture
2026-04-23,002,14,6,synthetic_fixture
2026-04-24,002,14,6,synthetic_fixture
2026-04-25,002,14,5,synthetic_fixture
2026-04-26,002,14,5,synthetic_fixture
2026-04-27,002,14,5,synthetic_fixture
2026-04-28,002,14,5,synthetic_fixture
2026-04-29,002,14,6,synthetic_fixture
2026-04-30,002,14,6,synthetic_fixture
2026-05-01,002,14,4,synthetic_fixture
2026-05-02,002,14,5,synthetic_fixture
2026-05-03,002,14,4,synthetic_fixture
2026-05-04,002,14,5,synthetic_fixture
2026-05-05,002,14,4,synthetic_fixture
2026-05-06,002,14,4,synthetic_fixture
2026-05-07,002,14,6,synthetic_fixture
2026-05-08,002,14,5,synthetic_fixture
2026-05-09,002,14,6,synthetic_fixture
2026-05-10,002,14,7,synthetic_fixture
2026-05-11,002,14,6,synthetic_fixture
2026-05-12,002,14,4,synthetic_fixture
2026-05-13,002,14,5,synthetic_fixture
2026-05-14,002,14,6,synthetic_fixture
2026-04-17,002,15,3,synthetic_fixture
2026-04-18,002,15,3,synthetic_fixture
2026-04-19,002,15,3,synthetic_fixture
2026-04-20,002,15,4,synthetic_fixture
2026-04-21,002,15,2,synthetic_fixture
2026-04-22,002,15,4,synthetic_fixture
2026-04-23,002,15,4,synthetic_fixture
2026-04-24,002,15,3,synthetic_fixture
2026-04-25,002,15,3,synthetic_fixture
2026-04-26,002,15,4,synthetic_fixture
2026-04-27,002,15,3,synthetic_fixture
2026-04-28,002,15,3,synthetic_fixture
2026-04-29,002,15,3,synthetic_fixture
2026-04-30,002,15,3,synthetic_fixture
2026-05-01,002,15,2,synthetic_fixture
2026-05-02,002,15,3,synthetic_fixture
2026-05-03,002,15,4,synthetic_fixture
2026-05-04,002,15,4,synthetic_fixture
2026-05-05,002,15,2,synthetic_fixture
2026-05-06,002,15,4,synthetic_fixture
2026-05-07,002,15,3,synthetic_fixture
2026-05-08,002,15,4,synthetic_fixture
2026-05-09,002,15,2,synthetic_fixture
2026-05-10,002,15,3,synthetic_fixture
2026-05-11,002,15,2,synthetic_fixture
2026-05-12,002,15,4,synthetic_fixture
2026-05-13,002,15,4,synthetic_fixture
2026-05-14,002,15,4,synthetic_fixture
2026-04-17,002,16,2,synthetic_fixture
2026-04-18,002,16,1,synthetic_fixture
2026-04-19,002,16,2,synthetic_fixture
2026-04-20,002,16,2,synthetic_fixture
2026-04-21,002,16,2,synthetic_fixture
2026-04-22,002,16,2,synthetic_fixture
2026-04-23,002,16,1,synthetic_fixture
2026-04-24,002,16,2,synthetic_fixture
2026-04-25,002,16,1,synthetic_fixture
2026-04-26,002,16,2,synthetic_fixture
2026-04-27,002,16,2,synthetic_fixture
2026-04-28,002,16,1,synthetic_fixture
2026-04-29,002,16,2,synthetic_fixture
2026-04-30,002,16,2,synthetic_fixture
2026-05-01,002,16,2,synthetic_fixture
2026-05-02,002,16,1,synthetic_fixture
2026-05-03,002,16,2,synthetic_fixture
2026-05-04,002,16,1,synthetic_fixture
2026-05-05,002,16,2,synthetic_fixture
2026-05-06,002,16,2,synthetic_fixture
2026-05-07,002,16,1,synthetic_fixture
2026-05-08,002,16,2,synthetic_fixture
2026-05-09,002,16,2,synthetic_fixture
2026-05-10,002,16,1,synthetic_fixture
2026-05-11,002,16,1,synthetic_fixture
2026-05-12,002,16,1,synthetic_fixture
2026-05-13,002,16,1,synthetic_fixture
2026-05-14,002,16,1,synthetic_fixture
2026-04-17,002,17,5,synthetic_fixture
2026-04-18,002,17,3,synthetic_fixture
2026-04-19,002,17,4,synthetic_fixture
2026-04-20,002,17,5,synthetic_fixture
2026-04-21,002,17,5,synthetic_fixture
2026-04-22,002,17,5,synthetic_fixture
2026-04-23,002,17,6,synthetic_fixture
2026-04-24,002,17,4,synthetic_fixture
2026-04-25,002,17,4,synthetic_fixture
2026-04-26,002,17,5,synthetic_fixture
2026-04-27,002,17,5,synthetic_fixture
2026-04-28,002,17,6,synthetic_fixture
2026-04-29,002,17,5,synthetic_fixture
2026-04-30,002,17,6,synthetic_fixture
2026-05-01,002,17,5,synthetic_fixture
2026-05-02,002,17,5,synthetic_fixture
2026-05-03,002,17,6,synthetic_fixture
2026-05-04,002,17,6,synthetic_fixture
2026-05-05,002,17,4,synthetic_fixture
2026-05-06,002,17,4,synthetic_fixture
2026-05-07,002,17,5,synthetic_fixture
2026-05-08,002,17,5,synthetic_fixture
2026-05-09,002,17,4,synthetic_fixture
2026-05-10,002,17,6,synthetic_fixture
2026-05-11,002,17,5,synthetic_fixture
2026-05-12,002,17,5,synthetic_fixture
2026-05-13,002,17,5,synthetic_fixture
2026-05-14,002,17,5,synthetic_fixture
2026-04-17,002,18,2,synthetic_fixture
2026-04-18,002,18,2,synthetic_fixture
2026-04-19,002,18,2,synthetic_fixture
2026-04-20,002,18,3,synthetic_fixture
2026-04-21,002,18,1,synthetic_fixture
2026-04-22,002,18,1,synthetic_fixture
2026-04-23,002,18,3,synthetic_fixture
2026-04-24,002,18,3,synthetic_fixture
2026-04-25,002,18,2,synthetic_fixture
2026-04-26,002,18,2,synthetic_fixture
2026-04-27,002,18,2,synthetic_fixture
2026-04-28,002,18,1,synthetic_fixture
2026-04-29,002,18,2,synthetic_fixture
2026-04-30,002,18,2,synthetic_fixture
2026-05-01,002,18,2,synthetic_fixture
2026-05-02,002,18,2,synthetic_fixture
2026-05-03,002,18,1,synthetic_fixture
2026-05-04,002,18,2,synthetic_fixture
2026-05-05,002,18,3,synthetic_fixture
2026-05-06,002,18,2,synthetic_fixture
2026-05-07,002,18,2,synthetic_fixture
2026-05-08,002,18,2,synthetic_fixture
2026-05-09,002,18,2,synthetic_fixture
2026-05-10,002,18,2,synthetic_fixture
2026-05-11,002,18,3,synthetic_fixture
2026-05-12,002,18,3,synthetic_fixture
2026-05-13,002,18,2,synthetic_fixture
2026-05-14,002,18,3,synthetic_fixture
2026-04-17,002,19,2,synthetic_fixture
2026-04-18,002,19,1,synthetic_fixture
2026-04-19,002,19,2,synthetic_fixture
2026-04-20,002,19,2,synthetic_fixture
2026-04-21,002,19,1,synthetic_fixture
2026-04-22,002,19,1,synthetic_fixture
2026-04-23,002,19,2,synthetic_fixture
2026-04-24,002,19,1,synthetic_fixture
2026-04-25,002,19,1,synthetic_fixture
2026-04-26,002,19,1,synthetic_fixture
2026-04-27,002,19,2,synthetic_fixture
2026-04-28,002,19,1,synthetic_fixture
2026-04-29,002,19,1,synthetic_fixture
2026-04-30,002,19,1,synthetic_fixture
2026-05-01,002,19,1,synthetic_fixture
2026-05-02,002,19,2,synthetic_fixture
2026-05-03,002,19,2,synthetic_fixture
2026-05-04,002,19,2,synthetic_fixture
2026-05-05,002,19,1,synthetic_fixture
2026-05-06,002,19,1,synthetic_fixture
2026-05-07,002,19,1,synthetic_fixture
2026-05-08,002,19,2,synthetic_fixture
2026-05-09,002,19,1,synthetic_fixture
2026-05-10,002,19,1,synthetic_fixture
2026-05-11,002,19,2,synthetic_fixture
2026-05-12,002,19,2,synthetic_fixture
2026-05-13,002,19,1,synthetic_fixture
2026-05-14,002,19,1,synthetic_fixture
2026-04-17,002,20,1,synthetic_fixture
2026-04-18,002,20,1,synthetic_fixture
2026-04-19,002,20,0,synthetic_fixture
2026-04-20,002,20,1,synthetic_fixture
2026-04-21,002,20,0,synthetic_fixture
2026-04-22,002,20,1,synthetic_fixture
2026-04-23,002,20,1,synthetic_fixture
2026-04-24,002,20,0,synthetic_fixture
2026-04-25,002,20,1,synthetic_fixture
2026-04-26,002,20,1,synthetic_fixture
2026-04-27,002,20,0,synthetic_fixture
2026-04-28,002,20,0,synthetic_fixture
2026-04-29,002,20,1,synthetic_fixture
2026-04-30,002,20,0,synthetic_fixture
2026-05-01,002,20,0,synthetic_fixture
2026-05-02,002,20,0,synthetic_fixture
2026-05-03,002,20,1,synthetic_fixture
2026-05-04,002,20,1,synthetic_fixture
2026-05-05,002,20,0,synthetic_fixture
2026-05-06,002,20,0,synthetic_fixture
2026-05-07,002,20,1,synthetic_fixture
2026-05-08,002,20,0,synthetic_fixture
2026-05-09,002,20,1,synthetic_fixture
2026-05-10,002,20,0,synthetic_fixture
2026-05-11,002,20,1,synthetic_fixture
2026-05-12,002,20,0,synthetic_fixture
2026-05-13,002,20,1,synthetic_fixture
2026-05-14,002,20,0,synthetic_fixture
2026-04-17,002,21,4,synthetic_fixture
2026-04-18,002,21,4,synthetic_fixture
2026-04-19,002,21,4,synthetic_fixture
2026-04-20,002,21,6,synthetic_fixture
2026-04-21,002,21,4,synthetic_fixture
2026-04-22,002,21,7,synthetic_fixture
2026-04-23,002,21,7,synthetic_fixture
2026-04-24,002,21,4,synthetic_fixture
2026-04-25,002,21,6,synthetic_fixture
2026-04-26,002,21,4,synthetic_fixture
2026-04-27,002,21,4,synthetic_fixture
2026-04-28,002,21,4,synthetic_fixture
2026-04-29,002,21,4,synthetic_fixture
2026-04-30,002,21,5,synthetic_fixture
2026-05-01,002,21,5,synthetic_fixture
2026-05-02,002,21,7,synthetic_fixture
2026-05-03,002,21,7,synthetic_fixture
2026-05-04,002,21,4,synthetic_fixture
2026-05-05,002,21,6,synthetic_fixture
2026-05-06,002,21,5,synthetic_fixture
2026-05-07,002,21,7,synthetic_fixture
2026-05-08,002,21,5,synthetic_fixture
2026-05-09,002,21,4,synthetic_fixture
2026-05-10,002,21,6,synthetic_fixture
2026-05-11,002,21,7,synthetic_fixture
2026-05-12,002,21,7,synthetic_fixture
2026-05-13,002,21,5,synthetic_fixture
2026-05-14,002,21,6,synthetic_fixture
2026-04-17,002,22,2,synthetic_fixture
2026-04-18,002,22,1,synthetic_fixture
2026-04-19,002,22,2,synthetic_fixture
2026-04-20,002,22,1,synthetic_fixture
2026-04-21,002,22,1,synthetic_fixture
2026-04-22,002,22,1,synthetic_fixture
2026-04-23,002,22,1,synthetic_fixture
2026-04-24,002,22,1,synthetic_fixture
2026-04-25,002,22,2,synthetic_fixture
2026-04-26,002,22,1,synthetic_fixture
2026-04-27,002,22,1,synthetic_fixture
2026-04-28,002,22,1,synthetic_fixture
2026-04-29,002,22,1,synthetic_fixture
2026-04-30,002,22,1,synthetic_fixture
2026-05-01,002,22,2,synthetic_fixture
2026-05-02,002,22,1,synthetic_fixture
2026-05-03,002,22,1,synthetic_fixture
2026-05-04,002,22,1,synthetic_fixture
2026-05-05,002,22,1,synthetic_fixture
2026-05-06,002,22,2,synthetic_fixture
2026-05-07,002,22,1,synthetic_fixture
2026-05-08,002,22,1,synthetic_fixture
2026-05-09,002,22,1,synthetic_fixture
2026-05-10,002,22,1,synthetic_fixture
2026-05-11,002,22,1,synthetic_fixture
2026-05-12,002,22,2,synthetic_fixture
2026-05-13,002,22,1,synthetic_fixture
2026-05-14,002,22,2,synthetic_fixture
2026-04-17,002,23,5,synthetic_fixture
2026-04-18,002,23,4,synthetic_fixture
2026-04-19,002,23,5,synthetic_fixture
2026-04-20,002,23,4,synthetic_fixture
2026-04-21,002,23,7,synthetic_fixture
2026-04-22,002,23,7,synthetic_fixture
2026-04-23,002,23,5,synthetic_fixture
2026-04-24,002,23,6,synthetic_fixture
2026-04-25,002,23,6,synthetic_fixture
2026-04-26,002,23,4,synthetic_fixture
2026-04-27,002,23,4,synthetic_fixture
2026-04-28,002,23,5,synthetic_fixture
2026-04-29,002,23,4,synthetic_fixture
2026-04-30,002,23,4,synthetic_fixture
2026-05-01,002,23,5,synthetic_fixture
2026-05-02,002,23,4,synthetic_fixture
2026-05-03,002,23,7,synthetic_fixture
2026-05-04,002,23,5,synthetic_fixture
2026-05-05,002,23,4,synthetic_fixture
2026-05-06,002,23,6,synthetic_fixture
2026-05-07,002,23,7,synthetic_fixture
2026-05-08,002,23,5,synthetic_fixture
2026-05-09,002,23,6,synthetic_fixture
2026-05-10,002,23,5,synthetic_fixture
2026-05-11,002,23,5,synthetic_fixture
2026-05-12,002,23,4,synthetic_fixture
2026-05-13,002,23,6,synthetic_fixture
2026-05-14,002,23,6,synthetic_fixture
2026-04-17,002,24,6,synthetic_fixture
2026-04-18,002,24,6,synthetic_fixture
2026-04-19,002,24,4,synthetic_fixture
2026-04-20,002,24,5,synthetic_fixture
2026-04-21,002,24,7,synthetic_fixture
2026-04-22,002,24,6,synthetic_fixture
2026-04-23,002,24,5,synthetic_fixture
2026-04-24,002,24,5,synthetic_fixture
2026-04-25,002,24,7,synthetic_fixture
2026-04-26,002,24,7,synthetic_fixture
2026-04-27,002,24,4,synthetic_fixture
2026-04-28,002,24,6,synthetic_fixture
2026-04-29,002,24,4,synthetic_fixture
2026-04-30,002,24,5,synthetic_fixture
2026-05-01,002,24,5,synthetic_fixture
2026-05-02,002,24,4,synthetic_fixture
2026-05-03,002,24,4,synthetic_fixture
2026-05-04,002,24,7,synthetic_fixture
2026-05-05,002,24,7,synthetic_fixture
2026-05-06,002,24,6,synthetic_fixture
2026-05-07,002,24,6,synthetic_fixture
2026-05-08,002,24,4,synthetic_fixture
2026-05-09,002,24,4,synthetic_fixture
2026-05-10,002,24,5,synthetic_fixture
2026-05-11,002,24,6,synthetic_fixture
2026-05-12,002,24,5,synthetic_fixture
2026-05-13,002,24,6,synthetic_fixture
2026-05-14,002,24,4,synthetic_fixture
2026-04-17,002,25,2,synthetic_fixture
2026-04-18,002,25,2,synthetic_fixture
2026-04-19,002,25,2,synthetic_fixture
2026-04-20,002,25,3,synthetic_fixture
2026-04-21,002,25,3,synthetic_fixture
2026-04-22,002,25,3,synthetic_fixture
2026-04-23,002,25,2,synthetic_fixture
2026-04-24,002,25,3,synthetic_fixture
2026-04-25,002,25,3,synthetic_fixture
2026-04-26,002,25,2,synthetic_fixture
2026-04-27,002,25,3,synthetic_fixture
2026-04-28,002,25,3,synthetic_fixture
2026-04-29,002,25,2,synthetic_fixture
2026-04-30,002,25,2,synthetic_fixture
2026-05-01,002,25,3,synthetic_fixture
2026-05-02,002,25,2,synthetic_fixture
2026-05-03,002,25,2,synthetic_fixture
2026-05-04,002,25,2,synthetic_fixture
2026-05-05,002,25,2,synthetic_fixture
2026-05-06,002,25,2,synthetic_fixture
2026-05-07,002,25,3,synthetic_fixture
2026-05-08,002,25,3,synthetic_fixture
2026-05-09,002,25,3,synthetic_fixture
2026-05-10,002,25,2,synthetic_fixture
2026-05-11,002,25,2,synthetic_fixture
2026-05-12,002,25,3,synthetic_fixture
2026-05-13,002,25,2,synthetic_fixture
2026-05-14,002,25,3,synthetic_fixture
2026-04-17,002,26,3,synthetic_fixture
2026-04-18,002,26,2,synthetic_fixture
2026-04-19,002,26,2,synthetic_fixture
2026-04-20,002,26,3,synthetic_fixture
2026-04-21,002,26,2,synthetic_fixture
2026-04-22,002,26,2,synthetic_fixture
2026-04-23,002,26,3,synthetic_fixture
2026-04-24,002,26,2,synthetic_fixture
2026-04-25,002,26,2,synthetic_fixture
2026-04-26,002,26,3,synthetic_fixture
2026-04-27,002,26,3,synthetic_fixture
2026-04-28,002,26,3,synthetic_fixture
2026-04-29,002,26,4,synthetic_fixture
2026-04-30,002,26,3,synthetic_fixture
2026-05-01,002,26,2,synthetic_fixture
2026-05-02,002,26,2,synthetic_fixture
2026-05-03,002,26,3,synthetic_fixture
2026-05-04,002,26,3,synthetic_fixture
2026-05-05,002,26,3,synthetic_fixture
2026-05-06,002,26,2,synthetic_fixture
2026-05-07,002,26,3,synthetic_fixture
2026-05-08,002,26,2,synthetic_fixture
2026-05-09,002,26,2,synthetic_fixture
2026-05-10,002,26,3,synthetic_fixture
2026-05-11,002,26,2,synthetic_fixture
2026-05-12,002,26,2,synthetic_fixture
2026-05-13,002,26,2,synthetic_fixture
2026-05-14,002,26,3,synthetic_fixture
2026-04-17,002,27,3,synthetic_fixture
2026-04-18,002,27,2,synthetic_fixture
2026-04-19,002,27,3,synthetic_fixture
2026-04-20,002,27,2,synthetic_fixture
2026-04-21,002,27,3,synthetic_fixture
2026-04-22,002,27,2,synthetic_fixture
2026-04-23,002,27,2,synthetic_fixture
2026-04-24,002,27,2,synthetic_fixture
2026-04-25,002,27,2,synthetic_fixture
2026-04-26,002,27,3,synthetic_fixture
2026-04-27,002,27,3,synthetic_fixture
2026-04-28,002,27,2,synthetic_fixture
2026-04-29,002,27,3,synthetic_fixture
2026-04-30,002,27,3,synthetic_fixture
2026-05-01,002,27,2,synthetic_fixture
2026-05-02,002,27,2,synthetic_fixture
2026-05-03,002,27,2,synthetic_fixture
2026-05-04,002,27,3,synthetic_fixture
2026-05-05,002,27,3,synthetic_fixture
2026-05-06,002,27,2,synthetic_fixture
2026-05-07,002,27,2,synthetic_fixture
2026-05-08,002,27,2,synthetic_fixture
2026-05-09,002,27,2,synthetic_fixture
2026-05-10,002,27,2,synthetic_fixture
2026-05-11,002,27,3,synthetic_fixture
2026-05-12,002,27,3,synthetic_fixture
2026-05-13,002,27,3,synthetic_fixture
2026-05-14,002,27,2,synthetic_fixture
2026-04-17,002,28,5,synthetic_fixture
2026-04-18,002,28,3,synthetic_fixture
2026-04-19,002,28,5,synthetic_fixture
2026-04-20,002,28,6,synthetic_fixture
2026-04-21,002,28,4,synthetic_fixture
2026-04-22,002,28,3,synthetic_fixture
2026-04-23,002,28,6,synthetic_fixture
2026-04-24,002,28,4,synthetic_fixture
2026-04-25,002,28,4,synthetic_fixture
2026-04-26,002,28,5,synthetic_fixture
2026-04-27,002,28,6,synthetic_fixture
2026-04-28,002,28,4,synthetic_fixture
2026-04-29,002,28,4,synthetic_fixture
2026-04-30,002,28,4,synthetic_fixture
2026-05-01,002,28,6,synthetic_fixture
2026-05-02,002,28,4,synthetic_fixture
2026-05-03,002,28,6,synthetic_fixture
2026-05-04,002,28,6,synthetic_fixture
2026-05-05,002,28,5,synthetic_fixture
2026-05-06,002,28,5,synthetic_fixture
2026-05-07,002,28,4,synthetic_fixture
2026-05-08,002,28,6,synthetic_fixture
2026-05-09,002,28,6,synthetic_fixture
2026-05-10,002,28,6,synthetic_fixture
2026-05-11,002,28,6,synthetic_fixture
2026-05-12,002,28,6,synthetic_fixture
2026-05-13,002,28,6,synthetic_fixture
2026-05-14,002,28,5,synthetic_fixture
2026-04-17,002,29,5,synthetic_fixture
2026-04-18,002,29,3,synthetic_fixture
2026-04-19,002,29,5,synthetic_fixture
2026-04-20,002,29,6,synthetic_fixture
2026-04-21,002,29,5,synthetic_fixture
2026-04-22,002,29,3,synthetic_fixture
2026-04-23,002,29,4,synthetic_fixture
2026-04-24,002,29,6,synthetic_fixture
2026-04-25,002,29,5,synthetic_fixture
2026-04-26,002,29,4,synthetic_fixture
2026-04-27,002,29,5,synthetic_fixture
2026-04-28,002,29,4,synthetic_fixture
2026-04-29,002,29,4,synthetic_fixture
2026-04-30,002,29,4,synthetic_fixture
2026-05-01,002,29,6,synthetic_fixture
2026-05-02,002,29,6,synthetic_fixture
2026-05-03,002,29,5,synthetic_fixture
2026-05-04,002,29,4,synthetic_fixture
2026-05-05,002,29,6,synthetic_fixture
2026-05-06,002,29,6,synthetic_fixture
2026-05-07,002,29,4,synthetic_fixture
2026-05-08,002,29,6,synthetic_fixture
2026-05-09,002,29,5,synthetic_fixture
2026-05-10,002,29,3,synthetic_fixture
2026-05-11,002,29,3,synthetic_fixture
2026-05-12,002,29,5,synthetic_fixture
2026-05-13,002,29,6,synthetic_fixture
2026-05-14,002,29,6,synthetic_fixture
2026-04-17,002,30,1,synthetic_fixture
2026-04-18,002,30,1,synthetic_fixture
2026-04-19,002,30,1,synthetic_fixture
2026-04-20,002,30,1,synthetic_fixture
2026-04-21,002,30,1,synthetic_fixture
2026-04-22,002,30,1,synthetic_fixture
2026-04-23,002,30,1,synthetic_fixture
2026-04-24,002,30,1,synthetic_fixture
2026-04-25,002,30,1,synthetic_fixture
2026-04-26,002,30,1,synthetic_fixture
2026-04-27,002,30,1,synthetic_fixture
2026-04-28,002,30,1,synthetic_fixture
2026-04-29,002,30,1,synthetic_fixture
2026-04-30,002,30,1,synthetic_fixture
2026-05-01,002,30,1,synthetic_fixture
2026-05-02,002,30,1,synthetic_fixture
2026-05-03,002,30,1,synthetic_fixture
2026-05-04,002,30,1,synthetic_fixture
2026-05-05,002,30,1,synthetic_fixture
2026-05-06,002,30,1,synthetic_fixture
2026-05-07,002,30,1,synthetic_fixture
2026-05-08,002,30,1,synthetic_fixture
2026-05-09,002,30,1,synthetic_fixture
2026-05-10,002,30,1,synthetic_fixture
2026-05-11,002,30,1,synthetic_fixture
2026-05-12,002,30,1,synthetic_fixture
2026-05-13,002,30,1,synthetic_fixture
2026-05-14,002,30,1,synthetic_fixture
2026-04-17,002,31,5,synthetic_fixture
2026-04-18,002,31,5,synthetic_fixture
2026-04-19,002,31,4,synthetic_fixture
2026-04-20,002,31,5,synthetic_fixture
2026-04-21,002,31,3,synthetic_fixture
2026-04-22,002,31,3,synthetic_fixture
2026-04-23,002,31,5,synthetic_fixture
2026-04-24,002,31,6,synthetic_fixture
2026-04-25,002,31,5,synthetic_fixture
2026-04-26,002,31,6,synthetic_fixture
2026-04-27,002,31,5,synthetic_fixture
2026-04-28,002,31,4,synthetic_fixture
2026-04-29,002,31,4,synthetic_fixture
2026-04-30,002,31,4,synthetic_fixture
2026-05-01,002,31,3,synthetic_fixture
2026-05-02,002,31,5,synthetic_fixture
2026-05-03,002,31,3,synthetic_fixture
2026-05-04,002,31,4,synthetic_fixture
2026-05-05,002,31,3,synthetic_fixture
2026-05-06,002,31,3,synthetic_fixture
2026-05-07,002,31,5,synthetic_fixture
2026-05-08,002,31,3,synthetic_fixture
2026-05-09,002,31,5,synthetic_fixture
2026-05-10,002,31,4,synthetic_fixture
2026-05-11,002,31,5,synthetic_fixture
2026-05-12,002,31,3,synthetic_fixture
2026-05-13,002,31,5,synthetic_fixture
2026-05-14,002,31,4,synthetic_fixture
2026-04-17,002,32,1,synthetic_fixture
2026-04-18,002,32,2,synthetic_fixture
2026-04-19,002,32,1,synthetic_fixture
2026-04-20,002,32,1,synthetic_fixture
2026-04-21,002,32,1,synthetic_fixture
2026-04-22,002,32,1,synthetic_fixture
2026-04-23,002,32,1,synthetic_fixture
2026-04-24,002,32,1,synthetic_fixture
2026-04-25,002,32,1,synthetic_fixture
2026-04-26,002,32,1,synthetic_fixture
2026-04-27,002,32,2,synthetic_fixture
2026-04-28,002,32,1,synthetic_fixture
2026-04-29,002,32,1,synthetic_fixture
2026-04-30,002,32,1,synthetic_fixture
2026-05-01,002,32,1,synthetic_fixture
2026-05-02,002,32,1,synthetic_fixture
2026-05-03,002,32,1,synthetic_fixture
2026-05-04,002,32,2,synthetic_fixture
2026-05-05,002,32,1,synthetic_fixture
2026-05-06,002,32,1,synthetic_fixture
2026-05-07,002,32,1,synthetic_fixture
2026-05-08,002,32,1,synthetic_fixture
2026-05-09,002,32,1,synthetic_fixture
2026-05-10,002,32,1,synthetic_fixture
2026-05-11,002,32,1,synthetic_fixture
2026-05-12,002,32,1,synthetic_fixture
2026-05-13,002,32,1,synthetic_fixture
2026-05-14,002,32,1,synthetic_fixture
2026-04-17,002,33,4,synthetic_fixture
2026-04-18,002,33,3,synthetic_fixture
2026-04-19,002,33,2,synthetic_fixture
2026-04-20,002,33,3,synthetic_fixture
2026-04-21,002,33,2,synthetic_fixture
2026-04-22,002,33,4,synthetic_fixture
2026-04-23,002,33,3,synthetic_fixture
2026-04-24,002,33,3,synthetic_fixture
2026-04-25,002,33,4,synthetic_fixture
2026-04-26,002,33,3,synthetic_fixture
2026-04-27,002,33,3,synthetic_fixture
2026-04-28,002,33,2,synthetic_fixture
2026-04-29,002,33,4,synthetic_fixture
2026-04-30,002,33,3,synthetic_fixture
2026-05-01,002,33,3,synthetic_fixture
2026-05-02,002,33,3,synthetic_fixture
2026-05-03,002,33,4,synthetic_fixture
2026-05-04,002,33,3,synthetic_fixture
2026-05-05,002,33,2,synthetic_fixture
2026-05-06,002,33,2,synthetic_fixture
2026-05-07,002,33,4,synthetic_fixture
2026-05-08,002,33,3,synthetic_fixture
2026-05-09,002,33,4,synthetic_fixture
2026-05-10,002,33,4,synthetic_fixture
2026-05-11,002,33,4,synthetic_fixture
2026-05-12,002,33,3,synthetic_fixture
2026-05-13,002,33,4,synthetic_fixture
2026-05-14,002,33,3,synthetic_fixture
2026-04-17,002,34,6,synthetic_fixture
2026-04-18,002,34,6,synthetic_fixture
2026-04-19,002,34,4,synthetic_fixture
2026-04-20,002,34,4,synthetic_fixture
2026-04-21,002,34,6,synthetic_fixture
2026-04-22,002,34,4,synthetic_fixture
2026-04-23,002,34,5,synthetic_fixture
2026-04-24,002,34,5,synthetic_fixture
2026-04-25,002,34,5,synthetic_fixture
2026-04-26,002,34,4,synthetic_fixture
2026-04-27,002,34,3,synthetic_fixture
2026-04-28,002,34,6,synthetic_fixture
2026-04-29,002,34,4,synthetic_fixture
2026-04-30,002,34,4,synthetic_fixture
2026-05-01,002,34,5,synthetic_fixture
2026-05-02,002,34,4,synthetic_fixture
2026-05-03,002,34,5,synthetic_fixture
2026-05-04,002,34,5,synthetic_fixture
2026-05-05,002,34,4,synthetic_fixture
2026-05-06,002,34,3,synthetic_fixture
2026-05-07,002,34,4,synthetic_fixture
2026-05-08,002,34,5,synthetic_fixture
2026-05-09,002,34,4,synthetic_fixture
2026-05-10,002,34,5,synthetic_fixture
2026-05-11,002,34,4,synthetic_fixture
2026-05-12,002,34,5,synthetic_fixture
2026-05-13,002,34,6,synthetic_fixture
2026-05-14,002,34,4,synthetic_fixture
2026-04-17,002,35,4,synthetic_fixture
2026-04-18,002,35,2,synthetic_fixture
2026-04-19,002,35,3,synthetic_fixture
2026-04-20,002,35,3,synthetic_fixture
2026-04-21,002,35,2,synthetic_fixture
2026-04-22,002,35,3,synthetic_fixture
2026-04-23,002,35,4,synthetic_fixture
2026-04-24,002,35,2,synthetic_fixture
2026-04-25,002,35,3,synthetic_fixture
2026-04-26,002,35,4,synthetic_fixture
2026-04-27,002,35,3,synthetic_fixture
2026-04-28,002,35,4,synthetic_fixture
2026-04-29,002,35,3,synthetic_fixture
2026-04-30,002,35,4,synthetic_fixture
2026-05-01,002,35,2,synthetic_fixture
2026-05-02,002,35,3,synthetic_fixture
2026-05-03,002,35,3,synthetic_fixture
2026-05-04,002,35,4,synthetic_fixture
2026-05-05,002,35,3,synthetic_fixture
2026-05-06,002,35,2,synthetic_fixture
2026-05-07,002,35,4,synthetic_fixture
2026-05-08,002,35,4,synthetic_fixture
2026-05-09,002,35,4,synthetic_fixture
2026-05-10,002,35,4,synthetic_fixture
2026-05-11,002,35,2,synthetic_fixture
2026-05-12,002,35,4,synthetic_fixture
2026-05-13,002,35,3,synthetic_fixture
2026-05-14,002,35,4,synthetic_fixture
2026-04-17,002,36,4,synthetic_fixture
2026-04-18,002,36,5,synthetic_fixture
2026-04-19,002,36,6,synthetic_fixture
2026-04-20,002,36,5,synthetic_fixture
2026-04-21,002,36,4,synthetic_fixture
2026-04-22,002,36,4,synthetic_fixture
2026-04-23,002,36,4,synthetic_fixture
2026-04-24,002,36,4,synthetic_fixture
2026-04-25,002,36,5,synthetic_fixture
2026-04-26,002,36,4,synthetic_fixture
2026-04-27,002,36,5,synthetic_fixture
2026-04-28,002,36,5,synthetic_fixture
2026-04-29,002,36,4,synthetic_fixture
2026-04-30,002,36,4,synthetic_fixture
2026-05-01,002,36,5,synthetic_fixture
2026-05-02,002,36,5,synthetic_fixture
2026-05-03,002,36,4,synthetic_fixture
2026-05-04,002,36,5,synthetic_fixture
2026-05-05,002,36,4,synthetic_fixture
2026-05-06,002,36,3,synthetic_fixture
2026-05-07,002,36,5,synthetic_fixture
2026-05-08,002,36,4,synthetic_fixture
2026-05-09,002,36,5,synthetic_fixture
2026-05-10,002,36,6,synthetic_fixture
2026-05-11,002,36,6,synthetic_fixture
2026-05-12,002,36,5,synthetic_fixture
2026-05-13,002,36,4,synthetic_fixture
2026-05-14,002,36,3,synthetic_fixture
2026-04-17,003,1,4,synthetic_fixture
2026-04-18,003,1,4,synthetic_fixture
2026-04-19,003,1,3,synthetic_fixture
2026-04-20,003,1,5,synthetic_fixture
2026-04-21,003,1,5,synthetic_fixture
2026-04-22,003,1,5,synthetic_fixture
2026-04-23,003,1,4,synthetic_fixture
2026-04-24,003,1,5,synthetic_fixture
2026-04-25,003,1,4,synthetic_fixture
2026-04-26,003,1,4,synthetic_fixture
2026-04-27,003,1,3,synthetic_fixture
2026-04-28,003,1,3,synthetic_fixture
2026-04-29,003,1,4,synthetic_fixture
2026-04-30,003,1,4,synthetic_fixture
2026-05-01,003,1,4,synthetic_fixture
2026-05-02,003,1,6,synthetic_fixture
2026-05-03,003,1,6,synthetic_fixture
2026-05-04,003,1,3,synthetic_fixture
2026-05-05,003,1,4,synthetic_fixture
2026-05-06,003,1,6,synthetic_fixture
2026-05-07,003,1,5,synthetic_fixture
2026-05-08,003,1,5,synthetic_fixture
2026-05-09,003,1,6,synthetic_fixture
2026-05-10,003,1,5,synthetic_fixture
2026-05-11,003,1,4,synthetic_fixture
2026-05-12,003,1,3,synthetic_fixture
2026-05-13,003,1,4,synthetic_fixture
2026-05-14,003,1,5,synthetic_fixture
2026-04-17,003,2,3,synthetic_fixture
2026-04-18,003,2,4,synthetic_fixture
2026-04-19,003,2,2,synthetic_fixture
2026-04-20,003,2,4,synthetic_fixture
2026-04-21,003,2,3,synthetic_fixture
2026-04-22,003,2,3,synthetic_fixture
2026-04-23,003,2,3,synthetic_fixture
2026-04-24,003,2,3,synthetic_fixture
2026-04-25,003,2,4,synthetic_fixture
2026-04-26,003,2,2,synthetic_fixture
2026-04-27,003,2,4,synthetic_fixture
2026-04-28,003,2,3,synthetic_fixture
2026-04-29,003,2,3,synthetic_fixture
2026-04-30,003,2,3,synthetic_fixture
2026-05-01,003,2,4,synthetic_fixture
2026-05-02,003,2,2,synthetic_fixture
2026-05-03,003,2,3,synthetic_fixture
2026-05-04,003,2,4,synthetic_fixture
2026-05-05,003,2,3,synthetic_fixture
2026-05-06,003,2,3,synthetic_fixture
2026-05-07,003,2,2,synthetic_fixture
2026-05-08,003,2,2,synthetic_fixture
2026-05-09,003,2,3,synthetic_fixture
2026-05-10,003,2,4,synthetic_fixture
2026-05-11,003,2,4,synthetic_fixture
2026-05-12,003,2,4,synthetic_fixture
2026-05-13,003,2,3,synthetic_fixture
2026-05-14,003,2,4,synthetic_fixture
2026-04-17,003,3,2,synthetic_fixture
2026-04-18,003,3,2,synthetic_fixture
2026-04-19,003,3,3,synthetic_fixture
2026-04-20,003,3,2,synthetic_fixture
2026-04-21,003,3,4,synthetic_fixture
2026-04-22,003,3,3,synthetic_fixture
2026-04-23,003,3,2,synthetic_fixture
2026-04-24,003,3,3,synthetic_fixture
2026-04-25,003,3,3,synthetic_fixture
2026-04-26,003,3,2,synthetic_fixture
2026-04-27,003,3,2,synthetic_fixture
2026-04-28,003,3,3,synthetic_fixture
2026-04-29,003,3,4,synthetic_fixture
2026-04-30,003,3,3,synthetic_fixture
2026-05-01,003,3,2,synthetic_fixture
2026-05-02,003,3,3,synthetic_fixture
2026-05-03,003,3,2,synthetic_fixture
2026-05-04,003,3,3,synthetic_fixture
2026-05-05,003,3,2,synthetic_fixture
2026-05-06,003,3,3,synthetic_fixture
2026-05-07,003,3,3,synthetic_fixture
2026-05-08,003,3,2,synthetic_fixture
2026-05-09,003,3,3,synthetic_fixture
2026-05-10,003,3,2,synthetic_fixture
2026-05-11,003,3,3,synthetic_fixture
2026-05-12,003,3,4,synthetic_fixture
2026-05-13,003,3,2,synthetic_fixture
2026-05-14,003,3,3,synthetic_fixture
2026-04-17,003,4,5,synthetic_fixture
2026-04-18,003,4,3,synthetic_fixture
2026-04-19,003,4,3,synthetic_fixture
2026-04-20,003,4,4,synthetic_fixture
2026-04-21,003,4,4,synthetic_fixture
2026-04-22,003,4,4,synthetic_fixture
2026-04-23,003,4,4,synthetic_fixture
2026-04-24,003,4,3,synthetic_fixture
2026-04-25,003,4,4,synthetic_fixture
2026-04-26,003,4,3,synthetic_fixture
2026-04-27,003,4,5,synthetic_fixture
2026-04-28,003,4,5,synthetic_fixture
2026-04-29,003,4,5,synthetic_fixture
2026-04-30,003,4,5,synthetic_fixture
2026-05-01,003,4,4,synthetic_fixture
2026-05-02,003,4,5,synthetic_fixture
2026-05-03,003,4,3,synthetic_fixture
2026-05-04,003,4,4,synthetic_fixture
2026-05-05,003,4,5,synthetic_fixture
2026-05-06,003,4,3,synthetic_fixture
2026-05-07,003,4,3,synthetic_fixture
2026-05-08,003,4,4,synthetic_fixture
2026-05-09,003,4,5,synthetic_fixture
2026-05-10,003,4,5,synthetic_fixture
2026-05-11,003,4,5,synthetic_fixture
2026-05-12,003,4,4,synthetic_fixture
2026-05-13,003,4,4,synthetic_fixture
2026-05-14,003,4,3,synthetic_fixture
2026-04-17,003,5,2,synthetic_fixture
2026-04-18,003,5,3,synthetic_fixture
2026-04-19,003,5,4,synthetic_fixture
2026-04-20,003,5,2,synthetic_fixture
2026-04-21,003,5,4,synthetic_fixture
2026-04-22,003,5,4,synthetic_fixture
2026-04-23,003,5,4,synthetic_fixture
2026-04-24,003,5,3,synthetic_fixture
2026-04-25,003,5,4,synthetic_fixture
2026-04-26,003,5,4,synthetic_fixture
2026-04-27,003,5,3,synthetic_fixture
2026-04-28,003,5,2,synthetic_fixture
2026-04-29,003,5,4,synthetic_fixture
2026-04-30,003,5,3,synthetic_fixture
2026-05-01,003,5,3,synthetic_fixture
2026-05-02,003,5,4,synthetic_fixture
2026-05-03,003,5,4,synthetic_fixture
2026-05-04,003,5,3,synthetic_fixture
2026-05-05,003,5,4,synthetic_fixture
2026-05-06,003,5,3,synthetic_fixture
2026-05-07,003,5,4,synthetic_fixture
2026-05-08,003,5,3,synthetic_fixture
2026-05-09,003,5,4,synthetic_fixture
2026-05-10,003,5,2,synthetic_fixture
2026-05-11,003,5,3,synthetic_fixture
2026-05-12,003,5,4,synthetic_fixture
2026-05-13,003,5,2,synthetic_fixture
2026-05-14,003,5,4,synthetic_fixture
2026-04-17,003,6,3,synthetic_fixture
2026-04-18,003,6,3,synthetic_fixture
2026-04-19,003,6,2,synthetic_fixture
2026-04-20,003,6,4,synthetic_fixture
2026-04-21,003,6,2,synthetic_fixture
2026-04-22,003,6,3,synthetic_fixture
2026-04-23,003,6,3,synthetic_fixture
2026-04-24,003,6,3,synthetic_fixture
2026-04-25,003,6,2,synthetic_fixture
2026-04-26,003,6,2,synthetic_fixture
2026-04-27,003,6,2,synthetic_fixture
2026-04-28,003,6,4,synthetic_fixture
2026-04-29,003,6,2,synthetic_fixture
2026-04-30,003,6,3,synthetic_fixture
2026-05-01,003,6,3,synthetic_fixture
2026-05-02,003,6,3,synthetic_fixture
2026-05-03,003,6,2,synthetic_fixture
2026-05-04,003,6,3,synthetic_fixture
2026-05-05,003,6,2,synthetic_fixture
2026-05-06,003,6,3,synthetic_fixture
2026-05-07,003,6,2,synthetic_fixture
2026-05-08,003,6,2,synthetic_fixture
2026-05-09,003,6,3,synthetic_fixture
2026-05-10,003,6,4,synthetic_fixture
2026-05-11,003,6,2,synthetic_fixture
2026-05-12,003,6,3,synthetic_fixture
2026-05-13,003,6,2,synthetic_fixture
2026-05-14,003,6,2,synthetic_fixture
2026-04-17,003,7,3,synthetic_fixture
2026-04-18,003,7,3,synthetic_fixture
2026-04-19,003,7,3,synthetic_fixture
2026-04-20,003,7,2,synthetic_fixture
2026-04-21,003,7,2,synthetic_fixture
2026-04-22,003,7,2,synthetic_fixture
2026-04-23,003,7,3,synthetic_fixture
2026-04-24,003,7,2,synthetic_fixture
2026-04-25,003,7,3,synthetic_fixture
2026-04-26,003,7,3,synthetic_fixture
2026-04-27,003,7,2,synthetic_fixture
2026-04-28,003,7,2,synthetic_fixture
2026-04-29,003,7,2,synthetic_fixture
2026-04-30,003,7,3,synthetic_fixture
2026-05-01,003,7,2,synthetic_fixture
2026-05-02,003,7,2,synthetic_fixture
2026-05-03,003,7,3,synthetic_fixture
2026-05-04,003,7,2,synthetic_fixture
2026-05-05,003,7,3,synthetic_fixture
2026-05-06,003,7,3,synthetic_fixture
2026-05-07,003,7,3,synthetic_fixture
2026-05-08,003,7,3,synthetic_fixture
2026-05-09,003,7,2,synthetic_fixture
2026-05-10,003,7,2,synthetic_fixture
2026-05-11,003,7,2,synthetic_fixture
2026-05-12,003,7,3,synthetic_fixture
2026-05-13,003,7,2,synthetic_fixture
2026-05-14,003,7,3,synthetic_fixture
2026-04-17,003,8,3,synthetic_fixture
2026-04-18,003,8,4,synthetic_fixture
2026-04-19,003,8,2,synthetic_fixture
2026-04-20,003,8,3,synthetic_fixture
2026-04-21,003,8,4,synthetic_fixture
2026-04-22,003,8,4,synthetic_fixture
2026-04-23,003,8,3,synthetic_fixture
2026-04-24,003,8,4,synthetic_fixture
2026-04-25,003,8,4,synthetic_fixture
2026-04-26,003,8,3,synthetic_fixture
2026-04-27,003,8,2,synthetic_fixture
2026-04-28,003,8,3,synthetic_fixture
2026-04-29,003,8,3,synthetic_fixture
2026-04-30,003,8,4,synthetic_fixture
2026-05-01,003,8,4,synthetic_fixture
2026-05-02,003,8,4,synthetic_fixture
2026-05-03,003,8,4,synthetic_fixture
2026-05-04,003,8,3,synthetic_fixture
2026-05-05,003,8,4,synthetic_fixture
2026-05-06,003,8,2,synthetic_fixture
2026-05-07,003,8,4,synthetic_fixture
2026-05-08,003,8,4,synthetic_fixture
2026-05-09,003,8,4,synthetic_fixture
2026-05-10,003,8,3,synthetic_fixture
2026-05-11,003,8,3,synthetic_fixture
2026-05-12,003,8,3,synthetic_fixture
2026-05-13,003,8,3,synthetic_fixture
2026-05-14,003,8,3,synthetic_fixture
2026-04-17,003,9,3,synthetic_fixture
2026-04-18,003,9,2,synthetic_fixture
2026-04-19,003,9,2,synthetic_fixture
2026-04-20,003,9,3,synthetic_fixture
2026-04-21,003,9,2,synthetic_fixture
2026-04-22,003,9,2,synthetic_fixture
2026-04-23,003,9,2,synthetic_fixture
2026-04-24,003,9,2,synthetic_fixture
2026-04-25,003,9,3,synthetic_fixture
2026-04-26,003,9,3,synthetic_fixture
2026-04-27,003,9,3,synthetic_fixture
2026-04-28,003,9,3,synthetic_fixture
2026-04-29,003,9,3,synthetic_fixture
2026-04-30,003,9,3,synthetic_fixture
2026-05-01,003,9,3,synthetic_fixture
2026-05-02,003,9,3,synthetic_fixture
2026-05-03,003,9,2,synthetic_fixture
2026-05-04,003,9,2,synthetic_fixture
2026-05-05,003,9,3,synthetic_fixture
2026-05-06,003,9,2,synthetic_fixture
2026-05-07,003,9,3,synthetic_fixture
2026-05-08,003,9,2,synthetic_fixture
2026-05-09,003,9,2,synthetic_fixture
2026-05-10,003,9,3,synthetic_fixture
2026-05-11,003,9,3,synthetic_fixture
2026-05-12,003,9,2,synthetic_fixture
2026-05-13,003,9,2,synthetic_fixture
2026-05-14,003,9,2,synthetic_fixture
2026-04-17,003,10,4,synthetic_fixture
2026-04-18,003,10,3,synthetic_fixture
2026-04-19,003,10,3,synthetic_fixture
2026-04-20,003,10,2,synthetic_fixture
2026-04-21,003,10,3,synthetic_fixture
2026-04-22,003,10,3,synthetic_fixture
2026-04-23,003,10,4,synthetic_fixture
2026-04-24,003,10,2,synthetic_fixture
2026-04-25,003,10,4,synthetic_fixture
2026-04-26,003,10,4,synthetic_fixture
2026-04-27,003,10,2,synthetic_fixture
2026-04-28,003,10,3,synthetic_fixture
2026-04-29,003,10,3,synthetic_fixture
2026-04-30,003,10,3,synthetic_fixture
2026-05-01,003,10,2,synthetic_fixture
2026-05-02,003,10,3,synthetic_fixture
2026-05-03,003,10,3,synthetic_fixture
2026-05-04,003,10,2,synthetic_fixture
2026-05-05,003,10,3,synthetic_fixture
2026-05-06,003,10,3,synthetic_fixture
2026-05-07,003,10,3,synthetic_fixture
2026-05-08,003,10,3,synthetic_fixture
2026-05-09,003,10,2,synthetic_fixture
2026-05-10,003,10,3,synthetic_fixture
2026-05-11,003,10,3,synthetic_fixture
2026-05-12,003,10,4,synthetic_fixture
2026-05-13,003,10,4,synthetic_fixture
2026-05-14,003,10,3,synthetic_fixture
2026-04-17,003,11,3,synthetic_fixture
2026-04-18,003,11,2,synthetic_fixture
2026-04-19,003,11,3,synthetic_fixture
2026-04-20,003,11,3,synthetic_fixture
2026-04-21,003,11,4,synthetic_fixture
2026-04-22,003,11,3,synthetic_fixture
2026-04-23,003,11,4,synthetic_fixture
2026-04-24,003,11,4,synthetic_fixture
2026-04-25,003,11,3,synthetic_fixture
2026-04-26,003,11,3,synthetic_fixture
2026-04-27,003,11,2,synthetic_fixture
2026-04-28,003,11,4,synthetic_fixture
2026-04-29,003,11,4,synthetic_fixture
2026-04-30,003,11,4,synthetic_fixture
2026-05-01,003,11,4,synthetic_fixture
2026-05-02,003,11,3,synthetic_fixture
2026-05-03,003,11,2,synthetic_fixture
2026-05-04,003,11,3,synthetic_fixture
2026-05-05,003,11,4,synthetic_fixture
2026-05-06,003,11,4,synthetic_fixture
2026-05-07,003,11,4,synthetic_fixture
2026-05-08,003,11,2,synthetic_fixture
2026-05-09,003,11,3,synthetic_fixture
2026-05-10,003,11,4,synthetic_fixture
2026-05-11,003,11,4,synthetic_fixture
2026-05-12,003,11,3,synthetic_fixture
2026-05-13,003,11,2,synthetic_fixture
2026-05-14,003,11,4,synthetic_fixture
2026-04-17,003,12,1,synthetic_fixture
2026-04-18,003,12,1,synthetic_fixture
2026-04-19,003,12,1,synthetic_fixture
2026-04-20,003,12,1,synthetic_fixture
2026-04-21,003,12,1,synthetic_fixture
2026-04-22,003,12,1,synthetic_fixture
2026-04-23,003,12,1,synthetic_fixture
2026-04-24,003,12,1,synthetic_fixture
2026-04-25,003,12,1,synthetic_fixture
2026-04-26,003,12,1,synthetic_fixture
2026-04-27,003,12,1,synthetic_fixture
2026-04-28,003,12,1,synthetic_fixture
2026-04-29,003,12,1,synthetic_fixture
2026-04-30,003,12,1,synthetic_fixture
2026-05-01,003,12,1,synthetic_fixture
2026-05-02,003,12,1,synthetic_fixture
2026-05-03,003,12,1,synthetic_fixture
2026-05-04,003,12,1,synthetic_fixture
2026-05-05,003,12,1,synthetic_fixture
2026-05-06,003,12,1,synthetic_fixture
2026-05-07,003,12,1,synthetic_fixture
2026-05-08,003,12,1,synthetic_fixture
2026-05-09,003,12,1,synthetic_fixture
2026-05-10,003,12,1,synthetic_fixture
2026-05-11,003,12,1,synthetic_fixture
2026-05-12,003,12,1,synthetic_fixture
2026-05-13,003,12,1,synthetic_fixture
2026-05-14,003,12,1,synthetic_fixture
2026-04-17,003,13,2,synthetic_fixture
2026-04-18,003,13,2,synthetic_fixture
2026-04-19,003,13,1,synthetic_fixture
2026-04-20,003,13,1,synthetic_fixture
2026-04-21,003,13,2,synthetic_fixture
2026-04-22,003,13,2,synthetic_fixture
2026-04-23,003,13,1,synthetic_fixture
2026-04-24,003,13,2,synthetic_fixture
2026-04-25,003,13,2,synthetic_fixture
2026-04-26,003,13,1,synthetic_fixture
2026-04-27,003,13,1,synthetic_fixture
2026-04-28,003,13,2,synthetic_fixture
2026-04-29,003,13,1,synthetic_fixture
2026-04-30,003,13,1,synthetic_fixture
2026-05-01,003,13,2,synthetic_fixture
2026-05-02,003,13,1,synthetic_fixture
2026-05-03,003,13,1,synthetic_fixture
2026-05-04,003,13,1,synthetic_fixture
2026-05-05,003,13,2,synthetic_fixture
2026-05-06,003,13,1,synthetic_fixture
2026-05-07,003,13,1,synthetic_fixture
2026-05-08,003,13,2,synthetic_fixture
2026-05-09,003,13,2,synthetic_fixture
2026-05-10,003,13,1,synthetic_fixture
2026-05-11,003,13,1,synthetic_fixture
2026-05-12,003,13,2,synthetic_fixture
2026-05-13,003,13,2,synthetic_fixture
2026-05-14,003,13,1,synthetic_fixture
2026-04-17,003,14,1,synthetic_fixture
2026-04-18,003,14,1,synthetic_fixture
2026-04-19,003,14,0,synthetic_fixture
2026-04-20,003,14,1,synthetic_fixture
2026-04-21,003,14,0,synthetic_fixture
2026-04-22,003,14,1,synthetic_fixture
2026-04-23,003,14,1,synthetic_fixture
2026-04-24,003,14,1,synthetic_fixture
2026-04-25,003,14,0,synthetic_fixture
2026-04-26,003,14,1,synthetic_fixture
2026-04-27,003,14,1,synthetic_fixture
2026-04-28,003,14,1,synthetic_fixture
2026-04-29,003,14,1,synthetic_fixture
2026-04-30,003,14,0,synthetic_fixture
2026-05-01,003,14,1,synthetic_fixture
2026-05-02,003,14,0,synthetic_fixture
2026-05-03,003,14,1,synthetic_fixture
2026-05-04,003,14,1,synthetic_fixture
2026-05-05,003,14,1,synthetic_fixture
2026-05-06,003,14,0,synthetic_fixture
2026-05-07,003,14,1,synthetic_fixture
2026-05-08,003,14,1,synthetic_fixture
2026-05-09,003,14,1,synthetic_fixture
2026-05-10,003,14,1,synthetic_fixture
2026-05-11,003,14,1,synthetic_fixture
2026-05-12,003,14,1,synthetic_fixture
2026-05-13,003,14,1,synthetic_fixture
2026-05-14,003,14,1,synthetic_fixture
2026-04-17,003,15,2,synthetic_fixture
2026-04-18,003,15,2,synthetic_fixture
2026-04-19,003,15,2,synthetic_fixture
2026-04-20,003,15,2,synthetic_fixture
2026-04-21,003,15,1,synthetic_fixture
2026-04-22,003,15,2,synthetic_fixture
2026-04-23,003,15,2,synthetic_fixture
2026-04-24,003,15,2,synthetic_fixture
2026-04-25,003,15,1,synthetic_fixture
2026-04-26,003,15,2,synthetic_fixture
2026-04-27,003,15,1,synthetic_fixture
2026-04-28,003,15,2,synthetic_fixture
2026-04-29,003,15,2,synthetic_fixture
2026-04-30,003,15,2,synthetic_fixture
2026-05-01,003,15,2,synthetic_fixture
2026-05-02,003,15,2,synthetic_fixture
2026-05-03,003,15,2,synthetic_fixture
2026-05-04,003,15,2,synthetic_fixture
2026-05-05,003,15,2,synthetic_fixture
2026-05-06,003,15,2,synthetic_fixture
2026-05-07,003,15,2,synthetic_fixture
2026-05-08,003,15,2,synthetic_fixture
2026-05-09,003,15,2,synthetic_fixture
2026-05-10,003,15,2,synthetic_fixture
2026-05-11,003,15,2,synthetic_fixture
2026-05-12,003,15,2,synthetic_fixture
2026-05-13,003,15,2,synthetic_fixture
2026-05-14,003,15,2,synthetic_fixture
2026-04-17,003,16,1,synthetic_fixture
2026-04-18,003,16,2,synthetic_fixture
2026-04-19,003,16,2,synthetic_fixture
2026-04-20,003,16,1,synthetic_fixture
2026-04-21,003,16,2,synthetic_fixture
2026-04-22,003,16,1,synthetic_fixture
2026-04-23,003,16,2,synthetic_fixture
2026-04-24,003,16,2,synthetic_fixture
2026-04-25,003,16,1,synthetic_fixture
2026-04-26,003,16,1,synthetic_fixture
2026-04-27,003,16,2,synthetic_fixture
2026-04-28,003,16,1,synthetic_fixture
2026-04-29,003,16,1,synthetic_fixture
2026-04-30,003,16,1,synthetic_fixture
2026-05-01,003,16,1,synthetic_fixture
2026-05-02,003,16,1,synthetic_fixture
2026-05-03,003,16,2,synthetic_fixture
2026-05-04,003,16,1,synthetic_fixture
2026-05-05,003,16,1,synthetic_fixture
2026-05-06,003,16,2,synthetic_fixture
2026-05-07,003,16,1,synthetic_fixture
2026-05-08,003,16,2,synthetic_fixture
2026-05-09,003,16,1,synthetic_fixture
2026-05-10,003,16,2,synthetic_fixture
2026-05-11,003,16,1,synthetic_fixture
2026-05-12,003,16,2,synthetic_fixture
2026-05-13,003,16,1,synthetic_fixture
2026-05-14,003,16,1,synthetic_fixture
2026-04-17,003,17,1,synthetic_fixture
2026-04-18,003,17,2,synthetic_fixture
2026-04-19,003,17,1,synthetic_fixture
2026-04-20,003,17,1,synthetic_fixture
2026-04-21,003,17,1,synthetic_fixture
2026-04-22,003,17,2,synthetic_fixture
2026-04-23,003,17,1,synthetic_fixture
2026-04-24,003,17,1,synthetic_fixture
2026-04-25,003,17,1,synthetic_fixture
2026-04-26,003,17,2,synthetic_fixture
2026-04-27,003,17,2,synthetic_fixture
2026-04-28,003,17,1,synthetic_fixture
2026-04-29,003,17,1,synthetic_fixture
2026-04-30,003,17,1,synthetic_fixture
2026-05-01,003,17,2,synthetic_fixture
2026-05-02,003,17,1,synthetic_fixture
2026-05-03,003,17,2,synthetic_fixture
2026-05-04,003,17,1,synthetic_fixture
2026-05-05,003,17,1,synthetic_fixture
2026-05-06,003,17,1,synthetic_fixture
2026-05-07,003,17,1,synthetic_fixture
2026-05-08,003,17,2,synthetic_fixture
2026-05-09,003,17,1,synthetic_fixture
2026-05-10,003,17,2,synthetic_fixture
2026-05-11,003,17,2,synthetic_fixture
2026-05-12,003,17,1,synthetic_fixture
2026-05-13,003,17,1,synthetic_fixture
2026-05-14,003,17,1,synthetic_fixture
2026-04-17,003,18,3,synthetic_fixture
2026-04-18,003,18,3,synthetic_fixture
2026-04-19,003,18,3,synthetic_fixture
2026-04-20,003,18,3,synthetic_fixture
2026-04-21,003,18,2,synthetic_fixture
2026-04-22,003,18,4,synthetic_fixture
2026-04-23,003,18,3,synthetic_fixture
2026-04-24,003,18,4,synthetic_fixture
2026-04-25,003,18,3,synthetic_fixture
2026-04-26,003,18,3,synthetic_fixture
2026-04-27,003,18,4,synthetic_fixture
2026-04-28,003,18,2,synthetic_fixture
2026-04-29,003,18,4,synthetic_fixture
2026-04-30,003,18,4,synthetic_fixture
2026-05-01,003,18,3,synthetic_fixture
2026-05-02,003,18,2,synthetic_fixture
2026-05-03,003,18,3,synthetic_fixture
2026-05-04,003,18,4,synthetic_fixture
2026-05-05,003,18,2,synthetic_fixture
2026-05-06,003,18,2,synthetic_fixture
2026-05-07,003,18,3,synthetic_fixture
2026-05-08,003,18,3,synthetic_fixture
2026-05-09,003,18,2,synthetic_fixture
2026-05-10,003,18,4,synthetic_fixture
2026-05-11,003,18,2,synthetic_fixture
2026-05-12,003,18,3,synthetic_fixture
2026-05-13,003,18,2,synthetic_fixture
2026-05-14,003,18,3,synthetic_fixture
2026-04-17,003,19,2,synthetic_fixture
2026-04-18,003,19,3,synthetic_fixture
2026-04-19,003,19,2,synthetic_fixture
2026-04-20,003,19,3,synthetic_fixture
2026-04-21,003,19,2,synthetic_fixture
2026-04-22,003,19,2,synthetic_fixture
2026-04-23,003,19,2,synthetic_fixture
2026-04-24,003,19,3,synthetic_fixture
2026-04-25,003,19,2,synthetic_fixture
2026-04-26,003,19,3,synthetic_fixture
2026-04-27,003,19,2,synthetic_fixture
2026-04-28,003,19,2,synthetic_fixture
2026-04-29,003,19,2,synthetic_fixture
2026-04-30,003,19,3,synthetic_fixture
2026-05-01,003,19,2,synthetic_fixture
2026-05-02,003,19,3,synthetic_fixture
2026-05-03,003,19,2,synthetic_fixture
2026-05-04,003,19,3,synthetic_fixture
2026-05-05,003,19,3,synthetic_fixture
2026-05-06,003,19,2,synthetic_fixture
2026-05-07,003,19,2,synthetic_fixture
2026-05-08,003,19,3,synthetic_fixture
2026-05-09,003,19,3,synthetic_fixture
2026-05-10,003,19,3,synthetic_fixture
2026-05-11,003,19,2,synthetic_fixture
2026-05-12,003,19,2,synthetic_fixture
2026-05-13,003,19,3,synthetic_fixture
2026-05-14,003,19,2,synthetic_fixture
2026-04-17,003,20,6,synthetic_fixture
2026-04-18,003,20,6,synthetic_fixture
2026-04-19,003,20,5,synthetic_fixture
2026-04-20,003,20,4,synthetic_fixture
2026-04-21,003,20,3,synthetic_fixture
2026-04-22,003,20,4,synthetic_fixture
2026-04-23,003,20,5,synthetic_fixture
2026-04-24,003,20,4,synthetic_fixture
2026-04-25,003,20,4,synthetic_fixture
2026-04-26,003,20,4,synthetic_fixture
2026-04-27,003,20,4,synthetic_fixture
2026-04-28,003,20,5,synthetic_fixture
2026-04-29,003,20,5,synthetic_fixture
2026-04-30,003,20,4,synthetic_fixture
2026-05-01,003,20,7,synthetic_fixture
2026-05-02,003,20,6,synthetic_fixture
2026-05-03,003,20,5,synthetic_fixture
2026-05-04,003,20,6,synthetic_fixture
2026-05-05,003,20,4,synthetic_fixture
2026-05-06,003,20,4,synthetic_fixture
2026-05-07,003,20,5,synthetic_fixture
2026-05-08,003,20,5,synthetic_fixture
2026-05-09,003,20,5,synthetic_fixture
2026-05-10,003,20,6,synthetic_fixture
2026-05-11,003,20,7,synthetic_fixture
2026-05-12,003,20,6,synthetic_fixture
2026-05-13,003,20,4,synthetic_fixture
2026-05-14,003,20,4,synthetic_fixture
2026-04-17,003,21,2,synthetic_fixture
2026-04-18,003,21,2,synthetic_fixture
2026-04-19,003,21,2,synthetic_fixture
2026-04-20,003,21,1,synthetic_fixture
2026-04-21,003,21,1,synthetic_fixture
2026-04-22,003,21,1,synthetic_fixture
2026-04-23,003,21,2,synthetic_fixture
2026-04-24,003,21,1,synthetic_fixture
2026-04-25,003,21,2,synthetic_fixture
2026-04-26,003,21,2,synthetic_fixture
2026-04-27,003,21,1,synthetic_fixture
2026-04-28,003,21,2,synthetic_fixture
2026-04-29,003,21,1,synthetic_fixture
2026-04-30,003,21,2,synthetic_fixture
2026-05-01,003,21,1,synthetic_fixture
2026-05-02,003,21,1,synthetic_fixture
2026-05-03,003,21,2,synthetic_fixture
2026-05-04,003,21,2,synthetic_fixture
2026-05-05,003,21,1,synthetic_fixture
2026-05-06,003,21,2,synthetic_fixture
2026-05-07,003,21,2,synthetic_fixture
2026-05-08,003,21,2,synthetic_fixture
2026-05-09,003,21,2,synthetic_fixture
2026-05-10,003,21,1,synthetic_fixture
2026-05-11,003,21,2,synthetic_fixture
2026-05-12,003,21,2,synthetic_fixture
2026-05-13,003,21,2,synthetic_fixture
2026-05-14,003,21,2,synthetic_fixture
2026-04-17,003,22,1,synthetic_fixture
2026-04-18,003,22,1,synthetic_fixture
2026-04-19,003,22,1,synthetic_fixture
2026-04-20,003,22,1,synthetic_fixture
2026-04-21,003,22,1,synthetic_fixture
2026-04-22,003,22,1,synthetic_fixture
2026-04-23,003,22,1,synthetic_fixture
2026-04-24,003,22,1,synthetic_fixture
2026-04-25,003,22,1,synthetic_fixture
2026-04-26,003,22,1,synthetic_fixture
2026-04-27,003,22,1,synthetic_fixture
2026-04-28,003,22,0,synthetic_fixture
2026-04-29,003,22,0,synthetic_fixture
2026-04-30,003,22,1,synthetic_fixture
2026-05-01,003,22,1,synthetic_fixture
2026-05-02,003,22,1,synthetic_fixture
2026-05-03,003,22,1,synthetic_fixture
2026-05-04,003,22,1,synthetic_fixture
2026-05-05,003,22,1,synthetic_fixture
2026-05-06,003,22,0,synthetic_fixture
2026-05-07,003,22,0,synthetic_fixture
2026-05-08,003,22,1,synthetic_fixture
2026-05-09,003,22,1,synthetic_fixture
2026-05-10,003,22,1,synthetic_fixture
2026-05-11,003,22,1,synthetic_fixture
2026-05-12,003,22,1,synthetic_fixture
2026-05-13,003,22,1,synthetic_fixture
2026-05-14,003,22,1,synthetic_fixture
2026-04-17,003,23,4,synthetic_fixture
2026-04-18,003,23,2,synthetic_fixture
2026-04-19,003,23,4,synthetic_fixture
2026-04-20,003,23,3,synthetic_fixture
2026-04-21,003,23,4,synthetic_fixture
2026-04-22,003,23,2,synthetic_fixture
2026-04-23,003,23,4,synthetic_fixture
2026-04-24,003,23,2,synthetic_fixture
2026-04-25,003,23,3,synthetic_fixture
2026-04-26,003,23,2,synthetic_fixture
2026-04-27,003,23,4,synthetic_fixture
2026-04-28,003,23,4,synthetic_fixture
2026-04-29,003,23,2,synthetic_fixture
2026-04-30,003,23,4,synthetic_fixture
2026-05-01,003,23,4,synthetic_fixture
2026-05-02,003,23,4,synthetic_fixture
2026-05-03,003,23,4,synthetic_fixture
2026-05-04,003,23,4,synthetic_fixture
2026-05-05,003,23,4,synthetic_fixture
2026-05-06,003,23,4,synthetic_fixture
2026-05-07,003,23,4,synthetic_fixture
2026-05-08,003,23,3,synthetic_fixture
2026-05-09,003,23,3,synthetic_fixture
2026-05-10,003,23,4,synthetic_fixture
2026-05-11,003,23,3,synthetic_fixture
2026-05-12,003,23,3,synthetic_fixture
2026-05-13,003,23,3,synthetic_fixture
2026-05-14,003,23,4,synthetic_fixture
2026-04-17,003,24,2,synthetic_fixture
2026-04-18,003,24,2,synthetic_fixture
2026-04-19,003,24,2,synthetic_fixture
2026-04-20,003,24,3,synthetic_fixture
2026-04-21,003,24,2,synthetic_fixture
2026-04-22,003,24,3,synthetic_fixture
2026-04-23,003,24,3,synthetic_fixture
2026-04-24,003,24,2,synthetic_fixture
2026-04-25,003,24,2,synthetic_fixture
2026-04-26,003,24,2,synthetic_fixture
2026-04-27,003,24,3,synthetic_fixture
2026-04-28,003,24,3,synthetic_fixture
2026-04-29,003,24,2,synthetic_fixture
2026-04-30,003,24,2,synthetic_fixture
2026-05-01,003,24,3,synthetic_fixture
2026-05-02,003,24,3,synthetic_fixture
2026-05-03,003,24,2,synthetic_fixture
2026-05-04,003,24,2,synthetic_fixture
2026-05-05,003,24,2,synthetic_fixture
2026-05-06,003,24,1,synthetic_fixture
2026-05-07,003,24,2,synthetic_fixture
2026-05-08,003,24,2,synthetic_fixture
2026-05-09,003,24,2,synthetic_fixture
2026-05-10,003,24,2,synthetic_fixture
2026-05-11,003,24,2,synthetic_fixture
2026-05-12,003,24,2,synthetic_fixture
2026-05-13,003,24,2,synthetic_fixture
2026-05-14,003,24,2,synthetic_fixture
2026-04-17,003,25,1,synthetic_fixture
2026-04-18,003,25,2,synthetic_fixture
2026-04-19,003,25,1,synthetic_fixture
2026-04-20,003,25,2,synthetic_fixture
2026-04-21,003,25,1,synthetic_fixture
2026-04-22,003,25,2,synthetic_fixture
2026-04-23,003,25,1,synthetic_fixture
2026-04-24,003,25,2,synthetic_fixture
2026-04-25,003,25,2,synthetic_fixture
2026-04-26,003,25,2,synthetic_fixture
2026-04-27,003,25,2,synthetic_fixture
2026-04-28,003,25,1,synthetic_fixture
2026-04-29,003,25,2,synthetic_fixture
2026-04-30,003,25,2,synthetic_fixture
2026-05-01,003,25,2,synthetic_fixture
2026-05-02,003,25,1,synthetic_fixture
2026-05-03,003,25,2,synthetic_fixture
2026-05-04,003,25,1,synthetic_fixture
2026-05-05,003,25,1,synthetic_fixture
2026-05-06,003,25,2,synthetic_fixture
2026-05-07,003,25,2,synthetic_fixture
2026-05-08,003,25,1,synthetic_fixture
2026-05-09,003,25,1,synthetic_fixture
2026-05-10,003,25,2,synthetic_fixture
2026-05-11,003,25,2,synthetic_fixture
2026-05-12,003,25,2,synthetic_fixture
2026-05-13,003,25,1,synthetic_fixture
2026-05-14,003,25,2,synthetic_fixture
2026-04-17,003,26,1,synthetic_fixture
2026-04-18,003,26,1,synthetic_fixture
2026-04-19,003,26,1,synthetic_fixture
2026-04-20,003,26,1,synthetic_fixture
2026-04-21,003,26,1,synthetic_fixture
2026-04-22,003,26,1,synthetic_fixture
2026-04-23,003,26,1,synthetic_fixture
2026-04-24,003,26,1,synthetic_fixture
2026-04-25,003,26,1,synthetic_fixture
2026-04-26,003,26,1,synthetic_fixture
2026-04-27,003,26,1,synthetic_fixture
2026-04-28,003,26,1,synthetic_fixture
2026-04-29,003,26,1,synthetic_fixture
2026-04-30,003,26,1,synthetic_fixture
2026-05-01,003,26,1,synthetic_fixture
2026-05-02,003,26,1,synthetic_fixture
2026-05-03,003,26,1,synthetic_fixture
2026-05-04,003,26,1,synthetic_fixture
2026-05-05,003,26,1,synthetic_fixture
2026-05-06,003,26,1,synthetic_fixture
2026-05-07,003,26,1,synthetic_fixture
2026-05-08,003,26,1,synthetic_fixture
2026-05-09,003,26,1,synthetic_fixture
2026-05-10,003,26,1,synthetic_fixture
2026-05-11,003,26,1,synthetic_fixture
2026-05-12,003,26,1,synthetic_fixture
2026-05-13,003,26,1,synthetic_fixture
2026-05-14,003,26,1,synthetic_fixture
2026-04-17,003,27,2,synthetic_fixture
2026-04-18,003,27,2,synthetic_fixture
2026-04-19,003,27,2,synthetic_fixture
2026-04-20,003,27,2,synthetic_fixture
2026-04-21,003,27,2,synthetic_fixture
2026-04-22,003,27,2,synthetic_fixture
2026-04-23,003,27,1,synthetic_fixture
2026-04-24,003,27,2,synthetic_fixture
2026-04-25,003,27,1,synthetic_fixture
2026-04-26,003,27,2,synthetic_fixture
2026-04-27,003,27,1,synthetic_fixture
2026-04-28,003,27,1,synthetic_fixture
2026-04-29,003,27,1,synthetic_fixture
2026-04-30,003,27,1,synthetic_fixture
2026-05-01,003,27,1,synthetic_fixture
2026-05-02,003,27,2,synthetic_fixture
2026-05-03,003,27,1,synthetic_fixture
2026-05-04,003,27,2,synthetic_fixture
2026-05-05,003,27,1,synthetic_fixture
2026-05-06,003,27,2,synthetic_fixture
2026-05-07,003,27,1,synthetic_fixture
2026-05-08,003,27,2,synthetic_fixture
2026-05-09,003,27,1,synthetic_fixture
2026-05-10,003,27,1,synthetic_fixture
2026-05-11,003,27,1,synthetic_fixture
2026-05-12,003,27,2,synthetic_fixture
2026-05-13,003,27,1,synthetic_fixture
2026-05-14,003,27,2,synthetic_fixture
2026-04-17,003,28,4,synthetic_fixture
2026-04-18,003,28,6,synthetic_fixture
2026-04-19,003,28,5,synthetic_fixture
2026-04-20,003,28,5,synthetic_fixture
2026-04-21,003,28,4,synthetic_fixture
2026-04-22,003,28,6,synthetic_fixture
2026-04-23,003,28,4,synthetic_fixture
2026-04-24,003,28,6,synthetic_fixture
2026-04-25,003,28,6,synthetic_fixture
2026-04-26,003,28,5,synthetic_fixture
2026-04-27,003,28,3,synthetic_fixture
2026-04-28,003,28,5,synthetic_fixture
2026-04-29,003,28,6,synthetic_fixture
2026-04-30,003,28,5,synthetic_fixture
2026-05-01,003,28,4,synthetic_fixture
2026-05-02,003,28,5,synthetic_fixture
2026-05-03,003,28,6,synthetic_fixture
2026-05-04,003,28,5,synthetic_fixture
2026-05-05,003,28,5,synthetic_fixture
2026-05-06,003,28,6,synthetic_fixture
2026-05-07,003,28,4,synthetic_fixture
2026-05-08,003,28,3,synthetic_fixture
2026-05-09,003,28,6,synthetic_fixture
2026-05-10,003,28,4,synthetic_fixture
2026-05-11,003,28,6,synthetic_fixture
2026-05-12,003,28,6,synthetic_fixture
2026-05-13,003,28,4,synthetic_fixture
2026-05-14,003,28,5,synthetic_fixture
2026-04-17,003,29,4,synthetic_fixture
2026-04-18,003,29,3,synthetic_fixture
2026-04-19,003,29,5,synthetic_fixture
2026-04-20,003,29,2,synthetic_fixture
2026-04-21,003,29,4,synthetic_fixture
2026-04-22,003,29,4,synthetic_fixture
2026-04-23,003,29,5,synthetic_fixture
2026-04-24,003,29,4,synthetic_fixture
2026-04-25,003,29,2,synthetic_fixture
2026-04-26,003,29,4,synthetic_fixture
2026-04-27,003,29,4,synthetic_fixture
2026-04-28,003,29,4,synthetic_fixture
2026-04-29,003,29,4,synthetic_fixture
2026-04-30,003,29,3,synthetic_fixture
2026-05-01,003,29,3,synthetic_fixture
2026-05-02,003,29,4,synthetic_fixture
2026-05-03,003,29,3,synthetic_fixture
2026-05-04,003,29,2,synthetic_fixture
2026-05-05,003,29,2,synthetic_fixture
2026-05-06,003,29,4,synthetic_fixture
2026-05-07,003,29,3,synthetic_fixture
2026-05-08,003,29,5,synthetic_fixture
2026-05-09,003,29,3,synthetic_fixture
2026-05-10,003,29,3,synthetic_fixture
2026-05-11,003,29,3,synthetic_fixture
2026-05-12,003,29,4,synthetic_fixture
2026-05-13,003,29,3,synthetic_fixture
2026-05-14,003,29,5,synthetic_fixture
2026-04-17,003,30,3,synthetic_fixture
2026-04-18,003,30,3,synthetic_fixture
2026-04-19,003,30,3,synthetic_fixture
2026-04-20,003,30,3,synthetic_fixture
2026-04-21,003,30,3,synthetic_fixture
2026-04-22,003,30,4,synthetic_fixture
2026-04-23,003,30,4,synthetic_fixture
2026-04-24,003,30,3,synthetic_fixture
2026-04-25,003,30,4,synthetic_fixture
2026-04-26,003,30,4,synthetic_fixture
2026-04-27,003,30,3,synthetic_fixture
2026-04-28,003,30,3,synthetic_fixture
2026-04-29,003,30,2,synthetic_fixture
2026-04-30,003,30,4,synthetic_fixture
2026-05-01,003,30,4,synthetic_fixture
2026-05-02,003,30,3,synthetic_fixture
2026-05-03,003,30,3,synthetic_fixture
2026-05-04,003,30,2,synthetic_fixture
2026-05-05,003,30,2,synthetic_fixture
2026-05-06,003,30,3,synthetic_fixture
2026-05-07,003,30,3,synthetic_fixture
2026-05-08,003,30,3,synthetic_fixture
2026-05-09,003,30,4,synthetic_fixture
2026-05-10,003,30,3,synthetic_fixture
2026-05-11,003,30,2,synthetic_fixture
2026-05-12,003,30,3,synthetic_fixture
2026-05-13,003,30,4,synthetic_fixture
2026-05-14,003,30,3,synthetic_fixture
2026-04-17,003,31,2,synthetic_fixture
2026-04-18,003,31,1,synthetic_fixture
2026-04-19,003,31,1,synthetic_fixture
2026-04-20,003,31,1,synthetic_fixture
2026-04-21,003,31,2,synthetic_fixture
2026-04-22,003,31,1,synthetic_fixture
2026-04-23,003,31,2,synthetic_fixture
2026-04-24,003,31,2,synthetic_fixture
2026-04-25,003,31,1,synthetic_fixture
2026-04-26,003,31,1,synthetic_fixture
2026-04-27,003,31,2,synthetic_fixture
2026-04-28,003,31,2,synthetic_fixture
2026-04-29,003,31,1,synthetic_fixture
2026-04-30,003,31,2,synthetic_fixture
2026-05-01,003,31,2,synthetic_fixture
2026-05-02,003,31,2,synthetic_fixture
2026-05-03,003,31,1,synthetic_fixture
2026-05-04,003,31,1,synthetic_fixture
2026-05-05,003,31,2,synthetic_fixture
2026-05-06,003,31,1,synthetic_fixture
2026-05-07,003,31,2,synthetic_fixture
2026-05-08,003,31,2,synthetic_fixture
2026-05-09,003,31,2,synthetic_fixture
2026-05-10,003,31,2,synthetic_fixture
2026-05-11,003,31,1,synthetic_fixture
2026-05-12,003,31,1,synthetic_fixture
2026-05-13,003,31,1,synthetic_fixture
2026-05-14,003,31,1,synthetic_fixture
2026-04-17,003,32,5,synthetic_fixture
2026-04-18,003,32,6,synthetic_fixture
2026-04-19,003,32,7,synthetic_fixture
2026-04-20,003,32,4,synthetic_fixture
2026-04-21,003,32,4,synthetic_fixture
2026-04-22,003,32,7,synthetic_fixture
2026-04-23,003,32,6,synthetic_fixture
2026-04-24,003,32,7,synthetic_fixture
2026-04-25,003,32,7,synthetic_fixture
2026-04-26,003,32,4,synthetic_fixture
2026-04-27,003,32,5,synthetic_fixture
2026-04-28,003,32,5,synthetic_fixture
2026-04-29,003,32,5,synthetic_fixture
2026-04-30,003,32,7,synthetic_fixture
2026-05-01,003,32,4,synthetic_fixture
2026-05-02,003,32,5,synthetic_fixture
2026-05-03,003,32,7,synthetic_fixture
2026-05-04,003,32,4,synthetic_fixture
2026-05-05,003,32,6,synthetic_fixture
2026-05-06,003,32,6,synthetic_fixture
2026-05-07,003,32,5,synthetic_fixture
2026-05-08,003,32,6,synthetic_fixture
2026-05-09,003,32,7,synthetic_fixture
2026-05-10,003,32,4,synthetic_fixture
2026-05-11,003,32,5,synthetic_fixture
2026-05-12,003,32,5,synthetic_fixture
2026-05-13,003,32,6,synthetic_fixture
2026-05-14,003,32,6,synthetic_fixture
2026-04-17,003,33,4,synthetic_fixture
2026-04-18,003,33,4,synthetic_fixture
2026-04-19,003,33,3,synthetic_fixture
2026-04-20,003,33,2,synthetic_fixture
2026-04-21,003,33,3,synthetic_fixture
2026-04-22,003,33,4,synthetic_fixture
2026-04-23,003,33,4,synthetic_fixture
2026-04-24,003,33,4,synthetic_fixture
2026-04-25,003,33,4,synthetic_fixture
2026-04-26,003,33,4,synthetic_fixture
2026-04-27,003,33,4,synthetic_fixture
2026-04-28,003,33,4,synthetic_fixture
2026-04-29,003,33,4,synthetic_fixture
2026-04-30,003,33,4,synthetic_fixture
2026-05-01,003,33,4,synthetic_fixture
2026-05-02,003,33,3,synthetic_fixture
2026-05-03,003,33,4,synthetic_fixture
2026-05-04,003,33,4,synthetic_fixture
2026-05-05,003,33,2,synthetic_fixture
2026-05-06,003,33,3,synthetic_fixture
2026-05-07,003,33,3,synthetic_fixture
2026-05-08,003,33,4,synthetic_fixture
2026-05-09,003,33,4,synthetic_fixture
2026-05-10,003,33,4,synthetic_fixture
2026-05-11,003,33,2,synthetic_fixture
2026-05-12,003,33,2,synthetic_fixture
2026-05-13,003,33,4,synthetic_fixture
2026-05-14,003,33,4,synthetic_fixture
2026-04-17,003,34,6,synthetic_fixture
2026-04-18,003,34,6,synthetic_fixture
2026-04-19,003,34,5,synthetic_fixture
2026-04-20,003,34,4,synthetic_fixture
2026-04-21,003,34,4,synthetic_fixture
2026-04-22,003,34,5,synthetic_fixture
2026-04-23,003,34,6,synthetic_fixture
2026-04-24,003,34,5,synthetic_fixture
2026-04-25,003,34,6,synthetic_fixture
2026-04-26,003,34,6,synthetic_fixture
2026-04-27,003,34,5,synthetic_fixture
2026-04-28,003,34,6,synthetic_fixture
2026-04-29,003,34,6,synthetic_fixture
2026-04-30,003,34,5,synthetic_fixture
2026-05-01,003,34,5,synthetic_fixture
2026-05-02,003,34,5,synthetic_fixture
2026-05-03,003,34,6,synthetic_fixture
2026-05-04,003,34,7,synthetic_fixture
2026-05-05,003,34,7,synthetic_fixture
2026-05-06,003,34,3,synthetic_fixture
2026-05-07,003,34,5,synthetic_fixture
2026-05-08,003,34,5,synthetic_fixture
2026-05-09,003,34,4,synthetic_fixture
2026-05-10,003,34,6,synthetic_fixture
2026-05-11,003,34,6,synthetic_fixture
2026-05-12,003,34,6,synthetic_fixture
2026-05-13,003,34,6,synthetic_fixture
2026-05-14,003,34,5,synthetic_fixture
2026-04-17,003,35,0,synthetic_fixture
2026-04-18,003,35,1,synthetic_fixture
2026-04-19,003,35,0,synthetic_fixture
2026-04-20,003,35,1,synthetic_fixture
2026-04-21,003,35,1,synthetic_fixture
2026-04-22,003,35,1,synthetic_fixture
2026-04-23,003,35,1,synthetic_fixture
2026-04-24,003,35,1,synthetic_fixture
2026-04-25,003,35,1,synthetic_fixture
2026-04-26,003,35,0,synthetic_fixture
2026-04-27,003,35,1,synthetic_fixture
2026-04-28,003,35,0,synthetic_fixture
2026-04-29,003,35,0,synthetic_fixture
2026-04-30,003,35,0,synthetic_fixture
2026-05-01,003,35,0,synthetic_fixture
2026-05-02,003,35,0,synthetic_fixture
2026-05-03,003,35,1,synthetic_fixture
2026-05-04,003,35,1,synthetic_fixture
2026-05-05,003,35,0,synthetic_fixture
2026-05-06,003,35,1,synthetic_fixture
2026-05-07,003,35,0,synthetic_fixture
2026-05-08,003,35,1,synthetic_fixture
2026-05-09,003,35,1,synthetic_fixture
2026-05-10,003,35,0,synthetic_fixture
2026-05-11,003,35,1,synthetic_fixture
2026-05-12,003,35,0,synthetic_fixture
2026-05-13,003,35,1,synthetic_fixture
2026-05-14,003,35,1,synthetic_fixture
2026-04-17,003,36,3,synthetic_fixture
2026-04-18,003,36,5,synthetic_fixture
2026-04-19,003,36,4,synthetic_fixture
2026-04-20,003,36,3,synthetic_fixture
2026-04-21,003,36,4,synthetic_fixture
2026-04-22,003,36,3,synthetic_fixture
2026-04-23,003,36,5,synthetic_fixture
2026-04-24,003,36,4,synthetic_fixture
2026-04-25,003,36,3,synthetic_fixture
2026-04-26,003,36,3,synthetic_fixture
2026-04-27,003,36,4,synthetic_fixture
2026-04-28,003,36,4,synthetic_fixture
2026-04-29,003,36,4,synthetic_fixture
2026-04-30,003,36,4,synthetic_fixture
2026-05-01,003,36,3,synthetic_fixture
2026-05-02,003,36,3,synthetic_fixture
2026-05-03,003,36,5,synthetic_fixture
2026-05-04,003,36,5,synthetic_fixture
2026-05-05,003,36,5,synthetic_fixture
2026-05-06,003,36,4,synthetic_fixture
2026-05-07,003,36,5,synthetic_fixture
2026-05-08,003,36,3,synthetic_fixture
2026-05-09,003,36,3,synthetic_fixture
2026-05-10,003,36,3,synthetic_fixture
2026-05-11,003,36,4,synthetic_fixture
2026-05-12,003,36,3,synthetic_fixture
2026-05-13,003,36,3,synthetic_fixture
2026-05-14,003,36,5,synthetic_fixture
2026-04-17,004,1,6,synthetic_fixture
2026-04-18,004,1,5,synthetic_fixture
2026-04-19,004,1,5,synthetic_fixture
2026-04-20,004,1,4,synthetic_fixture
2026-04-21,004,1,6,synthetic_fixture
2026-04-22,004,1,5,synthetic_fixture
2026-04-23,004,1,4,synthetic_fixture
2026-04-24,004,1,5,synthetic_fixture
2026-04-25,004,1,4,synthetic_fixture
2026-04-26,004,1,6,synthetic_fixture
2026-04-27,004,1,4,synthetic_fixture
2026-04-28,004,1,5,synthetic_fixture
2026-04-29,004,1,6,synthetic_fixture
2026-04-30,004,1,6,synthetic_fixture
2026-05-01,004,1,5,synthetic_fixture
2026-05-02,004,1,5,synthetic_fixture
2026-05-03,004,1,4,synthetic_fixture
2026-05-04,004,1,6,synthetic_fixture
2026-05-05,004,1,5,synthetic_fixture
2026-05-06,004,1,7,synthetic_fixture
2026-05-07,004,1,5,synthetic_fixture
2026-05-08,004,1,5,synthetic_fixture
2026-05-09,004,1,6,synthetic_fixture
2026-05-10,004,1,6,synthetic_fixture
2026-05-11,004,1,5,synthetic_fixture
2026-05-12,004,1,7,synthetic_fixture
2026-05-13,004,1,4,synthetic_fixture
2026-05-14,004,1,6,synthetic_fixture
2026-04-17,004,2,4,synthetic_fixture
2026-04-18,004,2,4,synthetic_fixture
2026-04-19,004,2,4,synthetic_fixture
2026-04-20,004,2,4,synthetic_fixture
2026-04-21,004,2,2,synthetic_fixture
2026-04-22,004,2,4,synthetic_fixture
2026-04-23,004,2,3,synthetic_fixture
2026-04-24,004,2,4,synthetic_fixture
2026-04-25,004,2,3,synthetic_fixture
2026-04-26,004,2,4,synthetic_fixture
2026-04-27,004,2,4,synthetic_fixture
2026-04-28,004,2,4,synthetic_fixture
2026-04-29,004,2,4,synthetic_fixture
2026-04-30,004,2,3,synthetic_fixture
2026-05-01,004,2,2,synthetic_fixture
2026-05-02,004,2,4,synthetic_fixture
2026-05-03,004,2,3,synthetic_fixture
2026-05-04,004,2,3,synthetic_fixture
2026-05-05,004,2,4,synthetic_fixture
2026-05-06,004,2,3,synthetic_fixture
2026-05-07,004,2,4,synthetic_fixture
2026-05-08,004,2,3,synthetic_fixture
2026-05-09,004,2,3,synthetic_fixture
2026-05-10,004,2,3,synthetic_fixture
2026-05-11,004,2,2,synthetic_fixture
2026-05-12,004,2,3,synthetic_fixture
2026-05-13,004,2,2,synthetic_fixture
2026-05-14,004,2,2,synthetic_fixture
2026-04-17,004,3,6,synthetic_fixture
2026-04-18,004,3,5,synthetic_fixture
2026-04-19,004,3,6,synthetic_fixture
2026-04-20,004,3,4,synthetic_fixture
2026-04-21,004,3,7,synthetic_fixture
2026-04-22,004,3,4,synthetic_fixture
2026-04-23,004,3,5,synthetic_fixture
2026-04-24,004,3,6,synthetic_fixture
2026-04-25,004,3,5,synthetic_fixture
2026-04-26,004,3,5,synthetic_fixture
2026-04-27,004,3,6,synthetic_fixture
2026-04-28,004,3,4,synthetic_fixture
2026-04-29,004,3,5,synthetic_fixture
2026-04-30,004,3,4,synthetic_fixture
2026-05-01,004,3,4,synthetic_fixture
2026-05-02,004,3,6,synthetic_fixture
2026-05-03,004,3,4,synthetic_fixture
2026-05-04,004,3,4,synthetic_fixture
2026-05-05,004,3,5,synthetic_fixture
2026-05-06,004,3,5,synthetic_fixture
2026-05-07,004,3,4,synthetic_fixture
2026-05-08,004,3,6,synthetic_fixture
2026-05-09,004,3,5,synthetic_fixture
2026-05-10,004,3,5,synthetic_fixture
2026-05-11,004,3,6,synthetic_fixture
2026-05-12,004,3,5,synthetic_fixture
2026-05-13,004,3,7,synthetic_fixture
2026-05-14,004,3,4,synthetic_fixture
2026-04-17,004,4,3,synthetic_fixture
2026-04-18,004,4,1,synthetic_fixture
2026-04-19,004,4,3,synthetic_fixture
2026-04-20,004,4,1,synthetic_fixture
2026-04-21,004,4,2,synthetic_fixture
2026-04-22,004,4,3,synthetic_fixture
2026-04-23,004,4,1,synthetic_fixture
2026-04-24,004,4,3,synthetic_fixture
2026-04-25,004,4,2,synthetic_fixture
2026-04-26,004,4,1,synthetic_fixture
2026-04-27,004,4,2,synthetic_fixture
2026-04-28,004,4,3,synthetic_fixture
2026-04-29,004,4,2,synthetic_fixture
2026-04-30,004,4,3,synthetic_fixture
2026-05-01,004,4,1,synthetic_fixture
2026-05-02,004,4,3,synthetic_fixture
2026-05-03,004,4,2,synthetic_fixture
2026-05-04,004,4,3,synthetic_fixture
2026-05-05,004,4,2,synthetic_fixture
2026-05-06,004,4,2,synthetic_fixture
2026-05-07,004,4,2,synthetic_fixture
2026-05-08,004,4,3,synthetic_fixture
2026-05-09,004,4,2,synthetic_fixture
2026-05-10,004,4,3,synthetic_fixture
2026-05-11,004,4,2,synthetic_fixture
2026-05-12,004,4,2,synthetic_fixture
2026-05-13,004,4,2,synthetic_fixture
2026-05-14,004,4,2,synthetic_fixture
2026-04-17,004,5,1,synthetic_fixture
2026-04-18,004,5,1,synthetic_fixture
2026-04-19,004,5,1,synthetic_fixture
2026-04-20,004,5,0,synthetic_fixture
2026-04-21,004,5,1,synthetic_fixture
2026-04-22,004,5,1,synthetic_fixture
2026-04-23,004,5,1,synthetic_fixture
2026-04-24,004,5,1,synthetic_fixture
2026-04-25,004,5,1,synthetic_fixture
2026-04-26,004,5,1,synthetic_fixture
2026-04-27,004,5,1,synthetic_fixture
2026-04-28,004,5,1,synthetic_fixture
2026-04-29,004,5,1,synthetic_fixture
2026-04-30,004,5,1,synthetic_fixture
2026-05-01,004,5,1,synthetic_fixture
2026-05-02,004,5,1,synthetic_fixture
2026-05-03,004,5,0,synthetic_fixture
2026-05-04,004,5,1,synthetic_fixture
2026-05-05,004,5,1,synthetic_fixture
2026-05-06,004,5,1,synthetic_fixture
2026-05-07,004,5,1,synthetic_fixture
2026-05-08,004,5,1,synthetic_fixture
2026-05-09,004,5,1,synthetic_fixture
2026-05-10,004,5,1,synthetic_fixture
2026-05-11,004,5,0,synthetic_fixture
2026-05-12,004,5,0,synthetic_fixture
2026-05-13,004,5,1,synthetic_fixture
2026-05-14,004,5,1,synthetic_fixture
2026-04-17,004,6,5,synthetic_fixture
2026-04-18,004,6,3,synthetic_fixture
2026-04-19,004,6,4,synthetic_fixture
2026-04-20,004,6,4,synthetic_fixture
2026-04-21,004,6,5,synthetic_fixture
2026-04-22,004,6,5,synthetic_fixture
2026-04-23,004,6,3,synthetic_fixture
2026-04-24,004,6,5,synthetic_fixture
2026-04-25,004,6,4,synthetic_fixture
2026-04-26,004,6,5,synthetic_fixture
2026-04-27,004,6,5,synthetic_fixture
2026-04-28,004,6,3,synthetic_fixture
2026-04-29,004,6,5,synthetic_fixture
2026-04-30,004,6,4,synthetic_fixture
2026-05-01,004,6,5,synthetic_fixture
2026-05-02,004,6,4,synthetic_fixture
2026-05-03,004,6,5,synthetic_fixture
2026-05-04,004,6,4,synthetic_fixture
2026-05-05,004,6,5,synthetic_fixture
2026-05-06,004,6,4,synthetic_fixture
2026-05-07,004,6,4,synthetic_fixture
2026-05-08,004,6,3,synthetic_fixture
2026-05-09,004,6,3,synthetic_fixture
2026-05-10,004,6,4,synthetic_fixture
2026-05-11,004,6,5,synthetic_fixture
2026-05-12,004,6,5,synthetic_fixture
2026-05-13,004,6,4,synthetic_fixture
2026-05-14,004,6,5,synthetic_fixture
2026-04-17,004,7,1,synthetic_fixture
2026-04-18,004,7,2,synthetic_fixture
2026-04-19,004,7,1,synthetic_fixture
2026-04-20,004,7,1,synthetic_fixture
2026-04-21,004,7,1,synthetic_fixture
2026-04-22,004,7,1,synthetic_fixture
2026-04-23,004,7,2,synthetic_fixture
2026-04-24,004,7,1,synthetic_fixture
2026-04-25,004,7,1,synthetic_fixture
2026-04-26,004,7,1,synthetic_fixture
2026-04-27,004,7,1,synthetic_fixture
2026-04-28,004,7,2,synthetic_fixture
2026-04-29,004,7,1,synthetic_fixture
2026-04-30,004,7,1,synthetic_fixture
2026-05-01,004,7,1,synthetic_fixture
2026-05-02,004,7,1,synthetic_fixture
2026-05-03,004,7,2,synthetic_fixture
2026-05-04,004,7,1,synthetic_fixture
2026-05-05,004,7,1,synthetic_fixture
2026-05-06,004,7,2,synthetic_fixture
2026-05-07,004,7,1,synthetic_fixture
2026-05-08,004,7,1,synthetic_fixture
2026-05-09,004,7,1,synthetic_fixture
2026-05-10,004,7,2,synthetic_fixture
2026-05-11,004,7,1,synthetic_fixture
2026-05-12,004,7,1,synthetic_fixture
2026-05-13,004,7,2,synthetic_fixture
2026-05-14,004,7,2,synthetic_fixture
2026-04-17,004,8,6,synthetic_fixture
2026-04-18,004,8,5,synthetic_fixture
2026-04-19,004,8,5,synthetic_fixture
2026-04-20,004,8,5,synthetic_fixture
2026-04-21,004,8,7,synthetic_fixture
2026-04-22,004,8,5,synthetic_fixture
2026-04-23,004,8,5,synthetic_fixture
2026-04-24,004,8,6,synthetic_fixture
2026-04-25,004,8,5,synthetic_fixture
2026-04-26,004,8,6,synthetic_fixture
2026-04-27,004,8,4,synthetic_fixture
2026-04-28,004,8,6,synthetic_fixture
2026-04-29,004,8,6,synthetic_fixture
2026-04-30,004,8,4,synthetic_fixture
2026-05-01,004,8,6,synthetic_fixture
2026-05-02,004,8,6,synthetic_fixture
2026-05-03,004,8,4,synthetic_fixture
2026-05-04,004,8,7,synthetic_fixture
2026-05-05,004,8,4,synthetic_fixture
2026-05-06,004,8,5,synthetic_fixture
2026-05-07,004,8,5,synthetic_fixture
2026-05-08,004,8,6,synthetic_fixture
2026-05-09,004,8,6,synthetic_fixture
2026-05-10,004,8,4,synthetic_fixture
2026-05-11,004,8,4,synthetic_fixture
2026-05-12,004,8,6,synthetic_fixture
2026-05-13,004,8,7,synthetic_fixture
2026-05-14,004,8,4,synthetic_fixture
2026-04-17,004,9,4,synthetic_fixture
2026-04-18,004,9,2,synthetic_fixture
2026-04-19,004,9,3,synthetic_fixture
2026-04-20,004,9,3,synthetic_fixture
2026-04-21,004,9,2,synthetic_fixture
2026-04-22,004,9,2,synthetic_fixture
2026-04-23,004,9,2,synthetic_fixture
2026-04-24,004,9,4,synthetic_fixture
2026-04-25,004,9,3,synthetic_fixture
2026-04-26,004,9,3,synthetic_fixture
2026-04-27,004,9,2,synthetic_fixture
2026-04-28,004,9,3,synthetic_fixture
2026-04-29,004,9,2,synthetic_fixture
2026-04-30,004,9,3,synthetic_fixture
2026-05-01,004,9,2,synthetic_fixture
2026-05-02,004,9,2,synthetic_fixture
2026-05-03,004,9,2,synthetic_fixture
2026-05-04,004,9,4,synthetic_fixture
2026-05-05,004,9,4,synthetic_fixture
2026-05-06,004,9,2,synthetic_fixture
2026-05-07,004,9,2,synthetic_fixture
2026-05-08,004,9,4,synthetic_fixture
2026-05-09,004,9,3,synthetic_fixture
2026-05-10,004,9,2,synthetic_fixture
2026-05-11,004,9,3,synthetic_fixture
2026-05-12,004,9,2,synthetic_fixture
2026-05-13,004,9,3,synthetic_fixture
2026-05-14,004,9,3,synthetic_fixture
2026-04-17,004,10,5,synthetic_fixture
2026-04-18,004,10,5,synthetic_fixture
2026-04-19,004,10,5,synthetic_fixture
2026-04-20,004,10,3,synthetic_fixture
2026-04-21,004,10,4,synthetic_fixture
2026-04-22,004,10,4,synthetic_fixture
2026-04-23,004,10,5,synthetic_fixture
2026-04-24,004,10,4,synthetic_fixture
2026-04-25,004,10,4,synthetic_fixture
2026-04-26,004,10,5,synthetic_fixture
2026-04-27,004,10,4,synthetic_fixture
2026-04-28,004,10,3,synthetic_fixture
2026-04-29,004,10,4,synthetic_fixture
2026-04-30,004,10,5,synthetic_fixture
2026-05-01,004,10,5,synthetic_fixture
2026-05-02,004,10,4,synthetic_fixture
2026-05-03,004,10,4,synthetic_fixture
2026-05-04,004,10,5,synthetic_fixture
2026-05-05,004,10,4,synthetic_fixture
2026-05-06,004,10,4,synthetic_fixture
2026-05-07,004,10,4,synthetic_fixture
2026-05-08,004,10,4,synthetic_fixture
2026-05-09,004,10,3,synthetic_fixture
2026-05-10,004,10,4,synthetic_fixture
2026-05-11,004,10,3,synthetic_fixture
2026-05-12,004,10,5,synthetic_fixture
2026-05-13,004,10,5,synthetic_fixture
2026-05-14,004,10,5,synthetic_fixture
2026-04-17,004,11,3,synthetic_fixture
2026-04-18,004,11,2,synthetic_fixture
2026-04-19,004,11,3,synthetic_fixture
2026-04-20,004,11,3,synthetic_fixture
2026-04-21,004,11,2,synthetic_fixture
2026-04-22,004,11,2,synthetic_fixture
2026-04-23,004,11,3,synthetic_fixture
2026-04-24,004,11,2,synthetic_fixture
2026-04-25,004,11,3,synthetic_fixture
2026-04-26,004,11,3,synthetic_fixture
2026-04-27,004,11,2,synthetic_fixture
2026-04-28,004,11,3,synthetic_fixture
2026-04-29,004,11,2,synthetic_fixture
2026-04-30,004,11,3,synthetic_fixture
2026-05-01,004,11,3,synthetic_fixture
2026-05-02,004,11,2,synthetic_fixture
2026-05-03,004,11,3,synthetic_fixture
2026-05-04,004,11,3,synthetic_fixture
2026-05-05,004,11,3,synthetic_fixture
2026-05-06,004,11,2,synthetic_fixture
2026-05-07,004,11,3,synthetic_fixture
2026-05-08,004,11,3,synthetic_fixture
2026-05-09,004,11,3,synthetic_fixture
2026-05-10,004,11,3,synthetic_fixture
2026-05-11,004,11,3,synthetic_fixture
2026-05-12,004,11,3,synthetic_fixture
2026-05-13,004,11,3,synthetic_fixture
2026-05-14,004,11,3,synthetic_fixture
2026-04-17,004,12,3,synthetic_fixture
2026-04-18,004,12,5,synthetic_fixture
2026-04-19,004,12,3,synthetic_fixture
2026-04-20,004,12,5,synthetic_fixture
2026-04-21,004,12,4,synthetic_fixture
2026-04-22,004,12,4,synthetic_fixture
2026-04-23,004,12,3,synthetic_fixture
2026-04-24,004,12,4,synthetic_fixture
2026-04-25,004,12,4,synthetic_fixture
2026-04-26,004,12,5,synthetic_fixture
2026-04-27,004,12,4,synthetic_fixture
2026-04-28,004,12,3,synthetic_fixture
2026-04-29,004,12,4,synthetic_fixture
2026-04-30,004,12,3,synthetic_fixture
2026-05-01,004,12,3,synthetic_fixture
2026-05-02,004,12,3,synthetic_fixture
2026-05-03,004,12,4,synthetic_fixture
2026-05-04,004,12,5,synthetic_fixture
2026-05-05,004,12,3,synthetic_fixture
2026-05-06,004,12,4,synthetic_fixture
2026-05-07,004,12,5,synthetic_fixture
2026-05-08,004,12,4,synthetic_fixture
2026-05-09,004,12,5,synthetic_fixture
2026-05-10,004,12,5,synthetic_fixture
2026-05-11,004,12,5,synthetic_fixture
2026-05-12,004,12,3,synthetic_fixture
2026-05-13,004,12,4,synthetic_fixture
2026-05-14,004,12,4,synthetic_fixture
2026-04-17,004,13,4,synthetic_fixture
2026-04-18,004,13,4,synthetic_fixture
2026-04-19,004,13,3,synthetic_fixture
2026-04-20,004,13,4,synthetic_fixture
2026-04-21,004,13,4,synthetic_fixture
2026-04-22,004,13,4,synthetic_fixture
2026-04-23,004,13,4,synthetic_fixture
2026-04-24,004,13,4,synthetic_fixture
2026-04-25,004,13,3,synthetic_fixture
2026-04-26,004,13,4,synthetic_fixture
2026-04-27,004,13,4,synthetic_fixture
2026-04-28,004,13,4,synthetic_fixture
2026-04-29,004,13,3,synthetic_fixture
2026-04-30,004,13,2,synthetic_fixture
2026-05-01,004,13,3,synthetic_fixture
2026-05-02,004,13,4,synthetic_fixture
2026-05-03,004,13,4,synthetic_fixture
2026-05-04,004,13,4,synthetic_fixture
2026-05-05,004,13,2,synthetic_fixture
2026-05-06,004,13,4,synthetic_fixture
2026-05-07,004,13,4,synthetic_fixture
2026-05-08,004,13,4,synthetic_fixture
2026-05-09,004,13,3,synthetic_fixture
2026-05-10,004,13,3,synthetic_fixture
2026-05-11,004,13,3,synthetic_fixture
2026-05-12,004,13,3,synthetic_fixture
2026-05-13,004,13,4,synthetic_fixture
2026-05-14,004,13,3,synthetic_fixture
2026-04-17,004,14,2,synthetic_fixture
2026-04-18,004,14,2,synthetic_fixture
2026-04-19,004,14,1,synthetic_fixture
2026-04-20,004,14,2,synthetic_fixture
2026-04-21,004,14,2,synthetic_fixture
2026-04-22,004,14,2,synthetic_fixture
2026-04-23,004,14,1,synthetic_fixture
2026-04-24,004,14,2,synthetic_fixture
2026-04-25,004,14,2,synthetic_fixture
2026-04-26,004,14,2,synthetic_fixture
2026-04-27,004,14,2,synthetic_fixture
2026-04-28,004,14,2,synthetic_fixture
2026-04-29,004,14,2,synthetic_fixture
2026-04-30,004,14,2,synthetic_fixture
2026-05-01,004,14,2,synthetic_fixture
2026-05-02,004,14,2,synthetic_fixture
2026-05-03,004,14,2,synthetic_fixture
2026-05-04,004,14,2,synthetic_fixture
2026-05-05,004,14,2,synthetic_fixture
2026-05-06,004,14,2,synthetic_fixture
2026-05-07,004,14,2,synthetic_fixture
2026-05-08,004,14,1,synthetic_fixture
2026-05-09,004,14,2,synthetic_fixture
2026-05-10,004,14,1,synthetic_fixture
2026-05-11,004,14,2,synthetic_fixture
2026-05-12,004,14,2,synthetic_fixture
2026-05-13,004,14,2,synthetic_fixture
2026-05-14,004,14,1,synthetic_fixture
2026-04-17,004,15,5,synthetic_fixture
2026-04-18,004,15,5,synthetic_fixture
2026-04-19,004,15,6,synthetic_fixture
2026-04-20,004,15,6,synthetic_fixture
2026-04-21,004,15,6,synthetic_fixture
2026-04-22,004,15,4,synthetic_fixture
2026-04-23,004,15,3,synthetic_fixture
2026-04-24,004,15,6,synthetic_fixture
2026-04-25,004,15,6,synthetic_fixture
2026-04-26,004,15,6,synthetic_fixture
2026-04-27,004,15,5,synthetic_fixture
2026-04-28,004,15,4,synthetic_fixture
2026-04-29,004,15,5,synthetic_fixture
2026-04-30,004,15,3,synthetic_fixture
2026-05-01,004,15,4,synthetic_fixture
2026-05-02,004,15,4,synthetic_fixture
2026-05-03,004,15,4,synthetic_fixture
2026-05-04,004,15,5,synthetic_fixture
2026-05-05,004,15,5,synthetic_fixture
2026-05-06,004,15,4,synthetic_fixture
2026-05-07,004,15,5,synthetic_fixture
2026-05-08,004,15,4,synthetic_fixture
2026-05-09,004,15,4,synthetic_fixture
2026-05-10,004,15,4,synthetic_fixture
2026-05-11,004,15,6,synthetic_fixture
2026-05-12,004,15,5,synthetic_fixture
2026-05-13,004,15,5,synthetic_fixture
2026-05-14,004,15,5,synthetic_fixture
2026-04-17,004,16,3,synthetic_fixture
2026-04-18,004,16,6,synthetic_fixture
2026-04-19,004,16,4,synthetic_fixture
2026-04-20,004,16,5,synthetic_fixture
2026-04-21,004,16,4,synthetic_fixture
2026-04-22,004,16,4,synthetic_fixture
2026-04-23,004,16,5,synthetic_fixture
2026-04-24,004,16,4,synthetic_fixture
2026-04-25,004,16,5,synthetic_fixture
2026-04-26,004,16,5,synthetic_fixture
2026-04-27,004,16,6,synthetic_fixture
2026-04-28,004,16,6,synthetic_fixture
2026-04-29,004,16,4,synthetic_fixture
2026-04-30,004,16,5,synthetic_fixture
2026-05-01,004,16,5,synthetic_fixture
2026-05-02,004,16,5,synthetic_fixture
2026-05-03,004,16,6,synthetic_fixture
2026-05-04,004,16,6,synthetic_fixture
2026-05-05,004,16,5,synthetic_fixture
2026-05-06,004,16,5,synthetic_fixture
2026-05-07,004,16,4,synthetic_fixture
2026-05-08,004,16,6,synthetic_fixture
2026-05-09,004,16,6,synthetic_fixture
2026-05-10,004,16,4,synthetic_fixture
2026-05-11,004,16,4,synthetic_fixture
2026-05-12,004,16,5,synthetic_fixture
2026-05-13,004,16,5,synthetic_fixture
2026-05-14,004,16,6,synthetic_fixture
2026-04-17,004,17,4,synthetic_fixture
2026-04-18,004,17,2,synthetic_fixture
2026-04-19,004,17,2,synthetic_fixture
2026-04-20,004,17,4,synthetic_fixture
2026-04-21,004,17,2,synthetic_fixture
2026-04-22,004,17,3,synthetic_fixture
2026-04-23,004,17,3,synthetic_fixture
2026-04-24,004,17,3,synthetic_fixture
2026-04-25,004,17,2,synthetic_fixture
2026-04-26,004,17,3,synthetic_fixture
2026-04-27,004,17,3,synthetic_fixture
2026-04-28,004,17,4,synthetic_fixture
2026-04-29,004,17,3,synthetic_fixture
2026-04-30,004,17,4,synthetic_fixture
2026-05-01,004,17,3,synthetic_fixture
2026-05-02,004,17,2,synthetic_fixture
2026-05-03,004,17,3,synthetic_fixture
2026-05-04,004,17,4,synthetic_fixture
2026-05-05,004,17,4,synthetic_fixture
2026-05-06,004,17,4,synthetic_fixture
2026-05-07,004,17,3,synthetic_fixture
2026-05-08,004,17,3,synthetic_fixture
2026-05-09,004,17,3,synthetic_fixture
2026-05-10,004,17,3,synthetic_fixture
2026-05-11,004,17,2,synthetic_fixture
2026-05-12,004,17,3,synthetic_fixture
2026-05-13,004,17,2,synthetic_fixture
2026-05-14,004,17,2,synthetic_fixture
2026-04-17,004,18,1,synthetic_fixture
2026-04-18,004,18,1,synthetic_fixture
2026-04-19,004,18,1,synthetic_fixture
2026-04-20,004,18,1,synthetic_fixture
2026-04-21,004,18,0,synthetic_fixture
2026-04-22,004,18,0,synthetic_fixture
2026-04-23,004,18,0,synthetic_fixture
2026-04-24,004,18,1,synthetic_fixture
2026-04-25,004,18,1,synthetic_fixture
2026-04-26,004,18,0,synthetic_fixture
2026-04-27,004,18,1,synthetic_fixture
2026-04-28,004,18,1,synthetic_fixture
2026-04-29,004,18,0,synthetic_fixture
2026-04-30,004,18,0,synthetic_fixture
2026-05-01,004,18,0,synthetic_fixture
2026-05-02,004,18,0,synthetic_fixture
2026-05-03,004,18,1,synthetic_fixture
2026-05-04,004,18,1,synthetic_fixture
2026-05-05,004,18,1,synthetic_fixture
2026-05-06,004,18,1,synthetic_fixture
2026-05-07,004,18,1,synthetic_fixture
2026-05-08,004,18,1,synthetic_fixture
2026-05-09,004,18,1,synthetic_fixture
2026-05-10,004,18,1,synthetic_fixture
2026-05-11,004,18,1,synthetic_fixture
2026-05-12,004,18,0,synthetic_fixture
2026-05-13,004,18,1,synthetic_fixture
2026-05-14,004,18,1,synthetic_fixture
2026-04-17,004,19,3,synthetic_fixture
2026-04-18,004,19,5,synthetic_fixture
2026-04-19,004,19,5,synthetic_fixture
2026-04-20,004,19,3,synthetic_fixture
2026-04-21,004,19,4,synthetic_fixture
2026-04-22,004,19,3,synthetic_fixture
2026-04-23,004,19,3,synthetic_fixture
2026-04-24,004,19,3,synthetic_fixture
2026-04-25,004,19,3,synthetic_fixture
2026-04-26,004,19,3,synthetic_fixture
2026-04-27,004,19,4,synthetic_fixture
2026-04-28,004,19,4,synthetic_fixture
2026-04-29,004,19,3,synthetic_fixture
2026-04-30,004,19,4,synthetic_fixture
2026-05-01,004,19,5,synthetic_fixture
2026-05-02,004,19,3,synthetic_fixture
2026-05-03,004,19,4,synthetic_fixture
2026-05-04,004,19,4,synthetic_fixture
2026-05-05,004,19,3,synthetic_fixture
2026-05-06,004,19,3,synthetic_fixture
2026-05-07,004,19,4,synthetic_fixture
2026-05-08,004,19,4,synthetic_fixture
2026-05-09,004,19,3,synthetic_fixture
2026-05-10,004,19,5,synthetic_fixture
2026-05-11,004,19,3,synthetic_fixture
2026-05-12,004,19,4,synthetic_fixture
2026-05-13,004,19,2,synthetic_fixture
2026-05-14,004,19,4,synthetic_fixture
2026-04-17,004,20,1,synthetic_fixture
2026-04-18,004,20,2,synthetic_fixture
2026-04-19,004,20,1,synthetic_fixture
2026-04-20,004,20,1,synthetic_fixture
2026-04-21,004,20,1,synthetic_fixture
2026-04-22,004,20,1,synthetic_fixture
2026-04-23,004,20,1,synthetic_fixture
2026-04-24,004,20,1,synthetic_fixture
2026-04-25,004,20,1,synthetic_fixture
2026-04-26,004,20,1,synthetic_fixture
2026-04-27,004,20,1,synthetic_fixture
2026-04-28,004,20,1,synthetic_fixture
2026-04-29,004,20,1,synthetic_fixture
2026-04-30,004,20,1,synthetic_fixture
2026-05-01,004,20,2,synthetic_fixture
2026-05-02,004,20,1,synthetic_fixture
2026-05-03,004,20,2,synthetic_fixture
2026-05-04,004,20,1,synthetic_fixture
2026-05-05,004,20,1,synthetic_fixture
2026-05-06,004,20,2,synthetic_fixture
2026-05-07,004,20,2,synthetic_fixture
2026-05-08,004,20,2,synthetic_fixture
2026-05-09,004,20,2,synthetic_fixture
2026-05-10,004,20,1,synthetic_fixture
2026-05-11,004,20,1,synthetic_fixture
2026-05-12,004,20,1,synthetic_fixture
2026-05-13,004,20,1,synthetic_fixture
2026-05-14,004,20,2,synthetic_fixture
2026-04-17,004,21,1,synthetic_fixture
2026-04-18,004,21,0,synthetic_fixture
2026-04-19,004,21,1,synthetic_fixture
2026-04-20,004,21,1,synthetic_fixture
2026-04-21,004,21,1,synthetic_fixture
2026-04-22,004,21,1,synthetic_fixture
2026-04-23,004,21,1,synthetic_fixture
2026-04-24,004,21,0,synthetic_fixture
2026-04-25,004,21,1,synthetic_fixture
2026-04-26,004,21,1,synthetic_fixture
2026-04-27,004,21,1,synthetic_fixture
2026-04-28,004,21,1,synthetic_fixture
2026-04-29,004,21,1,synthetic_fixture
2026-04-30,004,21,1,synthetic_fixture
2026-05-01,004,21,1,synthetic_fixture
2026-05-02,004,21,1,synthetic_fixture
2026-05-03,004,21,1,synthetic_fixture
2026-05-04,004,21,1,synthetic_fixture
2026-05-05,004,21,0,synthetic_fixture
2026-05-06,004,21,1,synthetic_fixture
2026-05-07,004,21,1,synthetic_fixture
2026-05-08,004,21,1,synthetic_fixture
2026-05-09,004,21,1,synthetic_fixture
2026-05-10,004,21,1,synthetic_fixture
2026-05-11,004,21,1,synthetic_fixture
2026-05-12,004,21,1,synthetic_fixture
2026-05-13,004,21,1,synthetic_fixture
2026-05-14,004,21,1,synthetic_fixture
2026-04-17,004,22,5,synthetic_fixture
2026-04-18,004,22,5,synthetic_fixture
2026-04-19,004,22,4,synthetic_fixture
2026-04-20,004,22,4,synthetic_fixture
2026-04-21,004,22,5,synthetic_fixture
2026-04-22,004,22,5,synthetic_fixture
2026-04-23,004,22,7,synthetic_fixture
2026-04-24,004,22,7,synthetic_fixture
2026-04-25,004,22,6,synthetic_fixture
2026-04-26,004,22,5,synthetic_fixture
2026-04-27,004,22,6,synthetic_fixture
2026-04-28,004,22,6,synthetic_fixture
2026-04-29,004,22,5,synthetic_fixture
2026-04-30,004,22,7,synthetic_fixture
2026-05-01,004,22,7,synthetic_fixture
2026-05-02,004,22,4,synthetic_fixture
2026-05-03,004,22,4,synthetic_fixture
2026-05-04,004,22,5,synthetic_fixture
2026-05-05,004,22,5,synthetic_fixture
2026-05-06,004,22,5,synthetic_fixture
2026-05-07,004,22,5,synthetic_fixture
2026-05-08,004,22,7,synthetic_fixture
2026-05-09,004,22,6,synthetic_fixture
2026-05-10,004,22,5,synthetic_fixture
2026-05-11,004,22,7,synthetic_fixture
2026-05-12,004,22,6,synthetic_fixture
2026-05-13,004,22,4,synthetic_fixture
2026-05-14,004,22,4,synthetic_fixture
2026-04-17,004,23,1,synthetic_fixture
2026-04-18,004,23,1,synthetic_fixture
2026-04-19,004,23,2,synthetic_fixture
2026-04-20,004,23,2,synthetic_fixture
2026-04-21,004,23,1,synthetic_fixture
2026-04-22,004,23,1,synthetic_fixture
2026-04-23,004,23,1,synthetic_fixture
2026-04-24,004,23,1,synthetic_fixture
2026-04-25,004,23,2,synthetic_fixture
2026-04-26,004,23,1,synthetic_fixture
2026-04-27,004,23,1,synthetic_fixture
2026-04-28,004,23,1,synthetic_fixture
2026-04-29,004,23,1,synthetic_fixture
2026-04-30,004,23,1,synthetic_fixture
2026-05-01,004,23,1,synthetic_fixture
2026-05-02,004,23,2,synthetic_fixture
2026-05-03,004,23,2,synthetic_fixture
2026-05-04,004,23,1,synthetic_fixture
2026-05-05,004,23,1,synthetic_fixture
2026-05-06,004,23,2,synthetic_fixture
2026-05-07,004,23,2,synthetic_fixture
2026-05-08,004,23,1,synthetic_fixture
2026-05-09,004,23,1,synthetic_fixture
2026-05-10,004,23,2,synthetic_fixture
2026-05-11,004,23,2,synthetic_fixture
2026-05-12,004,23,1,synthetic_fixture
2026-05-13,004,23,1,synthetic_fixture
2026-05-14,004,23,1,synthetic_fixture
2026-04-17,004,24,3,synthetic_fixture
2026-04-18,004,24,3,synthetic_fixture
2026-04-19,004,24,4,synthetic_fixture
2026-04-20,004,24,3,synthetic_fixture
2026-04-21,004,24,2,synthetic_fixture
2026-04-22,004,24,4,synthetic_fixture
2026-04-23,004,24,3,synthetic_fixture
2026-04-24,004,24,3,synthetic_fixture
2026-04-25,004,24,3,synthetic_fixture
2026-04-26,004,24,4,synthetic_fixture
2026-04-27,004,24,4,synthetic_fixture
2026-04-28,004,24,4,synthetic_fixture
2026-04-29,004,24,3,synthetic_fixture
2026-04-30,004,24,4,synthetic_fixture
2026-05-01,004,24,3,synthetic_fixture
2026-05-02,004,24,2,synthetic_fixture
2026-05-03,004,24,3,synthetic_fixture
2026-05-04,004,24,3,synthetic_fixture
2026-05-05,004,24,4,synthetic_fixture
2026-05-06,004,24,3,synthetic_fixture
2026-05-07,004,24,3,synthetic_fixture
2026-05-08,004,24,5,synthetic_fixture
2026-05-09,004,24,3,synthetic_fixture
2026-05-10,004,24,4,synthetic_fixture
2026-05-11,004,24,3,synthetic_fixture
2026-05-12,004,24,3,synthetic_fixture
2026-05-13,004,24,4,synthetic_fixture
2026-05-14,004,24,5,synthetic_fixture
2026-04-17,004,25,6,synthetic_fixture
2026-04-18,004,25,4,synthetic_fixture
2026-04-19,004,25,4,synthetic_fixture
2026-04-20,004,25,4,synthetic_fixture
2026-04-21,004,25,5,synthetic_fixture
2026-04-22,004,25,5,synthetic_fixture
2026-04-23,004,25,5,synthetic_fixture
2026-04-24,004,25,6,synthetic_fixture
2026-04-25,004,25,4,synthetic_fixture
2026-04-26,004,25,4,synthetic_fixture
2026-04-27,004,25,4,synthetic_fixture
2026-04-28,004,25,6,synthetic_fixture
2026-04-29,004,25,5,synthetic_fixture
2026-04-30,004,25,6,synthetic_fixture
2026-05-01,004,25,6,synthetic_fixture
2026-05-02,004,25,6,synthetic_fixture
2026-05-03,004,25,4,synthetic_fixture
2026-05-04,004,25,5,synthetic_fixture
2026-05-05,004,25,3,synthetic_fixture
2026-05-06,004,25,7,synthetic_fixture
2026-05-07,004,25,4,synthetic_fixture
2026-05-08,004,25,4,synthetic_fixture
2026-05-09,004,25,6,synthetic_fixture
2026-05-10,004,25,7,synthetic_fixture
2026-05-11,004,25,5,synthetic_fixture
2026-05-12,004,25,6,synthetic_fixture
2026-05-13,004,25,6,synthetic_fixture
2026-05-14,004,25,4,synthetic_fixture
2026-04-17,004,26,3,synthetic_fixture
2026-04-18,004,26,2,synthetic_fixture
2026-04-19,004,26,3,synthetic_fixture
2026-04-20,004,26,2,synthetic_fixture
2026-04-21,004,26,3,synthetic_fixture
2026-04-22,004,26,3,synthetic_fixture
2026-04-23,004,26,2,synthetic_fixture
2026-04-24,004,26,2,synthetic_fixture
2026-04-25,004,26,2,synthetic_fixture
2026-04-26,004,26,2,synthetic_fixture
2026-04-27,004,26,2,synthetic_fixture
2026-04-28,004,26,3,synthetic_fixture
2026-04-29,004,26,2,synthetic_fixture
2026-04-30,004,26,2,synthetic_fixture
2026-05-01,004,26,3,synthetic_fixture
2026-05-02,004,26,2,synthetic_fixture
2026-05-03,004,26,3,synthetic_fixture
2026-05-04,004,26,3,synthetic_fixture
2026-05-05,004,26,2,synthetic_fixture
2026-05-06,004,26,2,synthetic_fixture
2026-05-07,004,26,2,synthetic_fixture
2026-05-08,004,26,2,synthetic_fixture
2026-05-09,004,26,2,synthetic_fixture
2026-05-10,004,26,3,synthetic_fixture
2026-05-11,004,26,3,synthetic_fixture
2026-05-12,004,26,2,synthetic_fixture
2026-05-13,004,26,3,synthetic_fixture
2026-05-14,004,26,2,synthetic_fixture
2026-04-17,004,27,2,synthetic_fixture
2026-04-18,004,27,2,synthetic_fixture
2026-04-19,004,27,2,synthetic_fixture
2026-04-20,004,27,2,synthetic_fixture
2026-04-21,004,27,1,synthetic_fixture
2026-04-22,004,27,2,synthetic_fixture
2026-04-23,004,27,2,synthetic_fixture
2026-04-24,004,27,3,synthetic_fixture
2026-04-25,004,27,2,synthetic_fixture
2026-04-26,004,27,2,synthetic_fixture
2026-04-27,004,27,1,synthetic_fixture
2026-04-28,004,27,2,synthetic_fixture
2026-04-29,004,27,1,synthetic_fixture
2026-04-30,004,27,2,synthetic_fixture
2026-05-01,004,27,2,synthetic_fixture
2026-05-02,004,27,2,synthetic_fixture
2026-05-03,004,27,1,synthetic_fixture
2026-05-04,004,27,1,synthetic_fixture
2026-05-05,004,27,2,synthetic_fixture
2026-05-06,004,27,3,synthetic_fixture
2026-05-07,004,27,2,synthetic_fixture
2026-05-08,004,27,2,synthetic_fixture
2026-05-09,004,27,2,synthetic_fixture
2026-05-10,004,27,2,synthetic_fixture
2026-05-11,004,27,3,synthetic_fixture
2026-05-12,004,27,1,synthetic_fixture
2026-05-13,004,27,2,synthetic_fixture
2026-05-14,004,27,2,synthetic_fixture
2026-04-17,004,28,1,synthetic_fixture
2026-04-18,004,28,1,synthetic_fixture
2026-04-19,004,28,0,synthetic_fixture
2026-04-20,004,28,1,synthetic_fixture
2026-04-21,004,28,1,synthetic_fixture
2026-04-22,004,28,1,synthetic_fixture
2026-04-23,004,28,0,synthetic_fixture
2026-04-24,004,28,0,synthetic_fixture
2026-04-25,004,28,1,synthetic_fixture
2026-04-26,004,28,1,synthetic_fixture
2026-04-27,004,28,1,synthetic_fixture
2026-04-28,004,28,1,synthetic_fixture
2026-04-29,004,28,0,synthetic_fixture
2026-04-30,004,28,0,synthetic_fixture
2026-05-01,004,28,0,synthetic_fixture
2026-05-02,004,28,1,synthetic_fixture
2026-05-03,004,28,1,synthetic_fixture
2026-05-04,004,28,0,synthetic_fixture
2026-05-05,004,28,1,synthetic_fixture
2026-05-06,004,28,0,synthetic_fixture
2026-05-07,004,28,1,synthetic_fixture
2026-05-08,004,28,1,synthetic_fixture
2026-05-09,004,28,1,synthetic_fixture
2026-05-10,004,28,1,synthetic_fixture
2026-05-11,004,28,1,synthetic_fixture
2026-05-12,004,28,1,synthetic_fixture
2026-05-13,004,28,0,synthetic_fixture
2026-05-14,004,28,1,synthetic_fixture
2026-04-17,004,29,4,synthetic_fixture
2026-04-18,004,29,5,synthetic_fixture
2026-04-19,004,29,5,synthetic_fixture
2026-04-20,004,29,5,synthetic_fixture
2026-04-21,004,29,4,synthetic_fixture
2026-04-22,004,29,4,synthetic_fixture
2026-04-23,004,29,5,synthetic_fixture
2026-04-24,004,29,5,synthetic_fixture
2026-04-25,004,29,4,synthetic_fixture
2026-04-26,004,29,3,synthetic_fixture
2026-04-27,004,29,5,synthetic_fixture
2026-04-28,004,29,4,synthetic_fixture
2026-04-29,004,29,4,synthetic_fixture
2026-04-30,004,29,4,synthetic_fixture
2026-05-01,004,29,5,synthetic_fixture
2026-05-02,004,29,4,synthetic_fixture
2026-05-03,004,29,4,synthetic_fixture
2026-05-04,004,29,4,synthetic_fixture
2026-05-05,004,29,5,synthetic_fixture
2026-05-06,004,29,3,synthetic_fixture
2026-05-07,004,29,5,synthetic_fixture
2026-05-08,004,29,4,synthetic_fixture
2026-05-09,004,29,3,synthetic_fixture
2026-05-10,004,29,4,synthetic_fixture
2026-05-11,004,29,4,synthetic_fixture
2026-05-12,004,29,4,synthetic_fixture
2026-05-13,004,29,3,synthetic_fixture
2026-05-14,004,29,5,synthetic_fixture
2026-04-17,004,30,4,synthetic_fixture
2026-04-18,004,30,3,synthetic_fixture
2026-04-19,004,30,5,synthetic_fixture
2026-04-20,004,30,5,synthetic_fixture
2026-04-21,004,30,5,synthetic_fixture
2026-04-22,004,30,4,synthetic_fixture
2026-04-23,004,30,3,synthetic_fixture
2026-04-24,004,30,4,synthetic_fixture
2026-04-25,004,30,5,synthetic_fixture
2026-04-26,004,30,4,synthetic_fixture
2026-04-27,004,30,4,synthetic_fixture
2026-04-28,004,30,6,synthetic_fixture
2026-04-29,004,30,4,synthetic_fixture
2026-04-30,004,30,5,synthetic_fixture
2026-05-01,004,30,4,synthetic_fixture
2026-05-02,004,30,6,synthetic_fixture
2026-05-03,004,30,6,synthetic_fixture
2026-05-04,004,30,3,synthetic_fixture
2026-05-05,004,30,5,synthetic_fixture
2026-05-06,004,30,4,synthetic_fixture
2026-05-07,004,30,4,synthetic_fixture
2026-05-08,004,30,4,synthetic_fixture
2026-05-09,004,30,5,synthetic_fixture
2026-05-10,004,30,4,synthetic_fixture
2026-05-11,004,30,5,synthetic_fixture
2026-05-12,004,30,5,synthetic_fixture
2026-05-13,004,30,4,synthetic_fixture
2026-05-14,004,30,5,synthetic_fixture
2026-04-17,004,31,7,synthetic_fixture
2026-04-18,004,31,7,synthetic_fixture
2026-04-19,004,31,5,synthetic_fixture
2026-04-20,004,31,5,synthetic_fixture
2026-04-21,004,31,6,synthetic_fixture
2026-04-22,004,31,4,synthetic_fixture
2026-04-23,004,31,6,synthetic_fixture
2026-04-24,004,31,7,synthetic_fixture
2026-04-25,004,31,6,synthetic_fixture
2026-04-26,004,31,5,synthetic_fixture
2026-04-27,004,31,7,synthetic_fixture
2026-04-28,004,31,5,synthetic_fixture
2026-04-29,004,31,5,synthetic_fixture
2026-04-30,004,31,6,synthetic_fixture
2026-05-01,004,31,5,synthetic_fixture
2026-05-02,004,31,5,synthetic_fixture
2026-05-03,004,31,5,synthetic_fixture
2026-05-04,004,31,5,synthetic_fixture
2026-05-05,004,31,5,synthetic_fixture
2026-05-06,004,31,6,synthetic_fixture
2026-05-07,004,31,6,synthetic_fixture
2026-05-08,004,31,5,synthetic_fixture
2026-05-09,004,31,5,synthetic_fixture
2026-05-10,004,31,5,synthetic_fixture
2026-05-11,004,31,6,synthetic_fixture
2026-05-12,004,31,6,synthetic_fixture
2026-05-13,004,31,4,synthetic_fixture
2026-05-14,004,31,6,synthetic_fixture
2026-04-17,004,32,2,synthetic_fixture
2026-04-18,004,32,1,synthetic_fixture
2026-04-19,004,32,1,synthetic_fixture
2026-04-20,004,32,1,synthetic_fixture
2026-04-21,004,32,1,synthetic_fixture
2026-04-22,004,32,1,synthetic_fixture
2026-04-23,004,32,2,synthetic_fixture
2026-04-24,004,32,1,synthetic_fixture
2026-04-25,004,32,1,synthetic_fixture
2026-04-26,004,32,1,synthetic_fixture
2026-04-27,004,32,1,synthetic_fixture
2026-04-28,004,32,2,synthetic_fixture
2026-04-29,004,32,2,synthetic_fixture
2026-04-30,004,32,1,synthetic_fixture
2026-05-01,004,32,1,synthetic_fixture
2026-05-02,004,32,2,synthetic_fixture
2026-05-03,004,32,2,synthetic_fixture
2026-05-04,004,32,1,synthetic_fixture
2026-05-05,004,32,2,synthetic_fixture
2026-05-06,004,32,2,synthetic_fixture
2026-05-07,004,32,1,synthetic_fixture
2026-05-08,004,32,1,synthetic_fixture
2026-05-09,004,32,1,synthetic_fixture
2026-05-10,004,32,2,synthetic_fixture
2026-05-11,004,32,2,synthetic_fixture
2026-05-12,004,32,2,synthetic_fixture
2026-05-13,004,32,2,synthetic_fixture
2026-05-14,004,32,1,synthetic_fixture
2026-04-17,004,33,3,synthetic_fixture
2026-04-18,004,33,4,synthetic_fixture
2026-04-19,004,33,6,synthetic_fixture
2026-04-20,004,33,4,synthetic_fixture
2026-04-21,004,33,4,synthetic_fixture
2026-04-22,004,33,5,synthetic_fixture
2026-04-23,004,33,6,synthetic_fixture
2026-04-24,004,33,3,synthetic_fixture
2026-04-25,004,33,3,synthetic_fixture
2026-04-26,004,33,3,synthetic_fixture
2026-04-27,004,33,3,synthetic_fixture
2026-04-28,004,33,5,synthetic_fixture
2026-04-29,004,33,6,synthetic_fixture
2026-04-30,004,33,4,synthetic_fixture
2026-05-01,004,33,5,synthetic_fixture
2026-05-02,004,33,5,synthetic_fixture
2026-05-03,004,33,5,synthetic_fixture
2026-05-04,004,33,5,synthetic_fixture
2026-05-05,004,33,3,synthetic_fixture
2026-05-06,004,33,5,synthetic_fixture
2026-05-07,004,33,4,synthetic_fixture
2026-05-08,004,33,6,synthetic_fixture
2026-05-09,004,33,5,synthetic_fixture
2026-05-10,004,33,3,synthetic_fixture
2026-05-11,004,33,5,synthetic_fixture
2026-05-12,004,33,5,synthetic_fixture
2026-05-13,004,33,5,synthetic_fixture
2026-05-14,004,33,3,synthetic_fixture
2026-04-17,004,34,2,synthetic_fixture
2026-04-18,004,34,2,synthetic_fixture
2026-04-19,004,34,3,synthetic_fixture
2026-04-20,004,34,3,synthetic_fixture
2026-04-21,004,34,2,synthetic_fixture
2026-04-22,004,34,2,synthetic_fixture
2026-04-23,004,34,3,synthetic_fixture
2026-04-24,004,34,2,synthetic_fixture
2026-04-25,004,34,2,synthetic_fixture
2026-04-26,004,34,2,synthetic_fixture
2026-04-27,004,34,2,synthetic_fixture
2026-04-28,004,34,2,synthetic_fixture
2026-04-29,004,34,2,synthetic_fixture
2026-04-30,004,34,3,synthetic_fixture
2026-05-01,004,34,3,synthetic_fixture
2026-05-02,004,34,1,synthetic_fixture
2026-05-03,004,34,2,synthetic_fixture
2026-05-04,004,34,2,synthetic_fixture
2026-05-05,004,34,2,synthetic_fixture
2026-05-06,004,34,2,synthetic_fixture
2026-05-07,004,34,2,synthetic_fixture
2026-05-08,004,34,3,synthetic_fixture
2026-05-09,004,34,3,synthetic_fixture
2026-05-10,004,34,3,synthetic_fixture
2026-05-11,004,34,2,synthetic_fixture
2026-05-12,004,34,2,synthetic_fixture
2026-05-13,004,34,2,synthetic_fixture
2026-05-14,004,34,2,synthetic_fixture
2026-04-17,004,35,5,synthetic_fixture
2026-04-18,004,35,3,synthetic_fixture
2026-04-19,004,35,4,synthetic_fixture
2026-04-20,004,35,5,synthetic_fixture
2026-04-21,004,35,4,synthetic_fixture
2026-04-22,004,35,4,synthetic_fixture
2026-04-23,004,35,5,synthetic_fixture
2026-04-24,004,35,4,synthetic_fixture
2026-04-25,004,35,4,synthetic_fixture
2026-04-26,004,35,5,synthetic_fixture
2026-04-27,004,35,4,synthetic_fixture
2026-04-28,004,35,3,synthetic_fixture
2026-04-29,004,35,5,synthetic_fixture
2026-04-30,004,35,3,synthetic_fixture
2026-05-01,004,35,3,synthetic_fixture
2026-05-02,004,35,5,synthetic_fixture
2026-05-03,004,35,3,synthetic_fixture
2026-05-04,004,35,4,synthetic_fixture
2026-05-05,004,35,4,synthetic_fixture
2026-05-06,004,35,3,synthetic_fixture
2026-05-07,004,35,3,synthetic_fixture
2026-05-08,004,35,5,synthetic_fixture
2026-05-09,004,35,3,synthetic_fixture
2026-05-10,004,35,4,synthetic_fixture
2026-05-11,004,35,3,synthetic_fixture
2026-05-12,004,35,4,synthetic_fixture
2026-05-13,004,35,5,synthetic_fixture
2026-05-14,004,35,5,synthetic_fixture
2026-04-17,004,36,4,synthetic_fixture
2026-04-18,004,36,5,synthetic_fixture
2026-04-19,004,36,4,synthetic_fixture
2026-04-20,004,36,6,synthetic_fixture
2026-04-21,004,36,5,synthetic_fixture
2026-04-22,004,36,4,synthetic_fixture
2026-04-23,004,36,5,synthetic_fixture
2026-04-24,004,36,5,synthetic_fixture
2026-04-25,004,36,6,synthetic_fixture
2026-04-26,004,36,6,synthetic_fixture
2026-04-27,004,36,4,synthetic_fixture
2026-04-28,004,36,3,synthetic_fixture
2026-04-29,004,36,3,synthetic_fixture
2026-04-30,004,36,6,synthetic_fixture
2026-05-01,004,36,4,synthetic_fixture
2026-05-02,004,36,4,synthetic_fixture
2026-05-03,004,36,3,synthetic_fixture
2026-05-04,004,36,3,synthetic_fixture
2026-05-05,004,36,5,synthetic_fixture
2026-05-06,004,36,6,synthetic_fixture
2026-05-07,004,36,4,synthetic_fixture
2026-05-08,004,36,6,synthetic_fixture
2026-05-09,004,36,5,synthetic_fixture
2026-05-10,004,36,6,synthetic_fixture
2026-05-11,004,36,5,synthetic_fixture
2026-05-12,004,36,6,synthetic_fixture
2026-05-13,004,36,4,synthetic_fixture
2026-05-14,004,36,5,synthetic_fixture
2026-04-17,005,1,4,synthetic_fixture
2026-04-18,005,1,6,synthetic_fixture
2026-04-19,005,1,5,synthetic_fixture
2026-04-20,005,1,6,synthetic_fixture
2026-04-21,005,1,5,synthetic_fixture
2026-04-22,005,1,6,synthetic_fixture
2026-04-23,005,1,6,synthetic_fixture
2026-04-24,005,1,4,synthetic_fixture
2026-04-25,005,1,5,synthetic_fixture
2026-04-26,005,1,6,synthetic_fixture
2026-04-27,005,1,5,synthetic_fixture
2026-04-28,005,1,5,synthetic_fixture
2026-04-29,005,1,4,synthetic_fixture
2026-04-30,005,1,6,synthetic_fixture
2026-05-01,005,1,6,synthetic_fixture
2026-05-02,005,1,4,synthetic_fixture
2026-05-03,005,1,7,synthetic_fixture
2026-05-04,005,1,7,synthetic_fixture
2026-05-05,005,1,6,synthetic_fixture
2026-05-06,005,1,6,synthetic_fixture
2026-05-07,005,1,5,synthetic_fixture
2026-05-08,005,1,5,synthetic_fixture
2026-05-09,005,1,4,synthetic_fixture
2026-05-10,005,1,5,synthetic_fixture
2026-05-11,005,1,5,synthetic_fixture
2026-05-12,005,1,4,synthetic_fixture
2026-05-13,005,1,5,synthetic_fixture
2026-05-14,005,1,7,synthetic_fixture
2026-04-17,005,2,3,synthetic_fixture
2026-04-18,005,2,3,synthetic_fixture
2026-04-19,005,2,3,synthetic_fixture
2026-04-20,005,2,3,synthetic_fixture
2026-04-21,005,2,3,synthetic_fixture
2026-04-22,005,2,4,synthetic_fixture
2026-04-23,005,2,3,synthetic_fixture
2026-04-24,005,2,4,synthetic_fixture
2026-04-25,005,2,5,synthetic_fixture
2026-04-26,005,2,4,synthetic_fixture
2026-04-27,005,2,3,synthetic_fixture
2026-04-28,005,2,4,synthetic_fixture
2026-04-29,005,2,4,synthetic_fixture
2026-04-30,005,2,2,synthetic_fixture
2026-05-01,005,2,4,synthetic_fixture
2026-05-02,005,2,3,synthetic_fixture
2026-05-03,005,2,4,synthetic_fixture
2026-05-04,005,2,2,synthetic_fixture
2026-05-05,005,2,4,synthetic_fixture
2026-05-06,005,2,4,synthetic_fixture
2026-05-07,005,2,2,synthetic_fixture
2026-05-08,005,2,4,synthetic_fixture
2026-05-09,005,2,3,synthetic_fixture
2026-05-10,005,2,4,synthetic_fixture
2026-05-11,005,2,3,synthetic_fixture
2026-05-12,005,2,3,synthetic_fixture
2026-05-13,005,2,4,synthetic_fixture
2026-05-14,005,2,4,synthetic_fixture
2026-04-17,005,3,4,synthetic_fixture
2026-04-18,005,3,4,synthetic_fixture
2026-04-19,005,3,5,synthetic_fixture
2026-04-20,005,3,5,synthetic_fixture
2026-04-21,005,3,3,synthetic_fixture
2026-04-22,005,3,6,synthetic_fixture
2026-04-23,005,3,6,synthetic_fixture
2026-04-24,005,3,4,synthetic_fixture
2026-04-25,005,3,6,synthetic_fixture
2026-04-26,005,3,3,synthetic_fixture
2026-04-27,005,3,6,synthetic_fixture
2026-04-28,005,3,5,synthetic_fixture
2026-04-29,005,3,3,synthetic_fixture
2026-04-30,005,3,6,synthetic_fixture
2026-05-01,005,3,6,synthetic_fixture
2026-05-02,005,3,5,synthetic_fixture
2026-05-03,005,3,5,synthetic_fixture
2026-05-04,005,3,4,synthetic_fixture
2026-05-05,005,3,5,synthetic_fixture
2026-05-06,005,3,4,synthetic_fixture
2026-05-07,005,3,4,synthetic_fixture
2026-05-08,005,3,6,synthetic_fixture
2026-05-09,005,3,6,synthetic_fixture
2026-05-10,005,3,4,synthetic_fixture
2026-05-11,005,3,6,synthetic_fixture
2026-05-12,005,3,6,synthetic_fixture
2026-05-13,005,3,5,synthetic_fixture
2026-05-14,005,3,5,synthetic_fixture
2026-04-17,005,4,2,synthetic_fixture
2026-04-18,005,4,3,synthetic_fixture
2026-04-19,005,4,2,synthetic_fixture
2026-04-20,005,4,1,synthetic_fixture
2026-04-21,005,4,3,synthetic_fixture
2026-04-22,005,4,2,synthetic_fixture
2026-04-23,005,4,2,synthetic_fixture
2026-04-24,005,4,2,synthetic_fixture
2026-04-25,005,4,2,synthetic_fixture
2026-04-26,005,4,2,synthetic_fixture
2026-04-27,005,4,3,synthetic_fixture
2026-04-28,005,4,3,synthetic_fixture
2026-04-29,005,4,3,synthetic_fixture
2026-04-30,005,4,2,synthetic_fixture
2026-05-01,005,4,2,synthetic_fixture
2026-05-02,005,4,2,synthetic_fixture
2026-05-03,005,4,2,synthetic_fixture
2026-05-04,005,4,2,synthetic_fixture
2026-05-05,005,4,2,synthetic_fixture
2026-05-06,005,4,3,synthetic_fixture
2026-05-07,005,4,3,synthetic_fixture
2026-05-08,005,4,2,synthetic_fixture
2026-05-09,005,4,2,synthetic_fixture
2026-05-10,005,4,3,synthetic_fixture
2026-05-11,005,4,2,synthetic_fixture
2026-05-12,005,4,2,synthetic_fixture
2026-05-13,005,4,2,synthetic_fixture
2026-05-14,005,4,2,synthetic_fixture
2026-04-17,005,5,4,synthetic_fixture
2026-04-18,005,5,4,synthetic_fixture
2026-04-19,005,5,3,synthetic_fixture
2026-04-20,005,5,3,synthetic_fixture
2026-04-21,005,5,3,synthetic_fixture
2026-04-22,005,5,3,synthetic_fixture
2026-04-23,005,5,4,synthetic_fixture
2026-04-24,005,5,4,synthetic_fixture
2026-04-25,005,5,3,synthetic_fixture
2026-04-26,005,5,4,synthetic_fixture
2026-04-27,005,5,3,synthetic_fixture
2026-04-28,005,5,3,synthetic_fixture
2026-04-29,005,5,3,synthetic_fixture
2026-04-30,005,5,2,synthetic_fixture
2026-05-01,005,5,3,synthetic_fixture
2026-05-02,005,5,4,synthetic_fixture
2026-05-03,005,5,2,synthetic_fixture
2026-05-04,005,5,4,synthetic_fixture
2026-05-05,005,5,4,synthetic_fixture
2026-05-06,005,5,3,synthetic_fixture
2026-05-07,005,5,3,synthetic_fixture
2026-05-08,005,5,3,synthetic_fixture
2026-05-09,005,5,3,synthetic_fixture
2026-05-10,005,5,4,synthetic_fixture
2026-05-11,005,5,4,synthetic_fixture
2026-05-12,005,5,3,synthetic_fixture
2026-05-13,005,5,3,synthetic_fixture
2026-05-14,005,5,2,synthetic_fixture
2026-04-17,005,6,2,synthetic_fixture
2026-04-18,005,6,2,synthetic_fixture
2026-04-19,005,6,2,synthetic_fixture
2026-04-20,005,6,2,synthetic_fixture
2026-04-21,005,6,1,synthetic_fixture
2026-04-22,005,6,2,synthetic_fixture
2026-04-23,005,6,1,synthetic_fixture
2026-04-24,005,6,2,synthetic_fixture
2026-04-25,005,6,1,synthetic_fixture
2026-04-26,005,6,2,synthetic_fixture
2026-04-27,005,6,1,synthetic_fixture
2026-04-28,005,6,2,synthetic_fixture
2026-04-29,005,6,1,synthetic_fixture
2026-04-30,005,6,1,synthetic_fixture
2026-05-01,005,6,2,synthetic_fixture
2026-05-02,005,6,1,synthetic_fixture
2026-05-03,005,6,1,synthetic_fixture
2026-05-04,005,6,1,synthetic_fixture
2026-05-05,005,6,1,synthetic_fixture
2026-05-06,005,6,2,synthetic_fixture
2026-05-07,005,6,2,synthetic_fixture
2026-05-08,005,6,2,synthetic_fixture
2026-05-09,005,6,1,synthetic_fixture
2026-05-10,005,6,2,synthetic_fixture
2026-05-11,005,6,2,synthetic_fixture
2026-05-12,005,6,1,synthetic_fixture
2026-05-13,005,6,1,synthetic_fixture
2026-05-14,005,6,1,synthetic_fixture
2026-04-17,005,7,2,synthetic_fixture
2026-04-18,005,7,1,synthetic_fixture
2026-04-19,005,7,1,synthetic_fixture
2026-04-20,005,7,1,synthetic_fixture
2026-04-21,005,7,2,synthetic_fixture
2026-04-22,005,7,1,synthetic_fixture
2026-04-23,005,7,1,synthetic_fixture
2026-04-24,005,7,2,synthetic_fixture
2026-04-25,005,7,2,synthetic_fixture
2026-04-26,005,7,1,synthetic_fixture
2026-04-27,005,7,1,synthetic_fixture
2026-04-28,005,7,1,synthetic_fixture
2026-04-29,005,7,1,synthetic_fixture
2026-04-30,005,7,1,synthetic_fixture
2026-05-01,005,7,1,synthetic_fixture
2026-05-02,005,7,1,synthetic_fixture
2026-05-03,005,7,1,synthetic_fixture
2026-05-04,005,7,2,synthetic_fixture
2026-05-05,005,7,1,synthetic_fixture
2026-05-06,005,7,2,synthetic_fixture
2026-05-07,005,7,1,synthetic_fixture
2026-05-08,005,7,1,synthetic_fixture
2026-05-09,005,7,1,synthetic_fixture
2026-05-10,005,7,1,synthetic_fixture
2026-05-11,005,7,1,synthetic_fixture
2026-05-12,005,7,1,synthetic_fixture
2026-05-13,005,7,1,synthetic_fixture
2026-05-14,005,7,1,synthetic_fixture
2026-04-17,005,8,2,synthetic_fixture
2026-04-18,005,8,2,synthetic_fixture
2026-04-19,005,8,2,synthetic_fixture
2026-04-20,005,8,2,synthetic_fixture
2026-04-21,005,8,1,synthetic_fixture
2026-04-22,005,8,2,synthetic_fixture
2026-04-23,005,8,2,synthetic_fixture
2026-04-24,005,8,1,synthetic_fixture
2026-04-25,005,8,2,synthetic_fixture
2026-04-26,005,8,2,synthetic_fixture
2026-04-27,005,8,2,synthetic_fixture
2026-04-28,005,8,2,synthetic_fixture
2026-04-29,005,8,2,synthetic_fixture
2026-04-30,005,8,2,synthetic_fixture
2026-05-01,005,8,2,synthetic_fixture
2026-05-02,005,8,1,synthetic_fixture
2026-05-03,005,8,2,synthetic_fixture
2026-05-04,005,8,3,synthetic_fixture
2026-05-05,005,8,1,synthetic_fixture
2026-05-06,005,8,1,synthetic_fixture
2026-05-07,005,8,2,synthetic_fixture
2026-05-08,005,8,2,synthetic_fixture
2026-05-09,005,8,2,synthetic_fixture
2026-05-10,005,8,2,synthetic_fixture
2026-05-11,005,8,2,synthetic_fixture
2026-05-12,005,8,2,synthetic_fixture
2026-05-13,005,8,2,synthetic_fixture
2026-05-14,005,8,2,synthetic_fixture
2026-04-17,005,9,1,synthetic_fixture
2026-04-18,005,9,1,synthetic_fixture
2026-04-19,005,9,1,synthetic_fixture
2026-04-20,005,9,1,synthetic_fixture
2026-04-21,005,9,0,synthetic_fixture
2026-04-22,005,9,1,synthetic_fixture
2026-04-23,005,9,1,synthetic_fixture
2026-04-24,005,9,1,synthetic_fixture
2026-04-25,005,9,1,synthetic_fixture
2026-04-26,005,9,1,synthetic_fixture
2026-04-27,005,9,1,synthetic_fixture
2026-04-28,005,9,0,synthetic_fixture
2026-04-29,005,9,0,synthetic_fixture
2026-04-30,005,9,0,synthetic_fixture
2026-05-01,005,9,1,synthetic_fixture
2026-05-02,005,9,1,synthetic_fixture
2026-05-03,005,9,1,synthetic_fixture
2026-05-04,005,9,1,synthetic_fixture
2026-05-05,005,9,1,synthetic_fixture
2026-05-06,005,9,1,synthetic_fixture
2026-05-07,005,9,1,synthetic_fixture
2026-05-08,005,9,1,synthetic_fixture
2026-05-09,005,9,1,synthetic_fixture
2026-05-10,005,9,1,synthetic_fixture
2026-05-11,005,9,1,synthetic_fixture
2026-05-12,005,9,0,synthetic_fixture
2026-05-13,005,9,0,synthetic_fixture
2026-05-14,005,9,0,synthetic_fixture
2026-04-17,005,10,2,synthetic_fixture
2026-04-18,005,10,1,synthetic_fixture
2026-04-19,005,10,1,synthetic_fixture
2026-04-20,005,10,2,synthetic_fixture
2026-04-21,005,10,2,synthetic_fixture
2026-04-22,005,10,2,synthetic_fixture
2026-04-23,005,10,1,synthetic_fixture
2026-04-24,005,10,2,synthetic_fixture
2026-04-25,005,10,2,synthetic_fixture
2026-04-26,005,10,2,synthetic_fixture
2026-04-27,005,10,2,synthetic_fixture
2026-04-28,005,10,1,synthetic_fixture
2026-04-29,005,10,2,synthetic_fixture
2026-04-30,005,10,1,synthetic_fixture
2026-05-01,005,10,2,synthetic_fixture
2026-05-02,005,10,1,synthetic_fixture
2026-05-03,005,10,2,synthetic_fixture
2026-05-04,005,10,2,synthetic_fixture
2026-05-05,005,10,2,synthetic_fixture
2026-05-06,005,10,2,synthetic_fixture
2026-05-07,005,10,2,synthetic_fixture
2026-05-08,005,10,2,synthetic_fixture
2026-05-09,005,10,2,synthetic_fixture
2026-05-10,005,10,1,synthetic_fixture
2026-05-11,005,10,2,synthetic_fixture
2026-05-12,005,10,1,synthetic_fixture
2026-05-13,005,10,1,synthetic_fixture
2026-05-14,005,10,2,synthetic_fixture
2026-04-17,005,11,5,synthetic_fixture
2026-04-18,005,11,3,synthetic_fixture
2026-04-19,005,11,3,synthetic_fixture
2026-04-20,005,11,4,synthetic_fixture
2026-04-21,005,11,4,synthetic_fixture
2026-04-22,005,11,3,synthetic_fixture
2026-04-23,005,11,3,synthetic_fixture
2026-04-24,005,11,4,synthetic_fixture
2026-04-25,005,11,4,synthetic_fixture
2026-04-26,005,11,3,synthetic_fixture
2026-04-27,005,11,4,synthetic_fixture
2026-04-28,005,11,3,synthetic_fixture
2026-04-29,005,11,4,synthetic_fixture
2026-04-30,005,11,3,synthetic_fixture
2026-05-01,005,11,5,synthetic_fixture
2026-05-02,005,11,4,synthetic_fixture
2026-05-03,005,11,4,synthetic_fixture
2026-05-04,005,11,5,synthetic_fixture
2026-05-05,005,11,4,synthetic_fixture
2026-05-06,005,11,4,synthetic_fixture
2026-05-07,005,11,4,synthetic_fixture
2026-05-08,005,11,3,synthetic_fixture
2026-05-09,005,11,4,synthetic_fixture
2026-05-10,005,11,3,synthetic_fixture
2026-05-11,005,11,5,synthetic_fixture
2026-05-12,005,11,3,synthetic_fixture
2026-05-13,005,11,4,synthetic_fixture
2026-05-14,005,11,4,synthetic_fixture
2026-04-17,005,12,2,synthetic_fixture
2026-04-18,005,12,2,synthetic_fixture
2026-04-19,005,12,3,synthetic_fixture
2026-04-20,005,12,2,synthetic_fixture
2026-04-21,005,12,2,synthetic_fixture
2026-04-22,005,12,3,synthetic_fixture
2026-04-23,005,12,3,synthetic_fixture
2026-04-24,005,12,2,synthetic_fixture
2026-04-25,005,12,3,synthetic_fixture
2026-04-26,005,12,3,synthetic_fixture
2026-04-27,005,12,2,synthetic_fixture
2026-04-28,005,12,3,synthetic_fixture
2026-04-29,005,12,3,synthetic_fixture
2026-04-30,005,12,2,synthetic_fixture
2026-05-01,005,12,3,synthetic_fixture
2026-05-02,005,12,2,synthetic_fixture
2026-05-03,005,12,2,synthetic_fixture
2026-05-04,005,12,2,synthetic_fixture
2026-05-05,005,12,2,synthetic_fixture
2026-05-06,005,12,3,synthetic_fixture
2026-05-07,005,12,2,synthetic_fixture
2026-05-08,005,12,3,synthetic_fixture
2026-05-09,005,12,3,synthetic_fixture
2026-05-10,005,12,3,synthetic_fixture
2026-05-11,005,12,2,synthetic_fixture
2026-05-12,005,12,3,synthetic_fixture
2026-05-13,005,12,3,synthetic_fixture
2026-05-14,005,12,2,synthetic_fixture
2026-04-17,005,13,1,synthetic_fixture
2026-04-18,005,13,1,synthetic_fixture
2026-04-19,005,13,1,synthetic_fixture
2026-04-20,005,13,1,synthetic_fixture
2026-04-21,005,13,1,synthetic_fixture
2026-04-22,005,13,1,synthetic_fixture
2026-04-23,005,13,1,synthetic_fixture
2026-04-24,005,13,1,synthetic_fixture
2026-04-25,005,13,1,synthetic_fixture
2026-04-26,005,13,2,synthetic_fixture
2026-04-27,005,13,1,synthetic_fixture
2026-04-28,005,13,1,synthetic_fixture
2026-04-29,005,13,1,synthetic_fixture
2026-04-30,005,13,1,synthetic_fixture
2026-05-01,005,13,1,synthetic_fixture
2026-05-02,005,13,1,synthetic_fixture
2026-05-03,005,13,1,synthetic_fixture
2026-05-04,005,13,1,synthetic_fixture
2026-05-05,005,13,1,synthetic_fixture
2026-05-06,005,13,2,synthetic_fixture
2026-05-07,005,13,2,synthetic_fixture
2026-05-08,005,13,1,synthetic_fixture
2026-05-09,005,13,1,synthetic_fixture
2026-05-10,005,13,2,synthetic_fixture
2026-05-11,005,13,1,synthetic_fixture
2026-05-12,005,13,1,synthetic_fixture
2026-05-13,005,13,1,synthetic_fixture
2026-05-14,005,13,1,synthetic_fixture
2026-04-17,005,14,6,synthetic_fixture
2026-04-18,005,14,3,synthetic_fixture
2026-04-19,005,14,5,synthetic_fixture
2026-04-20,005,14,4,synthetic_fixture
2026-04-21,005,14,4,synthetic_fixture
2026-04-22,005,14,5,synthetic_fixture
2026-04-23,005,14,3,synthetic_fixture
2026-04-24,005,14,5,synthetic_fixture
2026-04-25,005,14,5,synthetic_fixture
2026-04-26,005,14,5,synthetic_fixture
2026-04-27,005,14,6,synthetic_fixture
2026-04-28,005,14,6,synthetic_fixture
2026-04-29,005,14,3,synthetic_fixture
2026-04-30,005,14,4,synthetic_fixture
2026-05-01,005,14,4,synthetic_fixture
2026-05-02,005,14,4,synthetic_fixture
2026-05-03,005,14,4,synthetic_fixture
2026-05-04,005,14,4,synthetic_fixture
2026-05-05,005,14,4,synthetic_fixture
2026-05-06,005,14,5,synthetic_fixture
2026-05-07,005,14,6,synthetic_fixture
2026-05-08,005,14,5,synthetic_fixture
2026-05-09,005,14,6,synthetic_fixture
2026-05-10,005,14,4,synthetic_fixture
2026-05-11,005,14,5,synthetic_fixture
2026-05-12,005,14,6,synthetic_fixture
2026-05-13,005,14,4,synthetic_fixture
2026-05-14,005,14,4,synthetic_fixture
2026-04-17,005,15,1,synthetic_fixture
2026-04-18,005,15,1,synthetic_fixture
2026-04-19,005,15,2,synthetic_fixture
2026-04-20,005,15,2,synthetic_fixture
2026-04-21,005,15,1,synthetic_fixture
2026-04-22,005,15,1,synthetic_fixture
2026-04-23,005,15,2,synthetic_fixture
2026-04-24,005,15,1,synthetic_fixture
2026-04-25,005,15,1,synthetic_fixture
2026-04-26,005,15,1,synthetic_fixture
2026-04-27,005,15,1,synthetic_fixture
2026-04-28,005,15,1,synthetic_fixture
2026-04-29,005,15,1,synthetic_fixture
2026-04-30,005,15,1,synthetic_fixture
2026-05-01,005,15,1,synthetic_fixture
2026-05-02,005,15,2,synthetic_fixture
2026-05-03,005,15,2,synthetic_fixture
2026-05-04,005,15,1,synthetic_fixture
2026-05-05,005,15,1,synthetic_fixture
2026-05-06,005,15,2,synthetic_fixture
2026-05-07,005,15,1,synthetic_fixture
2026-05-08,005,15,2,synthetic_fixture
2026-05-09,005,15,1,synthetic_fixture
2026-05-10,005,15,1,synthetic_fixture
2026-05-11,005,15,2,synthetic_fixture
2026-05-12,005,15,1,synthetic_fixture
2026-05-13,005,15,2,synthetic_fixture
2026-05-14,005,15,1,synthetic_fixture
2026-04-17,005,16,3,synthetic_fixture
2026-04-18,005,16,4,synthetic_fixture
2026-04-19,005,16,5,synthetic_fixture
2026-04-20,005,16,4,synthetic_fixture
2026-04-21,005,16,4,synthetic_fixture
2026-04-22,005,16,4,synthetic_fixture
2026-04-23,005,16,3,synthetic_fixture
2026-04-24,005,16,3,synthetic_fixture
2026-04-25,005,16,3,synthetic_fixture
2026-04-26,005,16,2,synthetic_fixture
2026-04-27,005,16,4,synthetic_fixture
2026-04-28,005,16,4,synthetic_fixture
2026-04-29,005,16,3,synthetic_fixture
2026-04-30,005,16,5,synthetic_fixture
2026-05-01,005,16,5,synthetic_fixture
2026-05-02,005,16,4,synthetic_fixture
2026-05-03,005,16,3,synthetic_fixture
2026-05-04,005,16,4,synthetic_fixture
2026-05-05,005,16,5,synthetic_fixture
2026-05-06,005,16,3,synthetic_fixture
2026-05-07,005,16,4,synthetic_fixture
2026-05-08,005,16,3,synthetic_fixture
2026-05-09,005,16,3,synthetic_fixture
2026-05-10,005,16,3,synthetic_fixture
2026-05-11,005,16,4,synthetic_fixture
2026-05-12,005,16,3,synthetic_fixture
2026-05-13,005,16,4,synthetic_fixture
2026-05-14,005,16,5,synthetic_fixture
2026-04-17,005,17,2,synthetic_fixture
2026-04-18,005,17,2,synthetic_fixture
2026-04-19,005,17,3,synthetic_fixture
2026-04-20,005,17,3,synthetic_fixture
2026-04-21,005,17,2,synthetic_fixture
2026-04-22,005,17,2,synthetic_fixture
2026-04-23,005,17,3,synthetic_fixture
2026-04-24,005,17,3,synthetic_fixture
2026-04-25,005,17,2,synthetic_fixture
2026-04-26,005,17,2,synthetic_fixture
2026-04-27,005,17,2,synthetic_fixture
2026-04-28,005,17,2,synthetic_fixture
2026-04-29,005,17,3,synthetic_fixture
2026-04-30,005,17,2,synthetic_fixture
2026-05-01,005,17,2,synthetic_fixture
2026-05-02,005,17,3,synthetic_fixture
2026-05-03,005,17,2,synthetic_fixture
2026-05-04,005,17,2,synthetic_fixture
2026-05-05,005,17,3,synthetic_fixture
2026-05-06,005,17,2,synthetic_fixture
2026-05-07,005,17,2,synthetic_fixture
2026-05-08,005,17,3,synthetic_fixture
2026-05-09,005,17,2,synthetic_fixture
2026-05-10,005,17,3,synthetic_fixture
2026-05-11,005,17,2,synthetic_fixture
2026-05-12,005,17,3,synthetic_fixture
2026-05-13,005,17,2,synthetic_fixture
2026-05-14,005,17,2,synthetic_fixture
2026-04-17,005,18,3,synthetic_fixture
2026-04-18,005,18,3,synthetic_fixture
2026-04-19,005,18,2,synthetic_fixture
2026-04-20,005,18,3,synthetic_fixture
2026-04-21,005,18,2,synthetic_fixture
2026-04-22,005,18,3,synthetic_fixture
2026-04-23,005,18,2,synthetic_fixture
2026-04-24,005,18,2,synthetic_fixture
2026-04-25,005,18,4,synthetic_fixture
2026-04-26,005,18,2,synthetic_fixture
2026-04-27,005,18,3,synthetic_fixture
2026-04-28,005,18,3,synthetic_fixture
2026-04-29,005,18,3,synthetic_fixture
2026-04-30,005,18,4,synthetic_fixture
2026-05-01,005,18,3,synthetic_fixture
2026-05-02,005,18,2,synthetic_fixture
2026-05-03,005,18,4,synthetic_fixture
2026-05-04,005,18,2,synthetic_fixture
2026-05-05,005,18,2,synthetic_fixture
2026-05-06,005,18,2,synthetic_fixture
2026-05-07,005,18,3,synthetic_fixture
2026-05-08,005,18,4,synthetic_fixture
2026-05-09,005,18,3,synthetic_fixture
2026-05-10,005,18,4,synthetic_fixture
2026-05-11,005,18,3,synthetic_fixture
2026-05-12,005,18,4,synthetic_fixture
2026-05-13,005,18,4,synthetic_fixture
2026-05-14,005,18,4,synthetic_fixture
2026-04-17,005,19,1,synthetic_fixture
2026-04-18,005,19,1,synthetic_fixture
2026-04-19,005,19,2,synthetic_fixture
2026-04-20,005,19,1,synthetic_fixture
2026-04-21,005,19,1,synthetic_fixture
2026-04-22,005,19,1,synthetic_fixture
2026-04-23,005,19,1,synthetic_fixture
2026-04-24,005,19,1,synthetic_fixture
2026-04-25,005,19,1,synthetic_fixture
2026-04-26,005,19,2,synthetic_fixture
2026-04-27,005,19,2,synthetic_fixture
2026-04-28,005,19,1,synthetic_fixture
2026-04-29,005,19,1,synthetic_fixture
2026-04-30,005,19,1,synthetic_fixture
2026-05-01,005,19,2,synthetic_fixture
2026-05-02,005,19,2,synthetic_fixture
2026-05-03,005,19,1,synthetic_fixture
2026-05-04,005,19,1,synthetic_fixture
2026-05-05,005,19,1,synthetic_fixture
2026-05-06,005,19,1,synthetic_fixture
2026-05-07,005,19,1,synthetic_fixture
2026-05-08,005,19,2,synthetic_fixture
2026-05-09,005,19,1,synthetic_fixture
2026-05-10,005,19,1,synthetic_fixture
2026-05-11,005,19,1,synthetic_fixture
2026-05-12,005,19,1,synthetic_fixture
2026-05-13,005,19,1,synthetic_fixture
2026-05-14,005,19,1,synthetic_fixture
2026-04-17,005,20,5,synthetic_fixture
2026-04-18,005,20,6,synthetic_fixture
2026-04-19,005,20,6,synthetic_fixture
2026-04-20,005,20,4,synthetic_fixture
2026-04-21,005,20,4,synthetic_fixture
2026-04-22,005,20,4,synthetic_fixture
2026-04-23,005,20,5,synthetic_fixture
2026-04-24,005,20,4,synthetic_fixture
2026-04-25,005,20,4,synthetic_fixture
2026-04-26,005,20,3,synthetic_fixture
2026-04-27,005,20,3,synthetic_fixture
2026-04-28,005,20,3,synthetic_fixture
2026-04-29,005,20,5,synthetic_fixture
2026-04-30,005,20,3,synthetic_fixture
2026-05-01,005,20,3,synthetic_fixture
2026-05-02,005,20,3,synthetic_fixture
2026-05-03,005,20,6,synthetic_fixture
2026-05-04,005,20,3,synthetic_fixture
2026-05-05,005,20,3,synthetic_fixture
2026-05-06,005,20,4,synthetic_fixture
2026-05-07,005,20,3,synthetic_fixture
2026-05-08,005,20,4,synthetic_fixture
2026-05-09,005,20,4,synthetic_fixture
2026-05-10,005,20,3,synthetic_fixture
2026-05-11,005,20,4,synthetic_fixture
2026-05-12,005,20,5,synthetic_fixture
2026-05-13,005,20,4,synthetic_fixture
2026-05-14,005,20,3,synthetic_fixture
2026-04-17,005,21,3,synthetic_fixture
2026-04-18,005,21,3,synthetic_fixture
2026-04-19,005,21,3,synthetic_fixture
2026-04-20,005,21,4,synthetic_fixture
2026-04-21,005,21,4,synthetic_fixture
2026-04-22,005,21,4,synthetic_fixture
2026-04-23,005,21,2,synthetic_fixture
2026-04-24,005,21,3,synthetic_fixture
2026-04-25,005,21,3,synthetic_fixture
2026-04-26,005,21,4,synthetic_fixture
2026-04-27,005,21,3,synthetic_fixture
2026-04-28,005,21,3,synthetic_fixture
2026-04-29,005,21,3,synthetic_fixture
2026-04-30,005,21,4,synthetic_fixture
2026-05-01,005,21,3,synthetic_fixture
2026-05-02,005,21,4,synthetic_fixture
2026-05-03,005,21,4,synthetic_fixture
2026-05-04,005,21,4,synthetic_fixture
2026-05-05,005,21,3,synthetic_fixture
2026-05-06,005,21,4,synthetic_fixture
2026-05-07,005,21,3,synthetic_fixture
2026-05-08,005,21,2,synthetic_fixture
2026-05-09,005,21,3,synthetic_fixture
2026-05-10,005,21,4,synthetic_fixture
2026-05-11,005,21,4,synthetic_fixture
2026-05-12,005,21,2,synthetic_fixture
2026-05-13,005,21,3,synthetic_fixture
2026-05-14,005,21,4,synthetic_fixture
2026-04-17,005,22,1,synthetic_fixture
2026-04-18,005,22,1,synthetic_fixture
2026-04-19,005,22,1,synthetic_fixture
2026-04-20,005,22,2,synthetic_fixture
2026-04-21,005,22,2,synthetic_fixture
2026-04-22,005,22,1,synthetic_fixture
2026-04-23,005,22,1,synthetic_fixture
2026-04-24,005,22,2,synthetic_fixture
2026-04-25,005,22,2,synthetic_fixture
2026-04-26,005,22,2,synthetic_fixture
2026-04-27,005,22,2,synthetic_fixture
2026-04-28,005,22,1,synthetic_fixture
2026-04-29,005,22,1,synthetic_fixture
2026-04-30,005,22,2,synthetic_fixture
2026-05-01,005,22,2,synthetic_fixture
2026-05-02,005,22,1,synthetic_fixture
2026-05-03,005,22,1,synthetic_fixture
2026-05-04,005,22,1,synthetic_fixture
2026-05-05,005,22,2,synthetic_fixture
2026-05-06,005,22,2,synthetic_fixture
2026-05-07,005,22,1,synthetic_fixture
2026-05-08,005,22,2,synthetic_fixture
2026-05-09,005,22,2,synthetic_fixture
2026-05-10,005,22,1,synthetic_fixture
2026-05-11,005,22,1,synthetic_fixture
2026-05-12,005,22,1,synthetic_fixture
2026-05-13,005,22,1,synthetic_fixture
2026-05-14,005,22,2,synthetic_fixture
2026-04-17,005,23,4,synthetic_fixture
2026-04-18,005,23,4,synthetic_fixture
2026-04-19,005,23,6,synthetic_fixture
2026-04-20,005,23,3,synthetic_fixture
2026-04-21,005,23,4,synthetic_fixture
2026-04-22,005,23,5,synthetic_fixture
2026-04-23,005,23,5,synthetic_fixture
2026-04-24,005,23,3,synthetic_fixture
2026-04-25,005,23,5,synthetic_fixture
2026-04-26,005,23,4,synthetic_fixture
2026-04-27,005,23,4,synthetic_fixture
2026-04-28,005,23,4,synthetic_fixture
2026-04-29,005,23,5,synthetic_fixture
2026-04-30,005,23,5,synthetic_fixture
2026-05-01,005,23,3,synthetic_fixture
2026-05-02,005,23,5,synthetic_fixture
2026-05-03,005,23,5,synthetic_fixture
2026-05-04,005,23,3,synthetic_fixture
2026-05-05,005,23,6,synthetic_fixture
2026-05-06,005,23,3,synthetic_fixture
2026-05-07,005,23,6,synthetic_fixture
2026-05-08,005,23,4,synthetic_fixture
2026-05-09,005,23,5,synthetic_fixture
2026-05-10,005,23,4,synthetic_fixture
2026-05-11,005,23,5,synthetic_fixture
2026-05-12,005,23,6,synthetic_fixture
2026-05-13,005,23,4,synthetic_fixture
2026-05-14,005,23,5,synthetic_fixture
2026-04-17,005,24,3,synthetic_fixture
2026-04-18,005,24,5,synthetic_fixture
2026-04-19,005,24,3,synthetic_fixture
2026-04-20,005,24,3,synthetic_fixture
2026-04-21,005,24,4,synthetic_fixture
2026-04-22,005,24,4,synthetic_fixture
2026-04-23,005,24,4,synthetic_fixture
2026-04-24,005,24,4,synthetic_fixture
2026-04-25,005,24,5,synthetic_fixture
2026-04-26,005,24,4,synthetic_fixture
2026-04-27,005,24,5,synthetic_fixture
2026-04-28,005,24,5,synthetic_fixture
2026-04-29,005,24,5,synthetic_fixture
2026-04-30,005,24,5,synthetic_fixture
2026-05-01,005,24,4,synthetic_fixture
2026-05-02,005,24,4,synthetic_fixture
2026-05-03,005,24,4,synthetic_fixture
2026-05-04,005,24,3,synthetic_fixture
2026-05-05,005,24,3,synthetic_fixture
2026-05-06,005,24,3,synthetic_fixture
2026-05-07,005,24,5,synthetic_fixture
2026-05-08,005,24,3,synthetic_fixture
2026-05-09,005,24,5,synthetic_fixture
2026-05-10,005,24,4,synthetic_fixture
2026-05-11,005,24,4,synthetic_fixture
2026-05-12,005,24,5,synthetic_fixture
2026-05-13,005,24,5,synthetic_fixture
2026-05-14,005,24,5,synthetic_fixture
2026-04-17,005,25,6,synthetic_fixture
2026-04-18,005,25,4,synthetic_fixture
2026-04-19,005,25,4,synthetic_fixture
2026-04-20,005,25,5,synthetic_fixture
2026-04-21,005,25,6,synthetic_fixture
2026-04-22,005,25,6,synthetic_fixture
2026-04-23,005,25,5,synthetic_fixture
2026-04-24,005,25,6,synthetic_fixture
2026-04-25,005,25,6,synthetic_fixture
2026-04-26,005,25,4,synthetic_fixture
2026-04-27,005,25,5,synthetic_fixture
2026-04-28,005,25,3,synthetic_fixture
2026-04-29,005,25,6,synthetic_fixture
2026-04-30,005,25,5,synthetic_fixture
2026-05-01,005,25,5,synthetic_fixture
2026-05-02,005,25,6,synthetic_fixture
2026-05-03,005,25,3,synthetic_fixture
2026-05-04,005,25,4,synthetic_fixture
2026-05-05,005,25,4,synthetic_fixture
2026-05-06,005,25,4,synthetic_fixture
2026-05-07,005,25,4,synthetic_fixture
2026-05-08,005,25,5,synthetic_fixture
2026-05-09,005,25,4,synthetic_fixture
2026-05-10,005,25,6,synthetic_fixture
2026-05-11,005,25,6,synthetic_fixture
2026-05-12,005,25,4,synthetic_fixture
2026-05-13,005,25,3,synthetic_fixture
2026-05-14,005,25,3,synthetic_fixture
2026-04-17,005,26,3,synthetic_fixture
2026-04-18,005,26,3,synthetic_fixture
2026-04-19,005,26,3,synthetic_fixture
2026-04-20,005,26,5,synthetic_fixture
2026-04-21,005,26,3,synthetic_fixture
2026-04-22,005,26,4,synthetic_fixture
2026-04-23,005,26,3,synthetic_fixture
2026-04-24,005,26,4,synthetic_fixture
2026-04-25,005,26,5,synthetic_fixture
2026-04-26,005,26,4,synthetic_fixture
2026-04-27,005,26,3,synthetic_fixture
2026-04-28,005,26,3,synthetic_fixture
2026-04-29,005,26,3,synthetic_fixture
2026-04-30,005,26,4,synthetic_fixture
2026-05-01,005,26,3,synthetic_fixture
2026-05-02,005,26,4,synthetic_fixture
2026-05-03,005,26,4,synthetic_fixture
2026-05-04,005,26,4,synthetic_fixture
2026-05-05,005,26,5,synthetic_fixture
2026-05-06,005,26,5,synthetic_fixture
2026-05-07,005,26,3,synthetic_fixture
2026-05-08,005,26,3,synthetic_fixture
2026-05-09,005,26,5,synthetic_fixture
2026-05-10,005,26,3,synthetic_fixture
2026-05-11,005,26,4,synthetic_fixture
2026-05-12,005,26,3,synthetic_fixture
2026-05-13,005,26,3,synthetic_fixture
2026-05-14,005,26,3,synthetic_fixture
2026-04-17,005,27,1,synthetic_fixture
2026-04-18,005,27,2,synthetic_fixture
2026-04-19,005,27,1,synthetic_fixture
2026-04-20,005,27,2,synthetic_fixture
2026-04-21,005,27,1,synthetic_fixture
2026-04-22,005,27,1,synthetic_fixture
2026-04-23,005,27,1,synthetic_fixture
2026-04-24,005,27,1,synthetic_fixture
2026-04-25,005,27,1,synthetic_fixture
2026-04-26,005,27,1,synthetic_fixture
2026-04-27,005,27,2,synthetic_fixture
2026-04-28,005,27,2,synthetic_fixture
2026-04-29,005,27,1,synthetic_fixture
2026-04-30,005,27,1,synthetic_fixture
2026-05-01,005,27,2,synthetic_fixture
2026-05-02,005,27,2,synthetic_fixture
2026-05-03,005,27,2,synthetic_fixture
2026-05-04,005,27,1,synthetic_fixture
2026-05-05,005,27,2,synthetic_fixture
2026-05-06,005,27,1,synthetic_fixture
2026-05-07,005,27,1,synthetic_fixture
2026-05-08,005,27,1,synthetic_fixture
2026-05-09,005,27,2,synthetic_fixture
2026-05-10,005,27,2,synthetic_fixture
2026-05-11,005,27,2,synthetic_fixture
2026-05-12,005,27,1,synthetic_fixture
2026-05-13,005,27,1,synthetic_fixture
2026-05-14,005,27,1,synthetic_fixture
2026-04-17,005,28,3,synthetic_fixture
2026-04-18,005,28,4,synthetic_fixture
2026-04-19,005,28,3,synthetic_fixture
2026-04-20,005,28,4,synthetic_fixture
2026-04-21,005,28,3,synthetic_fixture
2026-04-22,005,28,2,synthetic_fixture
2026-04-23,005,28,4,synthetic_fixture
2026-04-24,005,28,3,synthetic_fixture
2026-04-25,005,28,2,synthetic_fixture
2026-04-26,005,28,4,synthetic_fixture
2026-04-27,005,28,4,synthetic_fixture
2026-04-28,005,28,4,synthetic_fixture
2026-04-29,005,28,2,synthetic_fixture
2026-04-30,005,28,3,synthetic_fixture
2026-05-01,005,28,3,synthetic_fixture
2026-05-02,005,28,3,synthetic_fixture
2026-05-03,005,28,4,synthetic_fixture
2026-05-04,005,28,4,synthetic_fixture
2026-05-05,005,28,3,synthetic_fixture
2026-05-06,005,28,3,synthetic_fixture
2026-05-07,005,28,3,synthetic_fixture
2026-05-08,005,28,4,synthetic_fixture
2026-05-09,005,28,3,synthetic_fixture
2026-05-10,005,28,3,synthetic_fixture
2026-05-11,005,28,2,synthetic_fixture
2026-05-12,005,28,3,synthetic_fixture
2026-05-13,005,28,3,synthetic_fixture
2026-05-14,005,28,4,synthetic_fixture
2026-04-17,005,29,2,synthetic_fixture
2026-04-18,005,29,2,synthetic_fixture
2026-04-19,005,29,2,synthetic_fixture
2026-04-20,005,29,2,synthetic_fixture
2026-04-21,005,29,2,synthetic_fixture
2026-04-22,005,29,2,synthetic_fixture
2026-04-23,005,29,2,synthetic_fixture
2026-04-24,005,29,2,synthetic_fixture
2026-04-25,005,29,1,synthetic_fixture
2026-04-26,005,29,2,synthetic_fixture
2026-04-27,005,29,1,synthetic_fixture
2026-04-28,005,29,2,synthetic_fixture
2026-04-29,005,29,2,synthetic_fixture
2026-04-30,005,29,1,synthetic_fixture
2026-05-01,005,29,2,synthetic_fixture
2026-05-02,005,29,2,synthetic_fixture
2026-05-03,005,29,1,synthetic_fixture
2026-05-04,005,29,2,synthetic_fixture
2026-05-05,005,29,2,synthetic_fixture
2026-05-06,005,29,2,synthetic_fixture
2026-05-07,005,29,2,synthetic_fixture
2026-05-08,005,29,2,synthetic_fixture
2026-05-09,005,29,1,synthetic_fixture
2026-05-10,005,29,2,synthetic_fixture
2026-05-11,005,29,2,synthetic_fixture
2026-05-12,005,29,2,synthetic_fixture
2026-05-13,005,29,1,synthetic_fixture
2026-05-14,005,29,1,synthetic_fixture
2026-04-17,005,30,1,synthetic_fixture
2026-04-18,005,30,2,synthetic_fixture
2026-04-19,005,30,1,synthetic_fixture
2026-04-20,005,30,2,synthetic_fixture
2026-04-21,005,30,2,synthetic_fixture
2026-04-22,005,30,2,synthetic_fixture
2026-04-23,005,30,1,synthetic_fixture
2026-04-24,005,30,2,synthetic_fixture
2026-04-25,005,30,2,synthetic_fixture
2026-04-26,005,30,2,synthetic_fixture
2026-04-27,005,30,2,synthetic_fixture
2026-04-28,005,30,2,synthetic_fixture
2026-04-29,005,30,2,synthetic_fixture
2026-04-30,005,30,2,synthetic_fixture
2026-05-01,005,30,2,synthetic_fixture
2026-05-02,005,30,2,synthetic_fixture
2026-05-03,005,30,2,synthetic_fixture
2026-05-04,005,30,2,synthetic_fixture
2026-05-05,005,30,2,synthetic_fixture
2026-05-06,005,30,2,synthetic_fixture
2026-05-07,005,30,2,synthetic_fixture
2026-05-08,005,30,2,synthetic_fixture
2026-05-09,005,30,2,synthetic_fixture
2026-05-10,005,30,2,synthetic_fixture
2026-05-11,005,30,2,synthetic_fixture
2026-05-12,005,30,1,synthetic_fixture
2026-05-13,005,30,2,synthetic_fixture
2026-05-14,005,30,1,synthetic_fixture
2026-04-17,005,31,1,synthetic_fixture
2026-04-18,005,31,2,synthetic_fixture
2026-04-19,005,31,1,synthetic_fixture
2026-04-20,005,31,2,synthetic_fixture
2026-04-21,005,31,2,synthetic_fixture
2026-04-22,005,31,1,synthetic_fixture
2026-04-23,005,31,1,synthetic_fixture
2026-04-24,005,31,1,synthetic_fixture
2026-04-25,005,31,2,synthetic_fixture
2026-04-26,005,31,1,synthetic_fixture
2026-04-27,005,31,1,synthetic_fixture
2026-04-28,005,31,1,synthetic_fixture
2026-04-29,005,31,1,synthetic_fixture
2026-04-30,005,31,1,synthetic_fixture
2026-05-01,005,31,1,synthetic_fixture
2026-05-02,005,31,1,synthetic_fixture
2026-05-03,005,31,1,synthetic_fixture
2026-05-04,005,31,1,synthetic_fixture
2026-05-05,005,31,2,synthetic_fixture
2026-05-06,005,31,2,synthetic_fixture
2026-05-07,005,31,2,synthetic_fixture
2026-05-08,005,31,2,synthetic_fixture
2026-05-09,005,31,1,synthetic_fixture
2026-05-10,005,31,1,synthetic_fixture
2026-05-11,005,31,2,synthetic_fixture
2026-05-12,005,31,1,synthetic_fixture
2026-05-13,005,31,1,synthetic_fixture
2026-05-14,005,31,1,synthetic_fixture
2026-04-17,005,32,1,synthetic_fixture
2026-04-18,005,32,2,synthetic_fixture
2026-04-19,005,32,2,synthetic_fixture
2026-04-20,005,32,2,synthetic_fixture
2026-04-21,005,32,2,synthetic_fixture
2026-04-22,005,32,2,synthetic_fixture
2026-04-23,005,32,3,synthetic_fixture
2026-04-24,005,32,2,synthetic_fixture
2026-04-25,005,32,2,synthetic_fixture
2026-04-26,005,32,1,synthetic_fixture
2026-04-27,005,32,2,synthetic_fixture
2026-04-28,005,32,2,synthetic_fixture
2026-04-29,005,32,1,synthetic_fixture
2026-04-30,005,32,2,synthetic_fixture
2026-05-01,005,32,1,synthetic_fixture
2026-05-02,005,32,2,synthetic_fixture
2026-05-03,005,32,1,synthetic_fixture
2026-05-04,005,32,1,synthetic_fixture
2026-05-05,005,32,1,synthetic_fixture
2026-05-06,005,32,2,synthetic_fixture
2026-05-07,005,32,2,synthetic_fixture
2026-05-08,005,32,2,synthetic_fixture
2026-05-09,005,32,1,synthetic_fixture
2026-05-10,005,32,2,synthetic_fixture
2026-05-11,005,32,3,synthetic_fixture
2026-05-12,005,32,1,synthetic_fixture
2026-05-13,005,32,2,synthetic_fixture
2026-05-14,005,32,1,synthetic_fixture
2026-04-17,005,33,6,synthetic_fixture
2026-04-18,005,33,7,synthetic_fixture
2026-04-19,005,33,6,synthetic_fixture
2026-04-20,005,33,6,synthetic_fixture
2026-04-21,005,33,5,synthetic_fixture
2026-04-22,005,33,6,synthetic_fixture
2026-04-23,005,33,4,synthetic_fixture
2026-04-24,005,33,4,synthetic_fixture
2026-04-25,005,33,6,synthetic_fixture
2026-04-26,005,33,6,synthetic_fixture
2026-04-27,005,33,7,synthetic_fixture
2026-04-28,005,33,4,synthetic_fixture
2026-04-29,005,33,7,synthetic_fixture
2026-04-30,005,33,6,synthetic_fixture
2026-05-01,005,33,7,synthetic_fixture
2026-05-02,005,33,6,synthetic_fixture
2026-05-03,005,33,6,synthetic_fixture
2026-05-04,005,33,7,synthetic_fixture
2026-05-05,005,33,7,synthetic_fixture
2026-05-06,005,33,6,synthetic_fixture
2026-05-07,005,33,6,synthetic_fixture
2026-05-08,005,33,4,synthetic_fixture
2026-05-09,005,33,6,synthetic_fixture
2026-05-10,005,33,6,synthetic_fixture
2026-05-11,005,33,4,synthetic_fixture
2026-05-12,005,33,7,synthetic_fixture
2026-05-13,005,33,4,synthetic_fixture
2026-05-14,005,33,6,synthetic_fixture
2026-04-17,005,34,4,synthetic_fixture
2026-04-18,005,34,4,synthetic_fixture
2026-04-19,005,34,4,synthetic_fixture
2026-04-20,005,34,2,synthetic_fixture
2026-04-21,005,34,3,synthetic_fixture
2026-04-22,005,34,3,synthetic_fixture
2026-04-23,005,34,3,synthetic_fixture
2026-04-24,005,34,4,synthetic_fixture
2026-04-25,005,34,3,synthetic_fixture
2026-04-26,005,34,4,synthetic_fixture
2026-04-27,005,34,3,synthetic_fixture
2026-04-28,005,34,3,synthetic_fixture
2026-04-29,005,34,2,synthetic_fixture
2026-04-30,005,34,4,synthetic_fixture
2026-05-01,005,34,4,synthetic_fixture
2026-05-02,005,34,3,synthetic_fixture
2026-05-03,005,34,3,synthetic_fixture
2026-05-04,005,34,3,synthetic_fixture
2026-05-05,005,34,4,synthetic_fixture
2026-05-06,005,34,3,synthetic_fixture
2026-05-07,005,34,4,synthetic_fixture
2026-05-08,005,34,4,synthetic_fixture
2026-05-09,005,34,3,synthetic_fixture
2026-05-10,005,34,3,synthetic_fixture
2026-05-11,005,34,3,synthetic_fixture
2026-05-12,005,34,3,synthetic_fixture
2026-05-13,005,34,4,synthetic_fixture
2026-05-14,005,34,2,synthetic_fixture
2026-04-17,005,35,1,synthetic_fixture
2026-04-18,005,35,1,synthetic_fixture
2026-04-19,005,35,0,synthetic_fixture
2026-04-20,005,35,1,synthetic_fixture
2026-04-21,005,35,1,synthetic_fixture
2026-04-22,005,35,0,synthetic_fixture
2026-04-23,005,35,1,synthetic_fixture
2026-04-24,005,35,1,synthetic_fixture
2026-04-25,005,35,1,synthetic_fixture
2026-04-26,005,35,0,synthetic_fixture
2026-04-27,005,35,0,synthetic_fixture
2026-04-28,005,35,1,synthetic_fixture
2026-04-29,005,35,1,synthetic_fixture
2026-04-30,005,35,1,synthetic_fixture
2026-05-01,005,35,1,synthetic_fixture
2026-05-02,005,35,1,synthetic_fixture
2026-05-03,005,35,1,synthetic_fixture
2026-05-04,005,35,1,synthetic_fixture
2026-05-05,005,35,0,synthetic_fixture
2026-05-06,005,35,1,synthetic_fixture
2026-05-07,005,35,1,synthetic_fixture
2026-05-08,005,35,1,synthetic_fixture
2026-05-09,005,35,1,synthetic_fixture
2026-05-10,005,35,1,synthetic_fixture
2026-05-11,005,35,1,synthetic_fixture
2026-05-12,005,35,0,synthetic_fixture
2026-05-13,005,35,1,synthetic_fixture
2026-05-14,005,35,1,synthetic_fixture
2026-04-17,005,36,1,synthetic_fixture
2026-04-18,005,36,1,synthetic_fixture
2026-04-19,005,36,1,synthetic_fixture
2026-04-20,005,36,1,synthetic_fixture
2026-04-21,005,36,1,synthetic_fixture
2026-04-22,005,36,1,synthetic_fixture
2026-04-23,005,36,1,synthetic_fixture
2026-04-24,005,36,1,synthetic_fixture
2026-04-25,005,36,1,synthetic_fixture
2026-04-26,005,36,1,synthetic_fixture
2026-04-27,005,36,1,synthetic_fixture
2026-04-28,005,36,2,synthetic_fixture
2026-04-29,005,36,2,synthetic_fixture
2026-04-30,005,36,1,synthetic_fixture
2026-05-01,005,36,2,synthetic_fixture
2026-05-02,005,36,1,synthetic_fixture
2026-05-03,005,36,1,synthetic_fixture
2026-05-04,005,36,2,synthetic_fixture
2026-05-05,005,36,1,synthetic_fixture
2026-05-06,005,36,1,synthetic_fixture
2026-05-07,005,36,1,synthetic_fixture
2026-05-08,005,36,1,synthetic_fixture
2026-05-09,005,36,1,synthetic_fixture
2026-05-10,005,36,1,synthetic_fixture
2026-05-11,005,36,1,synthetic_fixture
2026-05-12,005,36,1,synthetic_fixture
2026-05-13,005,36,2,synthetic_fixture
2026-05-14,005,36,1,synthetic_fixture
2026-04-17,006,1,3,synthetic_fixture
2026-04-18,006,1,5,synthetic_fixture
2026-04-19,006,1,4,synthetic_fixture
2026-04-20,006,1,5,synthetic_fixture
2026-04-21,006,1,3,synthetic_fixture
2026-04-22,006,1,3,synthetic_fixture
2026-04-23,006,1,4,synthetic_fixture
2026-04-24,006,1,3,synthetic_fixture
2026-04-25,006,1,3,synthetic_fixture
2026-04-26,006,1,3,synthetic_fixture
2026-04-27,006,1,4,synthetic_fixture
2026-04-28,006,1,5,synthetic_fixture
2026-04-29,006,1,5,synthetic_fixture
2026-04-30,006,1,5,synthetic_fixture
2026-05-01,006,1,3,synthetic_fixture
2026-05-02,006,1,4,synthetic_fixture
2026-05-03,006,1,4,synthetic_fixture
2026-05-04,006,1,3,synthetic_fixture
2026-05-05,006,1,4,synthetic_fixture
2026-05-06,006,1,4,synthetic_fixture
2026-05-07,006,1,5,synthetic_fixture
2026-05-08,006,1,4,synthetic_fixture
2026-05-09,006,1,4,synthetic_fixture
2026-05-10,006,1,5,synthetic_fixture
2026-05-11,006,1,3,synthetic_fixture
2026-05-12,006,1,5,synthetic_fixture
2026-05-13,006,1,5,synthetic_fixture
2026-05-14,006,1,4,synthetic_fixture
2026-04-17,006,2,3,synthetic_fixture
2026-04-18,006,2,3,synthetic_fixture
2026-04-19,006,2,2,synthetic_fixture
2026-04-20,006,2,3,synthetic_fixture
2026-04-21,006,2,3,synthetic_fixture
2026-04-22,006,2,3,synthetic_fixture
2026-04-23,006,2,2,synthetic_fixture
2026-04-24,006,2,2,synthetic_fixture
2026-04-25,006,2,3,synthetic_fixture
2026-04-26,006,2,2,synthetic_fixture
2026-04-27,006,2,3,synthetic_fixture
2026-04-28,006,2,3,synthetic_fixture
2026-04-29,006,2,2,synthetic_fixture
2026-04-30,006,2,2,synthetic_fixture
2026-05-01,006,2,4,synthetic_fixture
2026-05-02,006,2,3,synthetic_fixture
2026-05-03,006,2,4,synthetic_fixture
2026-05-04,006,2,2,synthetic_fixture
2026-05-05,006,2,3,synthetic_fixture
2026-05-06,006,2,3,synthetic_fixture
2026-05-07,006,2,3,synthetic_fixture
2026-05-08,006,2,4,synthetic_fixture
2026-05-09,006,2,3,synthetic_fixture
2026-05-10,006,2,3,synthetic_fixture
2026-05-11,006,2,2,synthetic_fixture
2026-05-12,006,2,3,synthetic_fixture
2026-05-13,006,2,2,synthetic_fixture
2026-05-14,006,2,3,synthetic_fixture
2026-04-17,006,3,3,synthetic_fixture
2026-04-18,006,3,3,synthetic_fixture
2026-04-19,006,3,3,synthetic_fixture
2026-04-20,006,3,2,synthetic_fixture
2026-04-21,006,3,4,synthetic_fixture
2026-04-22,006,3,2,synthetic_fixture
2026-04-23,006,3,2,synthetic_fixture
2026-04-24,006,3,2,synthetic_fixture
2026-04-25,006,3,4,synthetic_fixture
2026-04-26,006,3,3,synthetic_fixture
2026-04-27,006,3,3,synthetic_fixture
2026-04-28,006,3,2,synthetic_fixture
2026-04-29,006,3,4,synthetic_fixture
2026-04-30,006,3,4,synthetic_fixture
2026-05-01,006,3,3,synthetic_fixture
2026-05-02,006,3,3,synthetic_fixture
2026-05-03,006,3,3,synthetic_fixture
2026-05-04,006,3,2,synthetic_fixture
2026-05-05,006,3,3,synthetic_fixture
2026-05-06,006,3,2,synthetic_fixture
2026-05-07,006,3,3,synthetic_fixture
2026-05-08,006,3,2,synthetic_fixture
2026-05-09,006,3,2,synthetic_fixture
2026-05-10,006,3,2,synthetic_fixture
2026-05-11,006,3,3,synthetic_fixture
2026-05-12,006,3,2,synthetic_fixture
2026-05-13,006,3,3,synthetic_fixture
2026-05-14,006,3,2,synthetic_fixture
2026-04-17,006,4,3,synthetic_fixture
2026-04-18,006,4,3,synthetic_fixture
2026-04-19,006,4,3,synthetic_fixture
2026-04-20,006,4,4,synthetic_fixture
2026-04-21,006,4,3,synthetic_fixture
2026-04-22,006,4,4,synthetic_fixture
2026-04-23,006,4,4,synthetic_fixture
2026-04-24,006,4,3,synthetic_fixture
2026-04-25,006,4,3,synthetic_fixture
2026-04-26,006,4,2,synthetic_fixture
2026-04-27,006,4,3,synthetic_fixture
2026-04-28,006,4,3,synthetic_fixture
2026-04-29,006,4,2,synthetic_fixture
2026-04-30,006,4,3,synthetic_fixture
2026-05-01,006,4,3,synthetic_fixture
2026-05-02,006,4,3,synthetic_fixture
2026-05-03,006,4,3,synthetic_fixture
2026-05-04,006,4,3,synthetic_fixture
2026-05-05,006,4,2,synthetic_fixture
2026-05-06,006,4,4,synthetic_fixture
2026-05-07,006,4,3,synthetic_fixture
2026-05-08,006,4,2,synthetic_fixture
2026-05-09,006,4,2,synthetic_fixture
2026-05-10,006,4,2,synthetic_fixture
2026-05-11,006,4,4,synthetic_fixture
2026-05-12,006,4,3,synthetic_fixture
2026-05-13,006,4,3,synthetic_fixture
2026-05-14,006,4,2,synthetic_fixture
2026-04-17,006,5,5,synthetic_fixture
2026-04-18,006,5,4,synthetic_fixture
2026-04-19,006,5,4,synthetic_fixture
2026-04-20,006,5,4,synthetic_fixture
2026-04-21,006,5,6,synthetic_fixture
2026-04-22,006,5,3,synthetic_fixture
2026-04-23,006,5,4,synthetic_fixture
2026-04-24,006,5,4,synthetic_fixture
2026-04-25,006,5,6,synthetic_fixture
2026-04-26,006,5,4,synthetic_fixture
2026-04-27,006,5,5,synthetic_fixture
2026-04-28,006,5,3,synthetic_fixture
2026-04-29,006,5,3,synthetic_fixture
2026-04-30,006,5,5,synthetic_fixture
2026-05-01,006,5,3,synthetic_fixture
2026-05-02,006,5,3,synthetic_fixture
2026-05-03,006,5,3,synthetic_fixture
2026-05-04,006,5,3,synthetic_fixture
2026-05-05,006,5,6,synthetic_fixture
2026-05-06,006,5,5,synthetic_fixture
2026-05-07,006,5,3,synthetic_fixture
2026-05-08,006,5,3,synthetic_fixture
2026-05-09,006,5,6,synthetic_fixture
2026-05-10,006,5,5,synthetic_fixture
2026-05-11,006,5,4,synthetic_fixture
2026-05-12,006,5,3,synthetic_fixture
2026-05-13,006,5,3,synthetic_fixture
2026-05-14,006,5,6,synthetic_fixture
2026-04-17,006,6,4,synthetic_fixture
2026-04-18,006,6,6,synthetic_fixture
2026-04-19,006,6,4,synthetic_fixture
2026-04-20,006,6,5,synthetic_fixture
2026-04-21,006,6,6,synthetic_fixture
2026-04-22,006,6,5,synthetic_fixture
2026-04-23,006,6,5,synthetic_fixture
2026-04-24,006,6,5,synthetic_fixture
2026-04-25,006,6,4,synthetic_fixture
2026-04-26,006,6,5,synthetic_fixture
2026-04-27,006,6,5,synthetic_fixture
2026-04-28,006,6,6,synthetic_fixture
2026-04-29,006,6,4,synthetic_fixture
2026-04-30,006,6,5,synthetic_fixture
2026-05-01,006,6,5,synthetic_fixture
2026-05-02,006,6,3,synthetic_fixture
2026-05-03,006,6,4,synthetic_fixture
2026-05-04,006,6,5,synthetic_fixture
2026-05-05,006,6,6,synthetic_fixture
2026-05-06,006,6,5,synthetic_fixture
2026-05-07,006,6,4,synthetic_fixture
2026-05-08,006,6,6,synthetic_fixture
2026-05-09,006,6,6,synthetic_fixture
2026-05-10,006,6,4,synthetic_fixture
2026-05-11,006,6,5,synthetic_fixture
2026-05-12,006,6,4,synthetic_fixture
2026-05-13,006,6,4,synthetic_fixture
2026-05-14,006,6,3,synthetic_fixture
2026-04-17,006,7,1,synthetic_fixture
2026-04-18,006,7,1,synthetic_fixture
2026-04-19,006,7,1,synthetic_fixture
2026-04-20,006,7,1,synthetic_fixture
2026-04-21,006,7,1,synthetic_fixture
2026-04-22,006,7,1,synthetic_fixture
2026-04-23,006,7,0,synthetic_fixture
2026-04-24,006,7,1,synthetic_fixture
2026-04-25,006,7,1,synthetic_fixture
2026-04-26,006,7,1,synthetic_fixture
2026-04-27,006,7,1,synthetic_fixture
2026-04-28,006,7,1,synthetic_fixture
2026-04-29,006,7,1,synthetic_fixture
2026-04-30,006,7,0,synthetic_fixture
2026-05-01,006,7,1,synthetic_fixture
2026-05-02,006,7,1,synthetic_fixture
2026-05-03,006,7,1,synthetic_fixture
2026-05-04,006,7,1,synthetic_fixture
2026-05-05,006,7,1,synthetic_fixture
2026-05-06,006,7,1,synthetic_fixture
2026-05-07,006,7,1,synthetic_fixture
2026-05-08,006,7,1,synthetic_fixture
2026-05-09,006,7,1,synthetic_fixture
2026-05-10,006,7,1,synthetic_fixture
2026-05-11,006,7,1,synthetic_fixture
2026-05-12,006,7,0,synthetic_fixture
2026-05-13,006,7,0,synthetic_fixture
2026-05-14,006,7,0,synthetic_fixture
2026-04-17,006,8,4,synthetic_fixture
2026-04-18,006,8,4,synthetic_fixture
2026-04-19,006,8,5,synthetic_fixture
2026-04-20,006,8,5,synthetic_fixture
2026-04-21,006,8,4,synthetic_fixture
2026-04-22,006,8,3,synthetic_fixture
2026-04-23,006,8,3,synthetic_fixture
2026-04-24,006,8,4,synthetic_fixture
2026-04-25,006,8,6,synthetic_fixture
2026-04-26,006,8,4,synthetic_fixture
2026-04-27,006,8,6,synthetic_fixture
2026-04-28,006,8,4,synthetic_fixture
2026-04-29,006,8,3,synthetic_fixture
2026-04-30,006,8,4,synthetic_fixture
2026-05-01,006,8,3,synthetic_fixture
2026-05-02,006,8,3,synthetic_fixture
2026-05-03,006,8,3,synthetic_fixture
2026-05-04,006,8,4,synthetic_fixture
2026-05-05,006,8,5,synthetic_fixture
2026-05-06,006,8,5,synthetic_fixture
2026-05-07,006,8,3,synthetic_fixture
2026-05-08,006,8,5,synthetic_fixture
2026-05-09,006,8,4,synthetic_fixture
2026-05-10,006,8,4,synthetic_fixture
2026-05-11,006,8,3,synthetic_fixture
2026-05-12,006,8,5,synthetic_fixture
2026-05-13,006,8,4,synthetic_fixture
2026-05-14,006,8,5,synthetic_fixture
2026-04-17,006,9,3,synthetic_fixture
2026-04-18,006,9,3,synthetic_fixture
2026-04-19,006,9,3,synthetic_fixture
2026-04-20,006,9,3,synthetic_fixture
2026-04-21,006,9,3,synthetic_fixture
2026-04-22,006,9,2,synthetic_fixture
2026-04-23,006,9,3,synthetic_fixture
2026-04-24,006,9,3,synthetic_fixture
2026-04-25,006,9,3,synthetic_fixture
2026-04-26,006,9,2,synthetic_fixture
2026-04-27,006,9,3,synthetic_fixture
2026-04-28,006,9,4,synthetic_fixture
2026-04-29,006,9,2,synthetic_fixture
2026-04-30,006,9,3,synthetic_fixture
2026-05-01,006,9,2,synthetic_fixture
2026-05-02,006,9,3,synthetic_fixture
2026-05-03,006,9,3,synthetic_fixture
2026-05-04,006,9,3,synthetic_fixture
2026-05-05,006,9,2,synthetic_fixture
2026-05-06,006,9,2,synthetic_fixture
2026-05-07,006,9,3,synthetic_fixture
2026-05-08,006,9,3,synthetic_fixture
2026-05-09,006,9,3,synthetic_fixture
2026-05-10,006,9,3,synthetic_fixture
2026-05-11,006,9,4,synthetic_fixture
2026-05-12,006,9,3,synthetic_fixture
2026-05-13,006,9,2,synthetic_fixture
2026-05-14,006,9,3,synthetic_fixture
2026-04-17,006,10,3,synthetic_fixture
2026-04-18,006,10,5,synthetic_fixture
2026-04-19,006,10,5,synthetic_fixture
2026-04-20,006,10,4,synthetic_fixture
2026-04-21,006,10,6,synthetic_fixture
2026-04-22,006,10,5,synthetic_fixture
2026-04-23,006,10,4,synthetic_fixture
2026-04-24,006,10,5,synthetic_fixture
2026-04-25,006,10,5,synthetic_fixture
2026-04-26,006,10,4,synthetic_fixture
2026-04-27,006,10,6,synthetic_fixture
2026-04-28,006,10,3,synthetic_fixture
2026-04-29,006,10,3,synthetic_fixture
2026-04-30,006,10,5,synthetic_fixture
2026-05-01,006,10,6,synthetic_fixture
2026-05-02,006,10,3,synthetic_fixture
2026-05-03,006,10,3,synthetic_fixture
2026-05-04,006,10,5,synthetic_fixture
2026-05-05,006,10,6,synthetic_fixture
2026-05-06,006,10,6,synthetic_fixture
2026-05-07,006,10,3,synthetic_fixture
2026-05-08,006,10,4,synthetic_fixture
2026-05-09,006,10,3,synthetic_fixture
2026-05-10,006,10,5,synthetic_fixture
2026-05-11,006,10,4,synthetic_fixture
2026-05-12,006,10,5,synthetic_fixture
2026-05-13,006,10,5,synthetic_fixture
2026-05-14,006,10,3,synthetic_fixture
2026-04-17,006,11,1,synthetic_fixture
2026-04-18,006,11,1,synthetic_fixture
2026-04-19,006,11,1,synthetic_fixture
2026-04-20,006,11,1,synthetic_fixture
2026-04-21,006,11,1,synthetic_fixture
2026-04-22,006,11,1,synthetic_fixture
2026-04-23,006,11,1,synthetic_fixture
2026-04-24,006,11,1,synthetic_fixture
2026-04-25,006,11,1,synthetic_fixture
2026-04-26,006,11,1,synthetic_fixture
2026-04-27,006,11,1,synthetic_fixture
2026-04-28,006,11,1,synthetic_fixture
2026-04-29,006,11,1,synthetic_fixture
2026-04-30,006,11,1,synthetic_fixture
2026-05-01,006,11,1,synthetic_fixture
2026-05-02,006,11,1,synthetic_fixture
2026-05-03,006,11,1,synthetic_fixture
2026-05-04,006,11,1,synthetic_fixture
2026-05-05,006,11,1,synthetic_fixture
2026-05-06,006,11,1,synthetic_fixture
2026-05-07,006,11,1,synthetic_fixture
2026-05-08,006,11,1,synthetic_fixture
2026-05-09,006,11,1,synthetic_fixture
2026-05-10,006,11,1,synthetic_fixture
2026-05-11,006,11,1,synthetic_fixture
2026-05-12,006,11,1,synthetic_fixture
2026-05-13,006,11,1,synthetic_fixture
2026-05-14,006,11,1,synthetic_fixture
2026-04-17,006,12,5,synthetic_fixture
2026-04-18,006,12,3,synthetic_fixture
2026-04-19,006,12,4,synthetic_fixture
2026-04-20,006,12,3,synthetic_fixture
2026-04-21,006,12,5,synthetic_fixture
2026-04-22,006,12,3,synthetic_fixture
2026-04-23,006,12,4,synthetic_fixture
2026-04-24,006,12,4,synthetic_fixture
2026-04-25,006,12,5,synthetic_fixture
2026-04-26,006,12,3,synthetic_fixture
2026-04-27,006,12,3,synthetic_fixture
2026-04-28,006,12,5,synthetic_fixture
2026-04-29,006,12,5,synthetic_fixture
2026-04-30,006,12,5,synthetic_fixture
2026-05-01,006,12,4,synthetic_fixture
2026-05-02,006,12,3,synthetic_fixture
2026-05-03,006,12,4,synthetic_fixture
2026-05-04,006,12,4,synthetic_fixture
2026-05-05,006,12,3,synthetic_fixture
2026-05-06,006,12,4,synthetic_fixture
2026-05-07,006,12,4,synthetic_fixture
2026-05-08,006,12,5,synthetic_fixture
2026-05-09,006,12,3,synthetic_fixture
2026-05-10,006,12,3,synthetic_fixture
2026-05-11,006,12,4,synthetic_fixture
2026-05-12,006,12,5,synthetic_fixture
2026-05-13,006,12,3,synthetic_fixture
2026-05-14,006,12,4,synthetic_fixture
2026-04-17,006,13,2,synthetic_fixture
2026-04-18,006,13,2,synthetic_fixture
2026-04-19,006,13,2,synthetic_fixture
2026-04-20,006,13,2,synthetic_fixture
2026-04-21,006,13,3,synthetic_fixture
2026-04-22,006,13,2,synthetic_fixture
2026-04-23,006,13,2,synthetic_fixture
2026-04-24,006,13,2,synthetic_fixture
2026-04-25,006,13,2,synthetic_fixture
2026-04-26,006,13,2,synthetic_fixture
2026-04-27,006,13,3,synthetic_fixture
2026-04-28,006,13,2,synthetic_fixture
2026-04-29,006,13,2,synthetic_fixture
2026-04-30,006,13,2,synthetic_fixture
2026-05-01,006,13,3,synthetic_fixture
2026-05-02,006,13,2,synthetic_fixture
2026-05-03,006,13,2,synthetic_fixture
2026-05-04,006,13,2,synthetic_fixture
2026-05-05,006,13,2,synthetic_fixture
2026-05-06,006,13,2,synthetic_fixture
2026-05-07,006,13,2,synthetic_fixture
2026-05-08,006,13,2,synthetic_fixture
2026-05-09,006,13,2,synthetic_fixture
2026-05-10,006,13,3,synthetic_fixture
2026-05-11,006,13,2,synthetic_fixture
2026-05-12,006,13,3,synthetic_fixture
2026-05-13,006,13,2,synthetic_fixture
2026-05-14,006,13,2,synthetic_fixture
2026-04-17,006,14,4,synthetic_fixture
2026-04-18,006,14,4,synthetic_fixture
2026-04-19,006,14,2,synthetic_fixture
2026-04-20,006,14,3,synthetic_fixture
2026-04-21,006,14,4,synthetic_fixture
2026-04-22,006,14,3,synthetic_fixture
2026-04-23,006,14,4,synthetic_fixture
2026-04-24,006,14,4,synthetic_fixture
2026-04-25,006,14,3,synthetic_fixture
2026-04-26,006,14,4,synthetic_fixture
2026-04-27,006,14,4,synthetic_fixture
2026-04-28,006,14,4,synthetic_fixture
2026-04-29,006,14,4,synthetic_fixture
2026-04-30,006,14,4,synthetic_fixture
2026-05-01,006,14,4,synthetic_fixture
2026-05-02,006,14,2,synthetic_fixture
2026-05-03,006,14,4,synthetic_fixture
2026-05-04,006,14,3,synthetic_fixture
2026-05-05,006,14,4,synthetic_fixture
2026-05-06,006,14,3,synthetic_fixture
2026-05-07,006,14,4,synthetic_fixture
2026-05-08,006,14,3,synthetic_fixture
2026-05-09,006,14,4,synthetic_fixture
2026-05-10,006,14,3,synthetic_fixture
2026-05-11,006,14,3,synthetic_fixture
2026-05-12,006,14,3,synthetic_fixture
2026-05-13,006,14,3,synthetic_fixture
2026-05-14,006,14,2,synthetic_fixture
2026-04-17,006,15,4,synthetic_fixture
2026-04-18,006,15,4,synthetic_fixture
2026-04-19,006,15,4,synthetic_fixture
2026-04-20,006,15,4,synthetic_fixture
2026-04-21,006,15,3,synthetic_fixture
2026-04-22,006,15,4,synthetic_fixture
2026-04-23,006,15,6,synthetic_fixture
2026-04-24,006,15,4,synthetic_fixture
2026-04-25,006,15,6,synthetic_fixture
2026-04-26,006,15,5,synthetic_fixture
2026-04-27,006,15,5,synthetic_fixture
2026-04-28,006,15,5,synthetic_fixture
2026-04-29,006,15,4,synthetic_fixture
2026-04-30,006,15,3,synthetic_fixture
2026-05-01,006,15,5,synthetic_fixture
2026-05-02,006,15,4,synthetic_fixture
2026-05-03,006,15,5,synthetic_fixture
2026-05-04,006,15,6,synthetic_fixture
2026-05-05,006,15,6,synthetic_fixture
2026-05-06,006,15,3,synthetic_fixture
2026-05-07,006,15,5,synthetic_fixture
2026-05-08,006,15,5,synthetic_fixture
2026-05-09,006,15,5,synthetic_fixture
2026-05-10,006,15,4,synthetic_fixture
2026-05-11,006,15,3,synthetic_fixture
2026-05-12,006,15,5,synthetic_fixture
2026-05-13,006,15,5,synthetic_fixture
2026-05-14,006,15,4,synthetic_fixture
2026-04-17,006,16,3,synthetic_fixture
2026-04-18,006,16,2,synthetic_fixture
2026-04-19,006,16,3,synthetic_fixture
2026-04-20,006,16,3,synthetic_fixture
2026-04-21,006,16,2,synthetic_fixture
2026-04-22,006,16,2,synthetic_fixture
2026-04-23,006,16,3,synthetic_fixture
2026-04-24,006,16,2,synthetic_fixture
2026-04-25,006,16,2,synthetic_fixture
2026-04-26,006,16,4,synthetic_fixture
2026-04-27,006,16,2,synthetic_fixture
2026-04-28,006,16,2,synthetic_fixture
2026-04-29,006,16,3,synthetic_fixture
2026-04-30,006,16,4,synthetic_fixture
2026-05-01,006,16,3,synthetic_fixture
2026-05-02,006,16,2,synthetic_fixture
2026-05-03,006,16,3,synthetic_fixture
2026-05-04,006,16,3,synthetic_fixture
2026-05-05,006,16,2,synthetic_fixture
2026-05-06,006,16,3,synthetic_fixture
2026-05-07,006,16,3,synthetic_fixture
2026-05-08,006,16,3,synthetic_fixture
2026-05-09,006,16,3,synthetic_fixture
2026-05-10,006,16,3,synthetic_fixture
2026-05-11,006,16,4,synthetic_fixture
2026-05-12,006,16,2,synthetic_fixture
2026-05-13,006,16,4,synthetic_fixture
2026-05-14,006,16,3,synthetic_fixture
2026-04-17,006,17,2,synthetic_fixture
2026-04-18,006,17,3,synthetic_fixture
2026-04-19,006,17,4,synthetic_fixture
2026-04-20,006,17,3,synthetic_fixture
2026-04-21,006,17,2,synthetic_fixture
2026-04-22,006,17,4,synthetic_fixture
2026-04-23,006,17,2,synthetic_fixture
2026-04-24,006,17,2,synthetic_fixture
2026-04-25,006,17,4,synthetic_fixture
2026-04-26,006,17,4,synthetic_fixture
2026-04-27,006,17,4,synthetic_fixture
2026-04-28,006,17,3,synthetic_fixture
2026-04-29,006,17,3,synthetic_fixture
2026-04-30,006,17,4,synthetic_fixture
2026-05-01,006,17,3,synthetic_fixture
2026-05-02,006,17,3,synthetic_fixture
2026-05-03,006,17,4,synthetic_fixture
2026-05-04,006,17,4,synthetic_fixture
2026-05-05,006,17,4,synthetic_fixture
2026-05-06,006,17,2,synthetic_fixture
2026-05-07,006,17,3,synthetic_fixture
2026-05-08,006,17,4,synthetic_fixture
2026-05-09,006,17,3,synthetic_fixture
2026-05-10,006,17,2,synthetic_fixture
2026-05-11,006,17,3,synthetic_fixture
2026-05-12,006,17,4,synthetic_fixture
2026-05-13,006,17,3,synthetic_fixture
2026-05-14,006,17,3,synthetic_fixture
2026-04-17,006,18,6,synthetic_fixture
2026-04-18,006,18,6,synthetic_fixture
2026-04-19,006,18,5,synthetic_fixture
2026-04-20,006,18,5,synthetic_fixture
2026-04-21,006,18,5,synthetic_fixture
2026-04-22,006,18,6,synthetic_fixture
2026-04-23,006,18,6,synthetic_fixture
2026-04-24,006,18,7,synthetic_fixture
2026-04-25,006,18,4,synthetic_fixture
2026-04-26,006,18,7,synthetic_fixture
2026-04-27,006,18,5,synthetic_fixture
2026-04-28,006,18,5,synthetic_fixture
2026-04-29,006,18,4,synthetic_fixture
2026-04-30,006,18,6,synthetic_fixture
2026-05-01,006,18,5,synthetic_fixture
2026-05-02,006,18,6,synthetic_fixture
2026-05-03,006,18,6,synthetic_fixture
2026-05-04,006,18,6,synthetic_fixture
2026-05-05,006,18,6,synthetic_fixture
2026-05-06,006,18,4,synthetic_fixture
2026-05-07,006,18,6,synthetic_fixture
2026-05-08,006,18,7,synthetic_fixture
2026-05-09,006,18,5,synthetic_fixture
2026-05-10,006,18,4,synthetic_fixture
2026-05-11,006,18,6,synthetic_fixture
2026-05-12,006,18,4,synthetic_fixture
2026-05-13,006,18,4,synthetic_fixture
2026-05-14,006,18,5,synthetic_fixture
2026-04-17,006,19,1,synthetic_fixture
2026-04-18,006,19,0,synthetic_fixture
2026-04-19,006,19,0,synthetic_fixture
2026-04-20,006,19,1,synthetic_fixture
2026-04-21,006,19,1,synthetic_fixture
2026-04-22,006,19,0,synthetic_fixture
2026-04-23,006,19,1,synthetic_fixture
2026-04-24,006,19,1,synthetic_fixture
2026-04-25,006,19,1,synthetic_fixture
2026-04-26,006,19,1,synthetic_fixture
2026-04-27,006,19,1,synthetic_fixture
2026-04-28,006,19,1,synthetic_fixture
2026-04-29,006,19,0,synthetic_fixture
2026-04-30,006,19,1,synthetic_fixture
2026-05-01,006,19,1,synthetic_fixture
2026-05-02,006,19,1,synthetic_fixture
2026-05-03,006,19,0,synthetic_fixture
2026-05-04,006,19,1,synthetic_fixture
2026-05-05,006,19,0,synthetic_fixture
2026-05-06,006,19,0,synthetic_fixture
2026-05-07,006,19,0,synthetic_fixture
2026-05-08,006,19,0,synthetic_fixture
2026-05-09,006,19,1,synthetic_fixture
2026-05-10,006,19,0,synthetic_fixture
2026-05-11,006,19,0,synthetic_fixture
2026-05-12,006,19,1,synthetic_fixture
2026-05-13,006,19,1,synthetic_fixture
2026-05-14,006,19,1,synthetic_fixture
2026-04-17,006,20,1,synthetic_fixture
2026-04-18,006,20,1,synthetic_fixture
2026-04-19,006,20,1,synthetic_fixture
2026-04-20,006,20,1,synthetic_fixture
2026-04-21,006,20,1,synthetic_fixture
2026-04-22,006,20,2,synthetic_fixture
2026-04-23,006,20,1,synthetic_fixture
2026-04-24,006,20,2,synthetic_fixture
2026-04-25,006,20,2,synthetic_fixture
2026-04-26,006,20,1,synthetic_fixture
2026-04-27,006,20,1,synthetic_fixture
2026-04-28,006,20,1,synthetic_fixture
2026-04-29,006,20,1,synthetic_fixture
2026-04-30,006,20,1,synthetic_fixture
2026-05-01,006,20,1,synthetic_fixture
2026-05-02,006,20,1,synthetic_fixture
2026-05-03,006,20,1,synthetic_fixture
2026-05-04,006,20,2,synthetic_fixture
2026-05-05,006,20,2,synthetic_fixture
2026-05-06,006,20,2,synthetic_fixture
2026-05-07,006,20,2,synthetic_fixture
2026-05-08,006,20,1,synthetic_fixture
2026-05-09,006,20,1,synthetic_fixture
2026-05-10,006,20,1,synthetic_fixture
2026-05-11,006,20,2,synthetic_fixture
2026-05-12,006,20,1,synthetic_fixture
2026-05-13,006,20,1,synthetic_fixture
2026-05-14,006,20,2,synthetic_fixture
2026-04-17,006,21,2,synthetic_fixture
2026-04-18,006,21,2,synthetic_fixture
2026-04-19,006,21,1,synthetic_fixture
2026-04-20,006,21,1,synthetic_fixture
2026-04-21,006,21,2,synthetic_fixture
2026-04-22,006,21,1,synthetic_fixture
2026-04-23,006,21,1,synthetic_fixture
2026-04-24,006,21,1,synthetic_fixture
2026-04-25,006,21,1,synthetic_fixture
2026-04-26,006,21,2,synthetic_fixture
2026-04-27,006,21,2,synthetic_fixture
2026-04-28,006,21,1,synthetic_fixture
2026-04-29,006,21,2,synthetic_fixture
2026-04-30,006,21,1,synthetic_fixture
2026-05-01,006,21,2,synthetic_fixture
2026-05-02,006,21,2,synthetic_fixture
2026-05-03,006,21,2,synthetic_fixture
2026-05-04,006,21,1,synthetic_fixture
2026-05-05,006,21,2,synthetic_fixture
2026-05-06,006,21,2,synthetic_fixture
2026-05-07,006,21,2,synthetic_fixture
2026-05-08,006,21,2,synthetic_fixture
2026-05-09,006,21,1,synthetic_fixture
2026-05-10,006,21,2,synthetic_fixture
2026-05-11,006,21,2,synthetic_fixture
2026-05-12,006,21,1,synthetic_fixture
2026-05-13,006,21,1,synthetic_fixture
2026-05-14,006,21,2,synthetic_fixture
2026-04-17,006,22,1,synthetic_fixture
2026-04-18,006,22,1,synthetic_fixture
2026-04-19,006,22,1,synthetic_fixture
2026-04-20,006,22,1,synthetic_fixture
2026-04-21,006,22,1,synthetic_fixture
2026-04-22,006,22,0,synthetic_fixture
2026-04-23,006,22,1,synthetic_fixture
2026-04-24,006,22,1,synthetic_fixture
2026-04-25,006,22,0,synthetic_fixture
2026-04-26,006,22,1,synthetic_fixture
2026-04-27,006,22,1,synthetic_fixture
2026-04-28,006,22,1,synthetic_fixture
2026-04-29,006,22,1,synthetic_fixture
2026-04-30,006,22,1,synthetic_fixture
2026-05-01,006,22,1,synthetic_fixture
2026-05-02,006,22,1,synthetic_fixture
2026-05-03,006,22,1,synthetic_fixture
2026-05-04,006,22,1,synthetic_fixture
2026-05-05,006,22,1,synthetic_fixture
2026-05-06,006,22,0,synthetic_fixture
2026-05-07,006,22,1,synthetic_fixture
2026-05-08,006,22,1,synthetic_fixture
2026-05-09,006,22,1,synthetic_fixture
2026-05-10,006,22,1,synthetic_fixture
2026-05-11,006,22,1,synthetic_fixture
2026-05-12,006,22,0,synthetic_fixture
2026-05-13,006,22,1,synthetic_fixture
2026-05-14,006,22,1,synthetic_fixture
2026-04-17,006,23,4,synthetic_fixture
2026-04-18,006,23,3,synthetic_fixture
2026-04-19,006,23,3,synthetic_fixture
2026-04-20,006,23,2,synthetic_fixture
2026-04-21,006,23,4,synthetic_fixture
2026-04-22,006,23,4,synthetic_fixture
2026-04-23,006,23,2,synthetic_fixture
2026-04-24,006,23,4,synthetic_fixture
2026-04-25,006,23,4,synthetic_fixture
2026-04-26,006,23,3,synthetic_fixture
2026-04-27,006,23,3,synthetic_fixture
2026-04-28,006,23,2,synthetic_fixture
2026-04-29,006,23,3,synthetic_fixture
2026-04-30,006,23,2,synthetic_fixture
2026-05-01,006,23,3,synthetic_fixture
2026-05-02,006,23,3,synthetic_fixture
2026-05-03,006,23,4,synthetic_fixture
2026-05-04,006,23,3,synthetic_fixture
2026-05-05,006,23,3,synthetic_fixture
2026-05-06,006,23,4,synthetic_fixture
2026-05-07,006,23,3,synthetic_fixture
2026-05-08,006,23,4,synthetic_fixture
2026-05-09,006,23,2,synthetic_fixture
2026-05-10,006,23,3,synthetic_fixture
2026-05-11,006,23,3,synthetic_fixture
2026-05-12,006,23,4,synthetic_fixture
2026-05-13,006,23,3,synthetic_fixture
2026-05-14,006,23,2,synthetic_fixture
2026-04-17,006,24,1,synthetic_fixture
2026-04-18,006,24,2,synthetic_fixture
2026-04-19,006,24,2,synthetic_fixture
2026-04-20,006,24,2,synthetic_fixture
2026-04-21,006,24,3,synthetic_fixture
2026-04-22,006,24,2,synthetic_fixture
2026-04-23,006,24,2,synthetic_fixture
2026-04-24,006,24,2,synthetic_fixture
2026-04-25,006,24,2,synthetic_fixture
2026-04-26,006,24,1,synthetic_fixture
2026-04-27,006,24,2,synthetic_fixture
2026-04-28,006,24,2,synthetic_fixture
2026-04-29,006,24,2,synthetic_fixture
2026-04-30,006,24,3,synthetic_fixture
2026-05-01,006,24,2,synthetic_fixture
2026-05-02,006,24,3,synthetic_fixture
2026-05-03,006,24,2,synthetic_fixture
2026-05-04,006,24,2,synthetic_fixture
2026-05-05,006,24,2,synthetic_fixture
2026-05-06,006,24,2,synthetic_fixture
2026-05-07,006,24,2,synthetic_fixture
2026-05-08,006,24,2,synthetic_fixture
2026-05-09,006,24,2,synthetic_fixture
2026-05-10,006,24,2,synthetic_fixture
2026-05-11,006,24,2,synthetic_fixture
2026-05-12,006,24,3,synthetic_fixture
2026-05-13,006,24,2,synthetic_fixture
2026-05-14,006,24,3,synthetic_fixture
2026-04-17,006,25,2,synthetic_fixture
2026-04-18,006,25,3,synthetic_fixture
2026-04-19,006,25,2,synthetic_fixture
2026-04-20,006,25,3,synthetic_fixture
2026-04-21,006,25,3,synthetic_fixture
2026-04-22,006,25,2,synthetic_fixture
2026-04-23,006,25,3,synthetic_fixture
2026-04-24,006,25,3,synthetic_fixture
2026-04-25,006,25,2,synthetic_fixture
2026-04-26,006,25,3,synthetic_fixture
2026-04-27,006,25,2,synthetic_fixture
2026-04-28,006,25,2,synthetic_fixture
2026-04-29,006,25,2,synthetic_fixture
2026-04-30,006,25,3,synthetic_fixture
2026-05-01,006,25,3,synthetic_fixture
2026-05-02,006,25,3,synthetic_fixture
2026-05-03,006,25,2,synthetic_fixture
2026-05-04,006,25,2,synthetic_fixture
2026-05-05,006,25,2,synthetic_fixture
2026-05-06,006,25,2,synthetic_fixture
2026-05-07,006,25,3,synthetic_fixture
2026-05-08,006,25,3,synthetic_fixture
2026-05-09,006,25,3,synthetic_fixture
2026-05-10,006,25,2,synthetic_fixture
2026-05-11,006,25,2,synthetic_fixture
2026-05-12,006,25,3,synthetic_fixture
2026-05-13,006,25,3,synthetic_fixture
2026-05-14,006,25,2,synthetic_fixture
2026-04-17,006,26,2,synthetic_fixture
2026-04-18,006,26,2,synthetic_fixture
2026-04-19,006,26,1,synthetic_fixture
2026-04-20,006,26,2,synthetic_fixture
2026-04-21,006,26,2,synthetic_fixture
2026-04-22,006,26,2,synthetic_fixture
2026-04-23,006,26,2,synthetic_fixture
2026-04-24,006,26,1,synthetic_fixture
2026-04-25,006,26,1,synthetic_fixture
2026-04-26,006,26,1,synthetic_fixture
2026-04-27,006,26,1,synthetic_fixture
2026-04-28,006,26,1,synthetic_fixture
2026-04-29,006,26,1,synthetic_fixture
2026-04-30,006,26,1,synthetic_fixture
2026-05-01,006,26,2,synthetic_fixture
2026-05-02,006,26,2,synthetic_fixture
2026-05-03,006,26,2,synthetic_fixture
2026-05-04,006,26,1,synthetic_fixture
2026-05-05,006,26,1,synthetic_fixture
2026-05-06,006,26,2,synthetic_fixture
2026-05-07,006,26,2,synthetic_fixture
2026-05-08,006,26,1,synthetic_fixture
2026-05-09,006,26,2,synthetic_fixture
2026-05-10,006,26,2,synthetic_fixture
2026-05-11,006,26,2,synthetic_fixture
2026-05-12,006,26,1,synthetic_fixture
2026-05-13,006,26,1,synthetic_fixture
2026-05-14,006,26,2,synthetic_fixture
2026-04-17,006,27,1,synthetic_fixture
2026-04-18,006,27,1,synthetic_fixture
2026-04-19,006,27,0,synthetic_fixture
2026-04-20,006,27,1,synthetic_fixture
2026-04-21,006,27,1,synthetic_fixture
2026-04-22,006,27,0,synthetic_fixture
2026-04-23,006,27,0,synthetic_fixture
2026-04-24,006,27,1,synthetic_fixture
2026-04-25,006,27,1,synthetic_fixture
2026-04-26,006,27,1,synthetic_fixture
2026-04-27,006,27,0,synthetic_fixture
2026-04-28,006,27,1,synthetic_fixture
2026-04-29,006,27,1,synthetic_fixture
2026-04-30,006,27,1,synthetic_fixture
2026-05-01,006,27,1,synthetic_fixture
2026-05-02,006,27,1,synthetic_fixture
2026-05-03,006,27,1,synthetic_fixture
2026-05-04,006,27,1,synthetic_fixture
2026-05-05,006,27,1,synthetic_fixture
2026-05-06,006,27,1,synthetic_fixture
2026-05-07,006,27,1,synthetic_fixture
2026-05-08,006,27,1,synthetic_fixture
2026-05-09,006,27,0,synthetic_fixture
2026-05-10,006,27,1,synthetic_fixture
2026-05-11,006,27,0,synthetic_fixture
2026-05-12,006,27,0,synthetic_fixture
2026-05-13,006,27,1,synthetic_fixture
2026-05-14,006,27,1,synthetic_fixture
2026-04-17,006,28,3,synthetic_fixture
2026-04-18,006,28,2,synthetic_fixture
2026-04-19,006,28,4,synthetic_fixture
2026-04-20,006,28,4,synthetic_fixture
2026-04-21,006,28,3,synthetic_fixture
2026-04-22,006,28,3,synthetic_fixture
2026-04-23,006,28,4,synthetic_fixture
2026-04-24,006,28,3,synthetic_fixture
2026-04-25,006,28,4,synthetic_fixture
2026-04-26,006,28,4,synthetic_fixture
2026-04-27,006,28,4,synthetic_fixture
2026-04-28,006,28,4,synthetic_fixture
2026-04-29,006,28,4,synthetic_fixture
2026-04-30,006,28,4,synthetic_fixture
2026-05-01,006,28,5,synthetic_fixture
2026-05-02,006,28,4,synthetic_fixture
2026-05-03,006,28,4,synthetic_fixture
2026-05-04,006,28,4,synthetic_fixture
2026-05-05,006,28,3,synthetic_fixture
2026-05-06,006,28,4,synthetic_fixture
2026-05-07,006,28,4,synthetic_fixture
2026-05-08,006,28,5,synthetic_fixture
2026-05-09,006,28,3,synthetic_fixture
2026-05-10,006,28,4,synthetic_fixture
2026-05-11,006,28,3,synthetic_fixture
2026-05-12,006,28,3,synthetic_fixture
2026-05-13,006,28,4,synthetic_fixture
2026-05-14,006,28,3,synthetic_fixture
2026-04-17,006,29,2,synthetic_fixture
2026-04-18,006,29,2,synthetic_fixture
2026-04-19,006,29,1,synthetic_fixture
2026-04-20,006,29,1,synthetic_fixture
2026-04-21,006,29,1,synthetic_fixture
2026-04-22,006,29,2,synthetic_fixture
2026-04-23,006,29,2,synthetic_fixture
2026-04-24,006,29,2,synthetic_fixture
2026-04-25,006,29,1,synthetic_fixture
2026-04-26,006,29,2,synthetic_fixture
2026-04-27,006,29,1,synthetic_fixture
2026-04-28,006,29,1,synthetic_fixture
2026-04-29,006,29,2,synthetic_fixture
2026-04-30,006,29,2,synthetic_fixture
2026-05-01,006,29,2,synthetic_fixture
2026-05-02,006,29,2,synthetic_fixture
2026-05-03,006,29,2,synthetic_fixture
2026-05-04,006,29,2,synthetic_fixture
2026-05-05,006,29,2,synthetic_fixture
2026-05-06,006,29,2,synthetic_fixture
2026-05-07,006,29,2,synthetic_fixture
2026-05-08,006,29,2,synthetic_fixture
2026-05-09,006,29,2,synthetic_fixture
2026-05-10,006,29,1,synthetic_fixture
2026-05-11,006,29,2,synthetic_fixture
2026-05-12,006,29,1,synthetic_fixture
2026-05-13,006,29,2,synthetic_fixture
2026-05-14,006,29,2,synthetic_fixture
2026-04-17,006,30,2,synthetic_fixture
2026-04-18,006,30,3,synthetic_fixture
2026-04-19,006,30,3,synthetic_fixture
2026-04-20,006,30,3,synthetic_fixture
2026-04-21,006,30,3,synthetic_fixture
2026-04-22,006,30,3,synthetic_fixture
2026-04-23,006,30,2,synthetic_fixture
2026-04-24,006,30,2,synthetic_fixture
2026-04-25,006,30,3,synthetic_fixture
2026-04-26,006,30,2,synthetic_fixture
2026-04-27,006,30,2,synthetic_fixture
2026-04-28,006,30,3,synthetic_fixture
2026-04-29,006,30,3,synthetic_fixture
2026-04-30,006,30,2,synthetic_fixture
2026-05-01,006,30,3,synthetic_fixture
2026-05-02,006,30,3,synthetic_fixture
2026-05-03,006,30,2,synthetic_fixture
2026-05-04,006,30,3,synthetic_fixture
2026-05-05,006,30,3,synthetic_fixture
2026-05-06,006,30,3,synthetic_fixture
2026-05-07,006,30,2,synthetic_fixture
2026-05-08,006,30,2,synthetic_fixture
2026-05-09,006,30,3,synthetic_fixture
2026-05-10,006,30,2,synthetic_fixture
2026-05-11,006,30,3,synthetic_fixture
2026-05-12,006,30,2,synthetic_fixture
2026-05-13,006,30,3,synthetic_fixture
2026-05-14,006,30,2,synthetic_fixture
2026-04-17,006,31,3,synthetic_fixture
2026-04-18,006,31,4,synthetic_fixture
2026-04-19,006,31,3,synthetic_fixture
2026-04-20,006,31,3,synthetic_fixture
2026-04-21,006,31,4,synthetic_fixture
2026-04-22,006,31,3,synthetic_fixture
2026-04-23,006,31,4,synthetic_fixture
2026-04-24,006,31,4,synthetic_fixture
2026-04-25,006,31,4,synthetic_fixture
2026-04-26,006,31,4,synthetic_fixture
2026-04-27,006,31,4,synthetic_fixture
2026-04-28,006,31,2,synthetic_fixture
2026-04-29,006,31,4,synthetic_fixture
2026-04-30,006,31,3,synthetic_fixture
2026-05-01,006,31,3,synthetic_fixture
2026-05-02,006,31,4,synthetic_fixture
2026-05-03,006,31,4,synthetic_fixture
2026-05-04,006,31,3,synthetic_fixture
2026-05-05,006,31,5,synthetic_fixture
2026-05-06,006,31,3,synthetic_fixture
2026-05-07,006,31,5,synthetic_fixture
2026-05-08,006,31,3,synthetic_fixture
2026-05-09,006,31,3,synthetic_fixture
2026-05-10,006,31,3,synthetic_fixture
2026-05-11,006,31,3,synthetic_fixture
2026-05-12,006,31,3,synthetic_fixture
2026-05-13,006,31,5,synthetic_fixture
2026-05-14,006,31,5,synthetic_fixture
2026-04-17,006,32,2,synthetic_fixture
2026-04-18,006,32,3,synthetic_fixture
2026-04-19,006,32,3,synthetic_fixture
2026-04-20,006,32,3,synthetic_fixture
2026-04-21,006,32,2,synthetic_fixture
2026-04-22,006,32,3,synthetic_fixture
2026-04-23,006,32,2,synthetic_fixture
2026-04-24,006,32,3,synthetic_fixture
2026-04-25,006,32,2,synthetic_fixture
2026-04-26,006,32,3,synthetic_fixture
2026-04-27,006,32,3,synthetic_fixture
2026-04-28,006,32,3,synthetic_fixture
2026-04-29,006,32,3,synthetic_fixture
2026-04-30,006,32,2,synthetic_fixture
2026-05-01,006,32,2,synthetic_fixture
2026-05-02,006,32,2,synthetic_fixture
2026-05-03,006,32,3,synthetic_fixture
2026-05-04,006,32,3,synthetic_fixture
2026-05-05,006,32,3,synthetic_fixture
2026-05-06,006,32,3,synthetic_fixture
2026-05-07,006,32,2,synthetic_fixture
2026-05-08,006,32,3,synthetic_fixture
2026-05-09,006,32,2,synthetic_fixture
2026-05-10,006,32,2,synthetic_fixture
2026-05-11,006,32,2,synthetic_fixture
2026-05-12,006,32,3,synthetic_fixture
2026-05-13,006,32,2,synthetic_fixture
2026-05-14,006,32,3,synthetic_fixture
2026-04-17,006,33,2,synthetic_fixture
2026-04-18,006,33,2,synthetic_fixture
2026-04-19,006,33,2,synthetic_fixture
2026-04-20,006,33,1,synthetic_fixture
2026-04-21,006,33,2,synthetic_fixture
2026-04-22,006,33,1,synthetic_fixture
2026-04-23,006,33,1,synthetic_fixture
2026-04-24,006,33,1,synthetic_fixture
2026-04-25,006,33,2,synthetic_fixture
2026-04-26,006,33,1,synthetic_fixture
2026-04-27,006,33,1,synthetic_fixture
2026-04-28,006,33,2,synthetic_fixture
2026-04-29,006,33,1,synthetic_fixture
2026-04-30,006,33,2,synthetic_fixture
2026-05-01,006,33,2,synthetic_fixture
2026-05-02,006,33,1,synthetic_fixture
2026-05-03,006,33,2,synthetic_fixture
2026-05-04,006,33,1,synthetic_fixture
2026-05-05,006,33,1,synthetic_fixture
2026-05-06,006,33,1,synthetic_fixture
2026-05-07,006,33,1,synthetic_fixture
2026-05-08,006,33,2,synthetic_fixture
2026-05-09,006,33,2,synthetic_fixture
2026-05-10,006,33,1,synthetic_fixture
2026-05-11,006,33,1,synthetic_fixture
2026-05-12,006,33,2,synthetic_fixture
2026-05-13,006,33,2,synthetic_fixture
2026-05-14,006,33,2,synthetic_fixture
2026-04-17,006,34,3,synthetic_fixture
2026-04-18,006,34,2,synthetic_fixture
2026-04-19,006,34,2,synthetic_fixture
2026-04-20,006,34,3,synthetic_fixture
2026-04-21,006,34,3,synthetic_fixture
2026-04-22,006,34,3,synthetic_fixture
2026-04-23,006,34,4,synthetic_fixture
2026-04-24,006,34,3,synthetic_fixture
2026-04-25,006,34,3,synthetic_fixture
2026-04-26,006,34,4,synthetic_fixture
2026-04-27,006,34,2,synthetic_fixture
2026-04-28,006,34,3,synthetic_fixture
2026-04-29,006,34,3,synthetic_fixture
2026-04-30,006,34,3,synthetic_fixture
2026-05-01,006,34,4,synthetic_fixture
2026-05-02,006,34,3,synthetic_fixture
2026-05-03,006,34,4,synthetic_fixture
2026-05-04,006,34,3,synthetic_fixture
2026-05-05,006,34,3,synthetic_fixture
2026-05-06,006,34,2,synthetic_fixture
2026-05-07,006,34,4,synthetic_fixture
2026-05-08,006,34,3,synthetic_fixture
2026-05-09,006,34,2,synthetic_fixture
2026-05-10,006,34,2,synthetic_fixture
2026-05-11,006,34,4,synthetic_fixture
2026-05-12,006,34,2,synthetic_fixture
2026-05-13,006,34,4,synthetic_fixture
2026-05-14,006,34,4,synthetic_fixture
2026-04-17,006,35,1,synthetic_fixture
2026-04-18,006,35,1,synthetic_fixture
2026-04-19,006,35,1,synthetic_fixture
2026-04-20,006,35,1,synthetic_fixture
2026-04-21,006,35,1,synthetic_fixture
2026-04-22,006,35,1,synthetic_fixture
2026-04-23,006,35,1,synthetic_fixture
2026-04-24,006,35,1,synthetic_fixture
2026-04-25,006,35,1,synthetic_fixture
2026-04-26,006,35,1,synthetic_fixture
2026-04-27,006,35,1,synthetic_fixture
2026-04-28,006,35,1,synthetic_fixture
2026-04-29,006,35,1,synthetic_fixture
2026-04-30,006,35,2,synthetic_fixture
2026-05-01,006,35,1,synthetic_fixture
2026-05-02,006,35,1,synthetic_fixture
2026-05-03,006,35,1,synthetic_fixture
2026-05-04,006,35,1,synthetic_fixture
2026-05-05,006,35,1,synthetic_fixture
2026-05-06,006,35,1,synthetic_fixture
2026-05-07,006,35,1,synthetic_fixture
2026-05-08,006,35,1,synthetic_fixture
2026-05-09,006,35,1,synthetic_fixture
2026-05-10,006,35,1,synthetic_fixture
2026-05-11,006,35,1,synthetic_fixture
2026-05-12,006,35,1,synthetic_fixture
2026-05-13,006,35,1,synthetic_fixture
2026-05-14,006,35,1,synthetic_fixture
2026-04-17,006,36,3,synthetic_fixture
2026-04-18,006,36,3,synthetic_fixture
2026-04-19,006,36,4,synthetic_fixture
2026-04-20,006,36,5,synthetic_fixture
2026-04-21,006,36,5,synthetic_fixture
2026-04-22,006,36,3,synthetic_fixture
2026-04-23,006,36,3,synthetic_fixture
2026-04-24,006,36,4,synthetic_fixture
2026-04-25,006,36,3,synthetic_fixture
2026-04-26,006,36,4,synthetic_fixture
2026-04-27,006,36,4,synthetic_fixture
2026-04-28,006,36,3,synthetic_fixture
2026-04-29,006,36,4,synthetic_fixture
2026-04-30,006,36,3,synthetic_fixture
2026-05-01,006,36,4,synthetic_fixture
2026-05-02,006,36,3,synthetic_fixture
2026-05-03,006,36,3,synthetic_fixture
2026-05-04,006,36,3,synthetic_fixture
2026-05-05,006,36,3,synthetic_fixture
2026-05-06,006,36,5,synthetic_fixture
2026-05-07,006,36,5,synthetic_fixture
2026-05-08,006,36,4,synthetic_fixture
2026-05-09,006,36,5,synthetic_fixture
2026-05-10,006,36,3,synthetic_fixture
2026-05-11,006,36,4,synthetic_fixture
2026-05-12,006,36,4,synthetic_fixture
2026-05-13,006,36,3,synthetic_fixture
2026-05-14,006,36,5,synthetic_fixture
2026-04-17,007,1,1,synthetic_fixture
2026-04-18,007,1,1,synthetic_fixture
2026-04-19,007,1,1,synthetic_fixture
2026-04-20,007,1,1,synthetic_fixture
2026-04-21,007,1,1,synthetic_fixture
2026-04-22,007,1,0,synthetic_fixture
2026-04-23,007,1,0,synthetic_fixture
2026-04-24,007,1,1,synthetic_fixture
2026-04-25,007,1,1,synthetic_fixture
2026-04-26,007,1,1,synthetic_fixture
2026-04-27,007,1,1,synthetic_fixture
2026-04-28,007,1,0,synthetic_fixture
2026-04-29,007,1,1,synthetic_fixture
2026-04-30,007,1,0,synthetic_fixture
2026-05-01,007,1,1,synthetic_fixture
2026-05-02,007,1,0,synthetic_fixture
2026-05-03,007,1,1,synthetic_fixture
2026-05-04,007,1,1,synthetic_fixture
2026-05-05,007,1,1,synthetic_fixture
2026-05-06,007,1,0,synthetic_fixture
2026-05-07,007,1,1,synthetic_fixture
2026-05-08,007,1,0,synthetic_fixture
2026-05-09,007,1,1,synthetic_fixture
2026-05-10,007,1,1,synthetic_fixture
2026-05-11,007,1,0,synthetic_fixture
2026-05-12,007,1,0,synthetic_fixture
2026-05-13,007,1,0,synthetic_fixture
2026-05-14,007,1,0,synthetic_fixture
2026-04-17,007,2,4,synthetic_fixture
2026-04-18,007,2,3,synthetic_fixture
2026-04-19,007,2,3,synthetic_fixture
2026-04-20,007,2,3,synthetic_fixture
2026-04-21,007,2,4,synthetic_fixture
2026-04-22,007,2,3,synthetic_fixture
2026-04-23,007,2,4,synthetic_fixture
2026-04-24,007,2,5,synthetic_fixture
2026-04-25,007,2,4,synthetic_fixture
2026-04-26,007,2,5,synthetic_fixture
2026-04-27,007,2,3,synthetic_fixture
2026-04-28,007,2,4,synthetic_fixture
2026-04-29,007,2,4,synthetic_fixture
2026-04-30,007,2,4,synthetic_fixture
2026-05-01,007,2,5,synthetic_fixture
2026-05-02,007,2,5,synthetic_fixture
2026-05-03,007,2,3,synthetic_fixture
2026-05-04,007,2,5,synthetic_fixture
2026-05-05,007,2,3,synthetic_fixture
2026-05-06,007,2,3,synthetic_fixture
2026-05-07,007,2,5,synthetic_fixture
2026-05-08,007,2,3,synthetic_fixture
2026-05-09,007,2,4,synthetic_fixture
2026-05-10,007,2,4,synthetic_fixture
2026-05-11,007,2,4,synthetic_fixture
2026-05-12,007,2,4,synthetic_fixture
2026-05-13,007,2,5,synthetic_fixture
2026-05-14,007,2,5,synthetic_fixture
2026-04-17,007,3,2,synthetic_fixture
2026-04-18,007,3,2,synthetic_fixture
2026-04-19,007,3,2,synthetic_fixture
2026-04-20,007,3,2,synthetic_fixture
2026-04-21,007,3,1,synthetic_fixture
2026-04-22,007,3,2,synthetic_fixture
2026-04-23,007,3,3,synthetic_fixture
2026-04-24,007,3,1,synthetic_fixture
2026-04-25,007,3,3,synthetic_fixture
2026-04-26,007,3,2,synthetic_fixture
2026-04-27,007,3,2,synthetic_fixture
2026-04-28,007,3,2,synthetic_fixture
2026-04-29,007,3,2,synthetic_fixture
2026-04-30,007,3,1,synthetic_fixture
2026-05-01,007,3,2,synthetic_fixture
2026-05-02,007,3,3,synthetic_fixture
2026-05-03,007,3,1,synthetic_fixture
2026-05-04,007,3,3,synthetic_fixture
2026-05-05,007,3,2,synthetic_fixture
2026-05-06,007,3,2,synthetic_fixture
2026-05-07,007,3,2,synthetic_fixture
2026-05-08,007,3,2,synthetic_fixture
2026-05-09,007,3,2,synthetic_fixture
2026-05-10,007,3,2,synthetic_fixture
2026-05-11,007,3,2,synthetic_fixture
2026-05-12,007,3,3,synthetic_fixture
2026-05-13,007,3,1,synthetic_fixture
2026-05-14,007,3,2,synthetic_fixture
2026-04-17,007,4,4,synthetic_fixture
2026-04-18,007,4,5,synthetic_fixture
2026-04-19,007,4,6,synthetic_fixture
2026-04-20,007,4,7,synthetic_fixture
2026-04-21,007,4,5,synthetic_fixture
2026-04-22,007,4,5,synthetic_fixture
2026-04-23,007,4,4,synthetic_fixture
2026-04-24,007,4,7,synthetic_fixture
2026-04-25,007,4,6,synthetic_fixture
2026-04-26,007,4,6,synthetic_fixture
2026-04-27,007,4,5,synthetic_fixture
2026-04-28,007,4,4,synthetic_fixture
2026-04-29,007,4,4,synthetic_fixture
2026-04-30,007,4,5,synthetic_fixture
2026-05-01,007,4,5,synthetic_fixture
2026-05-02,007,4,6,synthetic_fixture
2026-05-03,007,4,4,synthetic_fixture
2026-05-04,007,4,5,synthetic_fixture
2026-05-05,007,4,6,synthetic_fixture
2026-05-06,007,4,4,synthetic_fixture
2026-05-07,007,4,5,synthetic_fixture
2026-05-08,007,4,4,synthetic_fixture
2026-05-09,007,4,4,synthetic_fixture
2026-05-10,007,4,4,synthetic_fixture
2026-05-11,007,4,5,synthetic_fixture
2026-05-12,007,4,4,synthetic_fixture
2026-05-13,007,4,6,synthetic_fixture
2026-05-14,007,4,6,synthetic_fixture
2026-04-17,007,5,4,synthetic_fixture
2026-04-18,007,5,2,synthetic_fixture
2026-04-19,007,5,3,synthetic_fixture
2026-04-20,007,5,4,synthetic_fixture
2026-04-21,007,5,4,synthetic_fixture
2026-04-22,007,5,3,synthetic_fixture
2026-04-23,007,5,2,synthetic_fixture
2026-04-24,007,5,3,synthetic_fixture
2026-04-25,007,5,4,synthetic_fixture
2026-04-26,007,5,2,synthetic_fixture
2026-04-27,007,5,2,synthetic_fixture
2026-04-28,007,5,3,synthetic_fixture
2026-04-29,007,5,4,synthetic_fixture
2026-04-30,007,5,4,synthetic_fixture
2026-05-01,007,5,2,synthetic_fixture
2026-05-02,007,5,3,synthetic_fixture
2026-05-03,007,5,2,synthetic_fixture
2026-05-04,007,5,3,synthetic_fixture
2026-05-05,007,5,2,synthetic_fixture
2026-05-06,007,5,4,synthetic_fixture
2026-05-07,007,5,4,synthetic_fixture
2026-05-08,007,5,2,synthetic_fixture
2026-05-09,007,5,3,synthetic_fixture
2026-05-10,007,5,3,synthetic_fixture
2026-05-11,007,5,3,synthetic_fixture
2026-05-12,007,5,2,synthetic_fixture
2026-05-13,007,5,3,synthetic_fixture
2026-05-14,007,5,4,synthetic_fixture
2026-04-17,007,6,1,synthetic_fixture
2026-04-18,007,6,1,synthetic_fixture
2026-04-19,007,6,1,synthetic_fixture
2026-04-20,007,6,1,synthetic_fixture
2026-04-21,007,6,1,synthetic_fixture
2026-04-22,007,6,1,synthetic_fixture
2026-04-23,007,6,1,synthetic_fixture
2026-04-24,007,6,1,synthetic_fixture
2026-04-25,007,6,0,synthetic_fixture
2026-04-26,007,6,1,synthetic_fixture
2026-04-27,007,6,1,synthetic_fixture
2026-04-28,007,6,1,synthetic_fixture
2026-04-29,007,6,1,synthetic_fixture
2026-04-30,007,6,1,synthetic_fixture
2026-05-01,007,6,1,synthetic_fixture
2026-05-02,007,6,1,synthetic_fixture
2026-05-03,007,6,1,synthetic_fixture
2026-05-04,007,6,1,synthetic_fixture
2026-05-05,007,6,1,synthetic_fixture
2026-05-06,007,6,1,synthetic_fixture
2026-05-07,007,6,1,synthetic_fixture
2026-05-08,007,6,1,synthetic_fixture
2026-05-09,007,6,1,synthetic_fixture
2026-05-10,007,6,0,synthetic_fixture
2026-05-11,007,6,1,synthetic_fixture
2026-05-12,007,6,1,synthetic_fixture
2026-05-13,007,6,1,synthetic_fixture
2026-05-14,007,6,1,synthetic_fixture
2026-04-17,007,7,5,synthetic_fixture
2026-04-18,007,7,6,synthetic_fixture
2026-04-19,007,7,4,synthetic_fixture
2026-04-20,007,7,5,synthetic_fixture
2026-04-21,007,7,6,synthetic_fixture
2026-04-22,007,7,5,synthetic_fixture
2026-04-23,007,7,5,synthetic_fixture
2026-04-24,007,7,3,synthetic_fixture
2026-04-25,007,7,5,synthetic_fixture
2026-04-26,007,7,4,synthetic_fixture
2026-04-27,007,7,4,synthetic_fixture
2026-04-28,007,7,5,synthetic_fixture
2026-04-29,007,7,5,synthetic_fixture
2026-04-30,007,7,6,synthetic_fixture
2026-05-01,007,7,6,synthetic_fixture
2026-05-02,007,7,6,synthetic_fixture
2026-05-03,007,7,4,synthetic_fixture
2026-05-04,007,7,4,synthetic_fixture
2026-05-05,007,7,3,synthetic_fixture
2026-05-06,007,7,6,synthetic_fixture
2026-05-07,007,7,5,synthetic_fixture
2026-05-08,007,7,5,synthetic_fixture
2026-05-09,007,7,3,synthetic_fixture
2026-05-10,007,7,4,synthetic_fixture
2026-05-11,007,7,3,synthetic_fixture
2026-05-12,007,7,6,synthetic_fixture
2026-05-13,007,7,3,synthetic_fixture
2026-05-14,007,7,5,synthetic_fixture
2026-04-17,007,8,4,synthetic_fixture
2026-04-18,007,8,4,synthetic_fixture
2026-04-19,007,8,4,synthetic_fixture
2026-04-20,007,8,5,synthetic_fixture
2026-04-21,007,8,4,synthetic_fixture
2026-04-22,007,8,6,synthetic_fixture
2026-04-23,007,8,5,synthetic_fixture
2026-04-24,007,8,4,synthetic_fixture
2026-04-25,007,8,5,synthetic_fixture
2026-04-26,007,8,4,synthetic_fixture
2026-04-27,007,8,5,synthetic_fixture
2026-04-28,007,8,4,synthetic_fixture
2026-04-29,007,8,4,synthetic_fixture
2026-04-30,007,8,4,synthetic_fixture
2026-05-01,007,8,6,synthetic_fixture
2026-05-02,007,8,4,synthetic_fixture
2026-05-03,007,8,7,synthetic_fixture
2026-05-04,007,8,4,synthetic_fixture
2026-05-05,007,8,4,synthetic_fixture
2026-05-06,007,8,5,synthetic_fixture
2026-05-07,007,8,4,synthetic_fixture
2026-05-08,007,8,4,synthetic_fixture
2026-05-09,007,8,5,synthetic_fixture
2026-05-10,007,8,6,synthetic_fixture
2026-05-11,007,8,5,synthetic_fixture
2026-05-12,007,8,4,synthetic_fixture
2026-05-13,007,8,6,synthetic_fixture
2026-05-14,007,8,4,synthetic_fixture
2026-04-17,007,9,3,synthetic_fixture
2026-04-18,007,9,2,synthetic_fixture
2026-04-19,007,9,2,synthetic_fixture
2026-04-20,007,9,2,synthetic_fixture
2026-04-21,007,9,3,synthetic_fixture
2026-04-22,007,9,3,synthetic_fixture
2026-04-23,007,9,3,synthetic_fixture
2026-04-24,007,9,2,synthetic_fixture
2026-04-25,007,9,2,synthetic_fixture
2026-04-26,007,9,3,synthetic_fixture
2026-04-27,007,9,3,synthetic_fixture
2026-04-28,007,9,2,synthetic_fixture
2026-04-29,007,9,3,synthetic_fixture
2026-04-30,007,9,3,synthetic_fixture
2026-05-01,007,9,2,synthetic_fixture
2026-05-02,007,9,3,synthetic_fixture
2026-05-03,007,9,3,synthetic_fixture
2026-05-04,007,9,3,synthetic_fixture
2026-05-05,007,9,2,synthetic_fixture
2026-05-06,007,9,3,synthetic_fixture
2026-05-07,007,9,2,synthetic_fixture
2026-05-08,007,9,2,synthetic_fixture
2026-05-09,007,9,2,synthetic_fixture
2026-05-10,007,9,2,synthetic_fixture
2026-05-11,007,9,3,synthetic_fixture
2026-05-12,007,9,3,synthetic_fixture
2026-05-13,007,9,2,synthetic_fixture
2026-05-14,007,9,3,synthetic_fixture
2026-04-17,007,10,5,synthetic_fixture
2026-04-18,007,10,5,synthetic_fixture
2026-04-19,007,10,3,synthetic_fixture
2026-04-20,007,10,4,synthetic_fixture
2026-04-21,007,10,3,synthetic_fixture
2026-04-22,007,10,3,synthetic_fixture
2026-04-23,007,10,3,synthetic_fixture
2026-04-24,007,10,5,synthetic_fixture
2026-04-25,007,10,4,synthetic_fixture
2026-04-26,007,10,5,synthetic_fixture
2026-04-27,007,10,4,synthetic_fixture
2026-04-28,007,10,4,synthetic_fixture
2026-04-29,007,10,3,synthetic_fixture
2026-04-30,007,10,5,synthetic_fixture
2026-05-01,007,10,5,synthetic_fixture
2026-05-02,007,10,5,synthetic_fixture
2026-05-03,007,10,4,synthetic_fixture
2026-05-04,007,10,4,synthetic_fixture
2026-05-05,007,10,4,synthetic_fixture
2026-05-06,007,10,4,synthetic_fixture
2026-05-07,007,10,4,synthetic_fixture
2026-05-08,007,10,4,synthetic_fixture
2026-05-09,007,10,4,synthetic_fixture
2026-05-10,007,10,5,synthetic_fixture
2026-05-11,007,10,4,synthetic_fixture
2026-05-12,007,10,3,synthetic_fixture
2026-05-13,007,10,3,synthetic_fixture
2026-05-14,007,10,3,synthetic_fixture
2026-04-17,007,11,1,synthetic_fixture
2026-04-18,007,11,1,synthetic_fixture
2026-04-19,007,11,1,synthetic_fixture
2026-04-20,007,11,1,synthetic_fixture
2026-04-21,007,11,1,synthetic_fixture
2026-04-22,007,11,1,synthetic_fixture
2026-04-23,007,11,1,synthetic_fixture
2026-04-24,007,11,1,synthetic_fixture
2026-04-25,007,11,1,synthetic_fixture
2026-04-26,007,11,1,synthetic_fixture
2026-04-27,007,11,1,synthetic_fixture
2026-04-28,007,11,1,synthetic_fixture
2026-04-29,007,11,1,synthetic_fixture
2026-04-30,007,11,1,synthetic_fixture
2026-05-01,007,11,1,synthetic_fixture
2026-05-02,007,11,1,synthetic_fixture
2026-05-03,007,11,1,synthetic_fixture
2026-05-04,007,11,1,synthetic_fixture
2026-05-05,007,11,1,synthetic_fixture
2026-05-06,007,11,0,synthetic_fixture
2026-05-07,007,11,1,synthetic_fixture
2026-05-08,007,11,1,synthetic_fixture
2026-05-09,007,11,1,synthetic_fixture
2026-05-10,007,11,1,synthetic_fixture
2026-05-11,007,11,1,synthetic_fixture
2026-05-12,007,11,1,synthetic_fixture
2026-05-13,007,11,1,synthetic_fixture
2026-05-14,007,11,1,synthetic_fixture
2026-04-17,007,12,3,synthetic_fixture
2026-04-18,007,12,4,synthetic_fixture
2026-04-19,007,12,3,synthetic_fixture
2026-04-20,007,12,2,synthetic_fixture
2026-04-21,007,12,3,synthetic_fixture
2026-04-22,007,12,4,synthetic_fixture
2026-04-23,007,12,3,synthetic_fixture
2026-04-24,007,12,3,synthetic_fixture
2026-04-25,007,12,4,synthetic_fixture
2026-04-26,007,12,3,synthetic_fixture
2026-04-27,007,12,3,synthetic_fixture
2026-04-28,007,12,3,synthetic_fixture
2026-04-29,007,12,2,synthetic_fixture
2026-04-30,007,12,3,synthetic_fixture
2026-05-01,007,12,2,synthetic_fixture
2026-05-02,007,12,3,synthetic_fixture
2026-05-03,007,12,2,synthetic_fixture
2026-05-04,007,12,2,synthetic_fixture
2026-05-05,007,12,4,synthetic_fixture
2026-05-06,007,12,3,synthetic_fixture
2026-05-07,007,12,3,synthetic_fixture
2026-05-08,007,12,2,synthetic_fixture
2026-05-09,007,12,2,synthetic_fixture
2026-05-10,007,12,3,synthetic_fixture
2026-05-11,007,12,3,synthetic_fixture
2026-05-12,007,12,2,synthetic_fixture
2026-05-13,007,12,3,synthetic_fixture
2026-05-14,007,12,2,synthetic_fixture
2026-04-17,007,13,2,synthetic_fixture
2026-04-18,007,13,2,synthetic_fixture
2026-04-19,007,13,2,synthetic_fixture
2026-04-20,007,13,2,synthetic_fixture
2026-04-21,007,13,3,synthetic_fixture
2026-04-22,007,13,2,synthetic_fixture
2026-04-23,007,13,2,synthetic_fixture
2026-04-24,007,13,2,synthetic_fixture
2026-04-25,007,13,2,synthetic_fixture
2026-04-26,007,13,2,synthetic_fixture
2026-04-27,007,13,2,synthetic_fixture
2026-04-28,007,13,1,synthetic_fixture
2026-04-29,007,13,3,synthetic_fixture
2026-04-30,007,13,2,synthetic_fixture
2026-05-01,007,13,2,synthetic_fixture
2026-05-02,007,13,3,synthetic_fixture
2026-05-03,007,13,2,synthetic_fixture
2026-05-04,007,13,2,synthetic_fixture
2026-05-05,007,13,1,synthetic_fixture
2026-05-06,007,13,2,synthetic_fixture
2026-05-07,007,13,2,synthetic_fixture
2026-05-08,007,13,3,synthetic_fixture
2026-05-09,007,13,3,synthetic_fixture
2026-05-10,007,13,2,synthetic_fixture
2026-05-11,007,13,2,synthetic_fixture
2026-05-12,007,13,3,synthetic_fixture
2026-05-13,007,13,2,synthetic_fixture
2026-05-14,007,13,2,synthetic_fixture
2026-04-17,007,14,3,synthetic_fixture
2026-04-18,007,14,3,synthetic_fixture
2026-04-19,007,14,4,synthetic_fixture
2026-04-20,007,14,5,synthetic_fixture
2026-04-21,007,14,3,synthetic_fixture
2026-04-22,007,14,3,synthetic_fixture
2026-04-23,007,14,5,synthetic_fixture
2026-04-24,007,14,5,synthetic_fixture
2026-04-25,007,14,3,synthetic_fixture
2026-04-26,007,14,3,synthetic_fixture
2026-04-27,007,14,3,synthetic_fixture
2026-04-28,007,14,3,synthetic_fixture
2026-04-29,007,14,3,synthetic_fixture
2026-04-30,007,14,4,synthetic_fixture
2026-05-01,007,14,3,synthetic_fixture
2026-05-02,007,14,3,synthetic_fixture
2026-05-03,007,14,4,synthetic_fixture
2026-05-04,007,14,3,synthetic_fixture
2026-05-05,007,14,5,synthetic_fixture
2026-05-06,007,14,3,synthetic_fixture
2026-05-07,007,14,3,synthetic_fixture
2026-05-08,007,14,3,synthetic_fixture
2026-05-09,007,14,3,synthetic_fixture
2026-05-10,007,14,3,synthetic_fixture
2026-05-11,007,14,5,synthetic_fixture
2026-05-12,007,14,5,synthetic_fixture
2026-05-13,007,14,5,synthetic_fixture
2026-05-14,007,14,5,synthetic_fixture
2026-04-17,007,15,1,synthetic_fixture
2026-04-18,007,15,2,synthetic_fixture
2026-04-19,007,15,1,synthetic_fixture
2026-04-20,007,15,1,synthetic_fixture
2026-04-21,007,15,2,synthetic_fixture
2026-04-22,007,15,1,synthetic_fixture
2026-04-23,007,15,1,synthetic_fixture
2026-04-24,007,15,1,synthetic_fixture
2026-04-25,007,15,1,synthetic_fixture
2026-04-26,007,15,1,synthetic_fixture
2026-04-27,007,15,1,synthetic_fixture
2026-04-28,007,15,1,synthetic_fixture
2026-04-29,007,15,1,synthetic_fixture
2026-04-30,007,15,1,synthetic_fixture
2026-05-01,007,15,1,synthetic_fixture
2026-05-02,007,15,1,synthetic_fixture
2026-05-03,007,15,2,synthetic_fixture
2026-05-04,007,15,1,synthetic_fixture
2026-05-05,007,15,1,synthetic_fixture
2026-05-06,007,15,1,synthetic_fixture
2026-05-07,007,15,1,synthetic_fixture
2026-05-08,007,15,2,synthetic_fixture
2026-05-09,007,15,1,synthetic_fixture
2026-05-10,007,15,1,synthetic_fixture
2026-05-11,007,15,1,synthetic_fixture
2026-05-12,007,15,1,synthetic_fixture
2026-05-13,007,15,1,synthetic_fixture
2026-05-14,007,15,1,synthetic_fixture
2026-04-17,007,16,6,synthetic_fixture
2026-04-18,007,16,4,synthetic_fixture
2026-04-19,007,16,6,synthetic_fixture
2026-04-20,007,16,4,synthetic_fixture
2026-04-21,007,16,4,synthetic_fixture
2026-04-22,007,16,4,synthetic_fixture
2026-04-23,007,16,3,synthetic_fixture
2026-04-24,007,16,4,synthetic_fixture
2026-04-25,007,16,6,synthetic_fixture
2026-04-26,007,16,6,synthetic_fixture
2026-04-27,007,16,5,synthetic_fixture
2026-04-28,007,16,6,synthetic_fixture
2026-04-29,007,16,5,synthetic_fixture
2026-04-30,007,16,6,synthetic_fixture
2026-05-01,007,16,5,synthetic_fixture
2026-05-02,007,16,4,synthetic_fixture
2026-05-03,007,16,5,synthetic_fixture
2026-05-04,007,16,4,synthetic_fixture
2026-05-05,007,16,4,synthetic_fixture
2026-05-06,007,16,7,synthetic_fixture
2026-05-07,007,16,6,synthetic_fixture
2026-05-08,007,16,5,synthetic_fixture
2026-05-09,007,16,6,synthetic_fixture
2026-05-10,007,16,4,synthetic_fixture
2026-05-11,007,16,4,synthetic_fixture
2026-05-12,007,16,6,synthetic_fixture
2026-05-13,007,16,7,synthetic_fixture
2026-05-14,007,16,6,synthetic_fixture
2026-04-17,007,17,4,synthetic_fixture
2026-04-18,007,17,5,synthetic_fixture
2026-04-19,007,17,4,synthetic_fixture
2026-04-20,007,17,4,synthetic_fixture
2026-04-21,007,17,5,synthetic_fixture
2026-04-22,007,17,4,synthetic_fixture
2026-04-23,007,17,4,synthetic_fixture
2026-04-24,007,17,5,synthetic_fixture
2026-04-25,007,17,4,synthetic_fixture
2026-04-26,007,17,3,synthetic_fixture
2026-04-27,007,17,4,synthetic_fixture
2026-04-28,007,17,3,synthetic_fixture
2026-04-29,007,17,3,synthetic_fixture
2026-04-30,007,17,4,synthetic_fixture
2026-05-01,007,17,5,synthetic_fixture
2026-05-02,007,17,5,synthetic_fixture
2026-05-03,007,17,4,synthetic_fixture
2026-05-04,007,17,5,synthetic_fixture
2026-05-05,007,17,3,synthetic_fixture
2026-05-06,007,17,3,synthetic_fixture
2026-05-07,007,17,5,synthetic_fixture
2026-05-08,007,17,5,synthetic_fixture
2026-05-09,007,17,5,synthetic_fixture
2026-05-10,007,17,3,synthetic_fixture
2026-05-11,007,17,3,synthetic_fixture
2026-05-12,007,17,5,synthetic_fixture
2026-05-13,007,17,3,synthetic_fixture
2026-05-14,007,17,4,synthetic_fixture
2026-04-17,007,18,3,synthetic_fixture
2026-04-18,007,18,2,synthetic_fixture
2026-04-19,007,18,3,synthetic_fixture
2026-04-20,007,18,3,synthetic_fixture
2026-04-21,007,18,2,synthetic_fixture
2026-04-22,007,18,2,synthetic_fixture
2026-04-23,007,18,2,synthetic_fixture
2026-04-24,007,18,2,synthetic_fixture
2026-04-25,007,18,3,synthetic_fixture
2026-04-26,007,18,2,synthetic_fixture
2026-04-27,007,18,2,synthetic_fixture
2026-04-28,007,18,3,synthetic_fixture
2026-04-29,007,18,3,synthetic_fixture
2026-04-30,007,18,2,synthetic_fixture
2026-05-01,007,18,2,synthetic_fixture
2026-05-02,007,18,3,synthetic_fixture
2026-05-03,007,18,2,synthetic_fixture
2026-05-04,007,18,2,synthetic_fixture
2026-05-05,007,18,3,synthetic_fixture
2026-05-06,007,18,2,synthetic_fixture
2026-05-07,007,18,2,synthetic_fixture
2026-05-08,007,18,4,synthetic_fixture
2026-05-09,007,18,2,synthetic_fixture
2026-05-10,007,18,2,synthetic_fixture
2026-05-11,007,18,3,synthetic_fixture
2026-05-12,007,18,3,synthetic_fixture
2026-05-13,007,18,2,synthetic_fixture
2026-05-14,007,18,2,synthetic_fixture
2026-04-17,007,19,2,synthetic_fixture
2026-04-18,007,19,1,synthetic_fixture
2026-04-19,007,19,2,synthetic_fixture
2026-04-20,007,19,2,synthetic_fixture
2026-04-21,007,19,2,synthetic_fixture
2026-04-22,007,19,1,synthetic_fixture
2026-04-23,007,19,2,synthetic_fixture
2026-04-24,007,19,2,synthetic_fixture
2026-04-25,007,19,2,synthetic_fixture
2026-04-26,007,19,2,synthetic_fixture
2026-04-27,007,19,2,synthetic_fixture
2026-04-28,007,19,2,synthetic_fixture
2026-04-29,007,19,2,synthetic_fixture
2026-04-30,007,19,2,synthetic_fixture
2026-05-01,007,19,2,synthetic_fixture
2026-05-02,007,19,2,synthetic_fixture
2026-05-03,007,19,2,synthetic_fixture
2026-05-04,007,19,2,synthetic_fixture
2026-05-05,007,19,2,synthetic_fixture
2026-05-06,007,19,1,synthetic_fixture
2026-05-07,007,19,2,synthetic_fixture
2026-05-08,007,19,2,synthetic_fixture
2026-05-09,007,19,2,synthetic_fixture
2026-05-10,007,19,2,synthetic_fixture
2026-05-11,007,19,1,synthetic_fixture
2026-05-12,007,19,2,synthetic_fixture
2026-05-13,007,19,1,synthetic_fixture
2026-05-14,007,19,2,synthetic_fixture
2026-04-17,007,20,2,synthetic_fixture
2026-04-18,007,20,3,synthetic_fixture
2026-04-19,007,20,4,synthetic_fixture
2026-04-20,007,20,4,synthetic_fixture
2026-04-21,007,20,3,synthetic_fixture
2026-04-22,007,20,2,synthetic_fixture
2026-04-23,007,20,3,synthetic_fixture
2026-04-24,007,20,2,synthetic_fixture
2026-04-25,007,20,3,synthetic_fixture
2026-04-26,007,20,4,synthetic_fixture
2026-04-27,007,20,3,synthetic_fixture
2026-04-28,007,20,3,synthetic_fixture
2026-04-29,007,20,3,synthetic_fixture
2026-04-30,007,20,4,synthetic_fixture
2026-05-01,007,20,2,synthetic_fixture
2026-05-02,007,20,4,synthetic_fixture
2026-05-03,007,20,2,synthetic_fixture
2026-05-04,007,20,3,synthetic_fixture
2026-05-05,007,20,2,synthetic_fixture
2026-05-06,007,20,3,synthetic_fixture
2026-05-07,007,20,3,synthetic_fixture
2026-05-08,007,20,2,synthetic_fixture
2026-05-09,007,20,2,synthetic_fixture
2026-05-10,007,20,4,synthetic_fixture
2026-05-11,007,20,3,synthetic_fixture
2026-05-12,007,20,2,synthetic_fixture
2026-05-13,007,20,3,synthetic_fixture
2026-05-14,007,20,2,synthetic_fixture
2026-04-17,007,21,3,synthetic_fixture
2026-04-18,007,21,4,synthetic_fixture
2026-04-19,007,21,4,synthetic_fixture
2026-04-20,007,21,4,synthetic_fixture
2026-04-21,007,21,3,synthetic_fixture
2026-04-22,007,21,3,synthetic_fixture
2026-04-23,007,21,3,synthetic_fixture
2026-04-24,007,21,3,synthetic_fixture
2026-04-25,007,21,5,synthetic_fixture
2026-04-26,007,21,4,synthetic_fixture
2026-04-27,007,21,5,synthetic_fixture
2026-04-28,007,21,4,synthetic_fixture
2026-04-29,007,21,4,synthetic_fixture
2026-04-30,007,21,4,synthetic_fixture
2026-05-01,007,21,4,synthetic_fixture
2026-05-02,007,21,3,synthetic_fixture
2026-05-03,007,21,4,synthetic_fixture
2026-05-04,007,21,2,synthetic_fixture
2026-05-05,007,21,4,synthetic_fixture
2026-05-06,007,21,4,synthetic_fixture
2026-05-07,007,21,4,synthetic_fixture
2026-05-08,007,21,5,synthetic_fixture
2026-05-09,007,21,3,synthetic_fixture
2026-05-10,007,21,2,synthetic_fixture
2026-05-11,007,21,3,synthetic_fixture
2026-05-12,007,21,4,synthetic_fixture
2026-05-13,007,21,2,synthetic_fixture
2026-05-14,007,21,4,synthetic_fixture
2026-04-17,007,22,2,synthetic_fixture
2026-04-18,007,22,1,synthetic_fixture
2026-04-19,007,22,1,synthetic_fixture
2026-04-20,007,22,1,synthetic_fixture
2026-04-21,007,22,2,synthetic_fixture
2026-04-22,007,22,1,synthetic_fixture
2026-04-23,007,22,2,synthetic_fixture
2026-04-24,007,22,1,synthetic_fixture
2026-04-25,007,22,2,synthetic_fixture
2026-04-26,007,22,1,synthetic_fixture
2026-04-27,007,22,2,synthetic_fixture
2026-04-28,007,22,1,synthetic_fixture
2026-04-29,007,22,2,synthetic_fixture
2026-04-30,007,22,2,synthetic_fixture
2026-05-01,007,22,1,synthetic_fixture
2026-05-02,007,22,2,synthetic_fixture
2026-05-03,007,22,2,synthetic_fixture
2026-05-04,007,22,2,synthetic_fixture
2026-05-05,007,22,2,synthetic_fixture
2026-05-06,007,22,1,synthetic_fixture
2026-05-07,007,22,2,synthetic_fixture
2026-05-08,007,22,2,synthetic_fixture
2026-05-09,007,22,1,synthetic_fixture
2026-05-10,007,22,2,synthetic_fixture
2026-05-11,007,22,2,synthetic_fixture
2026-05-12,007,22,2,synthetic_fixture
2026-05-13,007,22,2,synthetic_fixture
2026-05-14,007,22,1,synthetic_fixture
2026-04-17,007,23,2,synthetic_fixture
2026-04-18,007,23,1,synthetic_fixture
2026-04-19,007,23,3,synthetic_fixture
2026-04-20,007,23,2,synthetic_fixture
2026-04-21,007,23,3,synthetic_fixture
2026-04-22,007,23,2,synthetic_fixture
2026-04-23,007,23,3,synthetic_fixture
2026-04-24,007,23,3,synthetic_fixture
2026-04-25,007,23,3,synthetic_fixture
2026-04-26,007,23,2,synthetic_fixture
2026-04-27,007,23,3,synthetic_fixture
2026-04-28,007,23,2,synthetic_fixture
2026-04-29,007,23,3,synthetic_fixture
2026-04-30,007,23,2,synthetic_fixture
2026-05-01,007,23,2,synthetic_fixture
2026-05-02,007,23,2,synthetic_fixture
2026-05-03,007,23,2,synthetic_fixture
2026-05-04,007,23,2,synthetic_fixture
2026-05-05,007,23,3,synthetic_fixture
2026-05-06,007,23,2,synthetic_fixture
2026-05-07,007,23,1,synthetic_fixture
2026-05-08,007,23,2,synthetic_fixture
2026-05-09,007,23,2,synthetic_fixture
2026-05-10,007,23,2,synthetic_fixture
2026-05-11,007,23,2,synthetic_fixture
2026-05-12,007,23,2,synthetic_fixture
2026-05-13,007,23,1,synthetic_fixture
2026-05-14,007,23,2,synthetic_fixture
2026-04-17,007,24,0,synthetic_fixture
2026-04-18,007,24,0,synthetic_fixture
2026-04-19,007,24,0,synthetic_fixture
2026-04-20,007,24,1,synthetic_fixture
2026-04-21,007,24,1,synthetic_fixture
2026-04-22,007,24,0,synthetic_fixture
2026-04-23,007,24,1,synthetic_fixture
2026-04-24,007,24,1,synthetic_fixture
2026-04-25,007,24,1,synthetic_fixture
2026-04-26,007,24,1,synthetic_fixture
2026-04-27,007,24,0,synthetic_fixture
2026-04-28,007,24,0,synthetic_fixture
2026-04-29,007,24,0,synthetic_fixture
2026-04-30,007,24,1,synthetic_fixture
2026-05-01,007,24,0,synthetic_fixture
2026-05-02,007,24,0,synthetic_fixture
2026-05-03,007,24,1,synthetic_fixture
2026-05-04,007,24,1,synthetic_fixture
2026-05-05,007,24,1,synthetic_fixture
2026-05-06,007,24,0,synthetic_fixture
2026-05-07,007,24,1,synthetic_fixture
2026-05-08,007,24,0,synthetic_fixture
2026-05-09,007,24,0,synthetic_fixture
2026-05-10,007,24,0,synthetic_fixture
2026-05-11,007,24,1,synthetic_fixture
2026-05-12,007,24,0,synthetic_fixture
2026-05-13,007,24,1,synthetic_fixture
2026-05-14,007,24,1,synthetic_fixture
2026-04-17,007,25,2,synthetic_fixture
2026-04-18,007,25,3,synthetic_fixture
2026-04-19,007,25,2,synthetic_fixture
2026-04-20,007,25,2,synthetic_fixture
2026-04-21,007,25,2,synthetic_fixture
2026-04-22,007,25,2,synthetic_fixture
2026-04-23,007,25,3,synthetic_fixture
2026-04-24,007,25,2,synthetic_fixture
2026-04-25,007,25,2,synthetic_fixture
2026-04-26,007,25,3,synthetic_fixture
2026-04-27,007,25,2,synthetic_fixture
2026-04-28,007,25,2,synthetic_fixture
2026-04-29,007,25,3,synthetic_fixture
2026-04-30,007,25,1,synthetic_fixture
2026-05-01,007,25,3,synthetic_fixture
2026-05-02,007,25,2,synthetic_fixture
2026-05-03,007,25,2,synthetic_fixture
2026-05-04,007,25,2,synthetic_fixture
2026-05-05,007,25,2,synthetic_fixture
2026-05-06,007,25,2,synthetic_fixture
2026-05-07,007,25,3,synthetic_fixture
2026-05-08,007,25,3,synthetic_fixture
2026-05-09,007,25,2,synthetic_fixture
2026-05-10,007,25,2,synthetic_fixture
2026-05-11,007,25,2,synthetic_fixture
2026-05-12,007,25,2,synthetic_fixture
2026-05-13,007,25,2,synthetic_fixture
2026-05-14,007,25,3,synthetic_fixture
2026-04-17,007,26,4,synthetic_fixture
2026-04-18,007,26,3,synthetic_fixture
2026-04-19,007,26,3,synthetic_fixture
2026-04-20,007,26,3,synthetic_fixture
2026-04-21,007,26,3,synthetic_fixture
2026-04-22,007,26,3,synthetic_fixture
2026-04-23,007,26,3,synthetic_fixture
2026-04-24,007,26,3,synthetic_fixture
2026-04-25,007,26,2,synthetic_fixture
2026-04-26,007,26,3,synthetic_fixture
2026-04-27,007,26,3,synthetic_fixture
2026-04-28,007,26,3,synthetic_fixture
2026-04-29,007,26,2,synthetic_fixture
2026-04-30,007,26,3,synthetic_fixture
2026-05-01,007,26,2,synthetic_fixture
2026-05-02,007,26,3,synthetic_fixture
2026-05-03,007,26,3,synthetic_fixture
2026-05-04,007,26,3,synthetic_fixture
2026-05-05,007,26,3,synthetic_fixture
2026-05-06,007,26,4,synthetic_fixture
2026-05-07,007,26,3,synthetic_fixture
2026-05-08,007,26,2,synthetic_fixture
2026-05-09,007,26,2,synthetic_fixture
2026-05-10,007,26,2,synthetic_fixture
2026-05-11,007,26,2,synthetic_fixture
2026-05-12,007,26,3,synthetic_fixture
2026-05-13,007,26,3,synthetic_fixture
2026-05-14,007,26,2,synthetic_fixture
2026-04-17,007,27,1,synthetic_fixture
2026-04-18,007,27,1,synthetic_fixture
2026-04-19,007,27,1,synthetic_fixture
2026-04-20,007,27,1,synthetic_fixture
2026-04-21,007,27,1,synthetic_fixture
2026-04-22,007,27,1,synthetic_fixture
2026-04-23,007,27,1,synthetic_fixture
2026-04-24,007,27,1,synthetic_fixture
2026-04-25,007,27,1,synthetic_fixture
2026-04-26,007,27,1,synthetic_fixture
2026-04-27,007,27,2,synthetic_fixture
2026-04-28,007,27,1,synthetic_fixture
2026-04-29,007,27,1,synthetic_fixture
2026-04-30,007,27,1,synthetic_fixture
2026-05-01,007,27,1,synthetic_fixture
2026-05-02,007,27,2,synthetic_fixture
2026-05-03,007,27,2,synthetic_fixture
2026-05-04,007,27,2,synthetic_fixture
2026-05-05,007,27,1,synthetic_fixture
2026-05-06,007,27,1,synthetic_fixture
2026-05-07,007,27,1,synthetic_fixture
2026-05-08,007,27,2,synthetic_fixture
2026-05-09,007,27,2,synthetic_fixture
2026-05-10,007,27,1,synthetic_fixture
2026-05-11,007,27,2,synthetic_fixture
2026-05-12,007,27,2,synthetic_fixture
2026-05-13,007,27,1,synthetic_fixture
2026-05-14,007,27,2,synthetic_fixture
2026-04-17,007,28,6,synthetic_fixture
2026-04-18,007,28,6,synthetic_fixture
2026-04-19,007,28,4,synthetic_fixture
2026-04-20,007,28,5,synthetic_fixture
2026-04-21,007,28,4,synthetic_fixture
2026-04-22,007,28,4,synthetic_fixture
2026-04-23,007,28,6,synthetic_fixture
2026-04-24,007,28,4,synthetic_fixture
2026-04-25,007,28,6,synthetic_fixture
2026-04-26,007,28,6,synthetic_fixture
2026-04-27,007,28,5,synthetic_fixture
2026-04-28,007,28,4,synthetic_fixture
2026-04-29,007,28,4,synthetic_fixture
2026-04-30,007,28,4,synthetic_fixture
2026-05-01,007,28,4,synthetic_fixture
2026-05-02,007,28,3,synthetic_fixture
2026-05-03,007,28,4,synthetic_fixture
2026-05-04,007,28,5,synthetic_fixture
2026-05-05,007,28,6,synthetic_fixture
2026-05-06,007,28,6,synthetic_fixture
2026-05-07,007,28,6,synthetic_fixture
2026-05-08,007,28,4,synthetic_fixture
2026-05-09,007,28,6,synthetic_fixture
2026-05-10,007,28,5,synthetic_fixture
2026-05-11,007,28,6,synthetic_fixture
2026-05-12,007,28,6,synthetic_fixture
2026-05-13,007,28,6,synthetic_fixture
2026-05-14,007,28,4,synthetic_fixture
2026-04-17,007,29,4,synthetic_fixture
2026-04-18,007,29,3,synthetic_fixture
2026-04-19,007,29,4,synthetic_fixture
2026-04-20,007,29,2,synthetic_fixture
2026-04-21,007,29,3,synthetic_fixture
2026-04-22,007,29,2,synthetic_fixture
2026-04-23,007,29,3,synthetic_fixture
2026-04-24,007,29,2,synthetic_fixture
2026-04-25,007,29,3,synthetic_fixture
2026-04-26,007,29,4,synthetic_fixture
2026-04-27,007,29,3,synthetic_fixture
2026-04-28,007,29,3,synthetic_fixture
2026-04-29,007,29,3,synthetic_fixture
2026-04-30,007,29,2,synthetic_fixture
2026-05-01,007,29,2,synthetic_fixture
2026-05-02,007,29,2,synthetic_fixture
2026-05-03,007,29,4,synthetic_fixture
2026-05-04,007,29,3,synthetic_fixture
2026-05-05,007,29,2,synthetic_fixture
2026-05-06,007,29,2,synthetic_fixture
2026-05-07,007,29,3,synthetic_fixture
2026-05-08,007,29,2,synthetic_fixture
2026-05-09,007,29,4,synthetic_fixture
2026-05-10,007,29,3,synthetic_fixture
2026-05-11,007,29,3,synthetic_fixture
2026-05-12,007,29,3,synthetic_fixture
2026-05-13,007,29,2,synthetic_fixture
2026-05-14,007,29,3,synthetic_fixture
2026-04-17,007,30,4,synthetic_fixture
2026-04-18,007,30,6,synthetic_fixture
2026-04-19,007,30,5,synthetic_fixture
2026-04-20,007,30,7,synthetic_fixture
2026-04-21,007,30,5,synthetic_fixture
2026-04-22,007,30,4,synthetic_fixture
2026-04-23,007,30,5,synthetic_fixture
2026-04-24,007,30,7,synthetic_fixture
2026-04-25,007,30,7,synthetic_fixture
2026-04-26,007,30,7,synthetic_fixture
2026-04-27,007,30,5,synthetic_fixture
2026-04-28,007,30,6,synthetic_fixture
2026-04-29,007,30,5,synthetic_fixture
2026-04-30,007,30,6,synthetic_fixture
2026-05-01,007,30,5,synthetic_fixture
2026-05-02,007,30,6,synthetic_fixture
2026-05-03,007,30,6,synthetic_fixture
2026-05-04,007,30,5,synthetic_fixture
2026-05-05,007,30,5,synthetic_fixture
2026-05-06,007,30,6,synthetic_fixture
2026-05-07,007,30,5,synthetic_fixture
2026-05-08,007,30,5,synthetic_fixture
2026-05-09,007,30,7,synthetic_fixture
2026-05-10,007,30,6,synthetic_fixture
2026-05-11,007,30,4,synthetic_fixture
2026-05-12,007,30,5,synthetic_fixture
2026-05-13,007,30,6,synthetic_fixture
2026-05-14,007,30,5,synthetic_fixture
2026-04-17,007,31,2,synthetic_fixture
2026-04-18,007,31,2,synthetic_fixture
2026-04-19,007,31,2,synthetic_fixture
2026-04-20,007,31,1,synthetic_fixture
2026-04-21,007,31,2,synthetic_fixture
2026-04-22,007,31,2,synthetic_fixture
2026-04-23,007,31,1,synthetic_fixture
2026-04-24,007,31,1,synthetic_fixture
2026-04-25,007,31,2,synthetic_fixture
2026-04-26,007,31,2,synthetic_fixture
2026-04-27,007,31,1,synthetic_fixture
2026-04-28,007,31,2,synthetic_fixture
2026-04-29,007,31,2,synthetic_fixture
2026-04-30,007,31,2,synthetic_fixture
2026-05-01,007,31,1,synthetic_fixture
2026-05-02,007,31,1,synthetic_fixture
2026-05-03,007,31,1,synthetic_fixture
2026-05-04,007,31,1,synthetic_fixture
2026-05-05,007,31,1,synthetic_fixture
2026-05-06,007,31,2,synthetic_fixture
2026-05-07,007,31,2,synthetic_fixture
2026-05-08,007,31,2,synthetic_fixture
2026-05-09,007,31,1,synthetic_fixture
2026-05-10,007,31,1,synthetic_fixture
2026-05-11,007,31,2,synthetic_fixture
2026-05-12,007,31,2,synthetic_fixture
2026-05-13,007,31,2,synthetic_fixture
2026-05-14,007,31,2,synthetic_fixture
2026-04-17,007,32,6,synthetic_fixture
2026-04-18,007,32,4,synthetic_fixture
2026-04-19,007,32,4,synthetic_fixture
2026-04-20,007,32,4,synthetic_fixture
2026-04-21,007,32,5,synthetic_fixture
2026-04-22,007,32,4,synthetic_fixture
2026-04-23,007,32,4,synthetic_fixture
2026-04-24,007,32,4,synthetic_fixture
2026-04-25,007,32,5,synthetic_fixture
2026-04-26,007,32,6,synthetic_fixture
2026-04-27,007,32,5,synthetic_fixture
2026-04-28,007,32,4,synthetic_fixture
2026-04-29,007,32,3,synthetic_fixture
2026-04-30,007,32,6,synthetic_fixture
2026-05-01,007,32,4,synthetic_fixture
2026-05-02,007,32,6,synthetic_fixture
2026-05-03,007,32,6,synthetic_fixture
2026-05-04,007,32,4,synthetic_fixture
2026-05-05,007,32,6,synthetic_fixture
2026-05-06,007,32,4,synthetic_fixture
2026-05-07,007,32,5,synthetic_fixture
2026-05-08,007,32,4,synthetic_fixture
2026-05-09,007,32,5,synthetic_fixture
2026-05-10,007,32,4,synthetic_fixture
2026-05-11,007,32,5,synthetic_fixture
2026-05-12,007,32,5,synthetic_fixture
2026-05-13,007,32,5,synthetic_fixture
2026-05-14,007,32,5,synthetic_fixture
2026-04-17,007,33,7,synthetic_fixture
2026-04-18,007,33,5,synthetic_fixture
2026-04-19,007,33,5,synthetic_fixture
2026-04-20,007,33,4,synthetic_fixture
2026-04-21,007,33,4,synthetic_fixture
2026-04-22,007,33,7,synthetic_fixture
2026-04-23,007,33,4,synthetic_fixture
2026-04-24,007,33,5,synthetic_fixture
2026-04-25,007,33,4,synthetic_fixture
2026-04-26,007,33,7,synthetic_fixture
2026-04-27,007,33,5,synthetic_fixture
2026-04-28,007,33,5,synthetic_fixture
2026-04-29,007,33,4,synthetic_fixture
2026-04-30,007,33,7,synthetic_fixture
2026-05-01,007,33,6,synthetic_fixture
2026-05-02,007,33,4,synthetic_fixture
2026-05-03,007,33,7,synthetic_fixture
2026-05-04,007,33,4,synthetic_fixture
2026-05-05,007,33,4,synthetic_fixture
2026-05-06,007,33,4,synthetic_fixture
2026-05-07,007,33,6,synthetic_fixture
2026-05-08,007,33,7,synthetic_fixture
2026-05-09,007,33,6,synthetic_fixture
2026-05-10,007,33,5,synthetic_fixture
2026-05-11,007,33,5,synthetic_fixture
2026-05-12,007,33,5,synthetic_fixture
2026-05-13,007,33,6,synthetic_fixture
2026-05-14,007,33,5,synthetic_fixture
2026-04-17,007,34,1,synthetic_fixture
2026-04-18,007,34,1,synthetic_fixture
2026-04-19,007,34,1,synthetic_fixture
2026-04-20,007,34,1,synthetic_fixture
2026-04-21,007,34,1,synthetic_fixture
2026-04-22,007,34,1,synthetic_fixture
2026-04-23,007,34,1,synthetic_fixture
2026-04-24,007,34,1,synthetic_fixture
2026-04-25,007,34,1,synthetic_fixture
2026-04-26,007,34,1,synthetic_fixture
2026-04-27,007,34,1,synthetic_fixture
2026-04-28,007,34,1,synthetic_fixture
2026-04-29,007,34,1,synthetic_fixture
2026-04-30,007,34,1,synthetic_fixture
2026-05-01,007,34,0,synthetic_fixture
2026-05-02,007,34,1,synthetic_fixture
2026-05-03,007,34,0,synthetic_fixture
2026-05-04,007,34,1,synthetic_fixture
2026-05-05,007,34,1,synthetic_fixture
2026-05-06,007,34,1,synthetic_fixture
2026-05-07,007,34,1,synthetic_fixture
2026-05-08,007,34,1,synthetic_fixture
2026-05-09,007,34,1,synthetic_fixture
2026-05-10,007,34,1,synthetic_fixture
2026-05-11,007,34,1,synthetic_fixture
2026-05-12,007,34,1,synthetic_fixture
2026-05-13,007,34,1,synthetic_fixture
2026-05-14,007,34,1,synthetic_fixture
2026-04-17,007,35,3,synthetic_fixture
2026-04-18,007,35,4,synthetic_fixture
2026-04-19,007,35,3,synthetic_fixture
2026-04-20,007,35,4,synthetic_fixture
2026-04-21,007,35,4,synthetic_fixture
2026-04-22,007,35,3,synthetic_fixture
2026-04-23,007,35,4,synthetic_fixture
2026-04-24,007,35,5,synthetic_fixture
2026-04-25,007,35,5,synthetic_fixture
2026-04-26,007,35,4,synthetic_fixture
2026-04-27,007,35,4,synthetic_fixture
2026-04-28,007,35,5,synthetic_fixture
2026-04-29,007,35,2,synthetic_fixture
2026-04-30,007,35,3,synthetic_fixture
2026-05-01,007,35,4,synthetic_fixture
2026-05-02,007,35,4,synthetic_fixture
2026-05-03,007,35,4,synthetic_fixture
2026-05-04,007,35,4,synthetic_fixture
2026-05-05,007,35,4,synthetic_fixture
2026-05-06,007,35,4,synthetic_fixture
2026-05-07,007,35,3,synthetic_fixture
2026-05-08,007,35,4,synthetic_fixture
2026-05-09,007,35,4,synthetic_fixture
2026-05-10,007,35,4,synthetic_fixture
2026-05-11,007,35,4,synthetic_fixture
2026-05-12,007,35,3,synthetic_fixture
2026-05-13,007,35,4,synthetic_fixture
2026-05-14,007,35,5,synthetic_fixture
2026-04-17,007,36,1,synthetic_fixture
2026-04-18,007,36,1,synthetic_fixture
2026-04-19,007,36,1,synthetic_fixture
2026-04-20,007,36,1,synthetic_fixture
2026-04-21,007,36,1,synthetic_fixture
2026-04-22,007,36,0,synthetic_fixture
2026-04-23,007,36,1,synthetic_fixture
2026-04-24,007,36,1,synthetic_fixture
2026-04-25,007,36,1,synthetic_fixture
2026-04-26,007,36,1,synthetic_fixture
2026-04-27,007,36,1,synthetic_fixture
2026-04-28,007,36,1,synthetic_fixture
2026-04-29,007,36,1,synthetic_fixture
2026-04-30,007,36,1,synthetic_fixture
2026-05-01,007,36,1,synthetic_fixture
2026-05-02,007,36,1,synthetic_fixture
2026-05-03,007,36,1,synthetic_fixture
2026-05-04,007,36,1,synthetic_fixture
2026-05-05,007,36,1,synthetic_fixture
2026-05-06,007,36,1,synthetic_fixture
2026-05-07,007,36,1,synthetic_fixture
2026-05-08,007,36,1,synthetic_fixture
2026-05-09,007,36,1,synthetic_fixture
2026-05-10,007,36,1,synthetic_fixture
2026-05-11,007,36,1,synthetic_fixture
2026-05-12,007,36,1,synthetic_fixture
2026-05-13,007,36,1,synthetic_fixture
2026-05-14,007,36,1,synthetic_fixture
2026-04-17,008,1,1,synthetic_fixture
2026-04-18,008,1,1,synthetic_fixture
2026-04-19,008,1,2,synthetic_fixture
2026-04-20,008,1,2,synthetic_fixture
2026-04-21,008,1,1,synthetic_fixture
2026-04-22,008,1,1,synthetic_fixture
2026-04-23,008,1,1,synthetic_fixture
2026-04-24,008,1,2,synthetic_fixture
2026-04-25,008,1,1,synthetic_fixture
2026-04-26,008,1,2,synthetic_fixture
2026-04-27,008,1,1,synthetic_fixture
2026-04-28,008,1,2,synthetic_fixture
2026-04-29,008,1,2,synthetic_fixture
2026-04-30,008,1,1,synthetic_fixture
2026-05-01,008,1,2,synthetic_fixture
2026-05-02,008,1,1,synthetic_fixture
2026-05-03,008,1,2,synthetic_fixture
2026-05-04,008,1,2,synthetic_fixture
2026-05-05,008,1,2,synthetic_fixture
2026-05-06,008,1,1,synthetic_fixture
2026-05-07,008,1,1,synthetic_fixture
2026-05-08,008,1,1,synthetic_fixture
2026-05-09,008,1,2,synthetic_fixture
2026-05-10,008,1,1,synthetic_fixture
2026-05-11,008,1,2,synthetic_fixture
2026-05-12,008,1,1,synthetic_fixture
2026-05-13,008,1,2,synthetic_fixture
2026-05-14,008,1,2,synthetic_fixture
2026-04-17,008,2,3,synthetic_fixture
2026-04-18,008,2,3,synthetic_fixture
2026-04-19,008,2,3,synthetic_fixture
2026-04-20,008,2,3,synthetic_fixture
2026-04-21,008,2,4,synthetic_fixture
2026-04-22,008,2,2,synthetic_fixture
2026-04-23,008,2,2,synthetic_fixture
2026-04-24,008,2,3,synthetic_fixture
2026-04-25,008,2,3,synthetic_fixture
2026-04-26,008,2,3,synthetic_fixture
2026-04-27,008,2,4,synthetic_fixture
2026-04-28,008,2,3,synthetic_fixture
2026-04-29,008,2,4,synthetic_fixture
2026-04-30,008,2,4,synthetic_fixture
2026-05-01,008,2,2,synthetic_fixture
2026-05-02,008,2,4,synthetic_fixture
2026-05-03,008,2,4,synthetic_fixture
2026-05-04,008,2,3,synthetic_fixture
2026-05-05,008,2,3,synthetic_fixture
2026-05-06,008,2,3,synthetic_fixture
2026-05-07,008,2,3,synthetic_fixture
2026-05-08,008,2,3,synthetic_fixture
2026-05-09,008,2,4,synthetic_fixture
2026-05-10,008,2,3,synthetic_fixture
2026-05-11,008,2,2,synthetic_fixture
2026-05-12,008,2,2,synthetic_fixture
2026-05-13,008,2,4,synthetic_fixture
2026-05-14,008,2,3,synthetic_fixture
2026-04-17,008,3,3,synthetic_fixture
2026-04-18,008,3,3,synthetic_fixture
2026-04-19,008,3,4,synthetic_fixture
2026-04-20,008,3,3,synthetic_fixture
2026-04-21,008,3,3,synthetic_fixture
2026-04-22,008,3,5,synthetic_fixture
2026-04-23,008,3,4,synthetic_fixture
2026-04-24,008,3,3,synthetic_fixture
2026-04-25,008,3,3,synthetic_fixture
2026-04-26,008,3,3,synthetic_fixture
2026-04-27,008,3,5,synthetic_fixture
2026-04-28,008,3,3,synthetic_fixture
2026-04-29,008,3,4,synthetic_fixture
2026-04-30,008,3,3,synthetic_fixture
2026-05-01,008,3,3,synthetic_fixture
2026-05-02,008,3,4,synthetic_fixture
2026-05-03,008,3,3,synthetic_fixture
2026-05-04,008,3,6,synthetic_fixture
2026-05-05,008,3,3,synthetic_fixture
2026-05-06,008,3,5,synthetic_fixture
2026-05-07,008,3,5,synthetic_fixture
2026-05-08,008,3,5,synthetic_fixture
2026-05-09,008,3,4,synthetic_fixture
2026-05-10,008,3,4,synthetic_fixture
2026-05-11,008,3,3,synthetic_fixture
2026-05-12,008,3,3,synthetic_fixture
2026-05-13,008,3,4,synthetic_fixture
2026-05-14,008,3,4,synthetic_fixture
2026-04-17,008,4,3,synthetic_fixture
2026-04-18,008,4,5,synthetic_fixture
2026-04-19,008,4,5,synthetic_fixture
2026-04-20,008,4,5,synthetic_fixture
2026-04-21,008,4,4,synthetic_fixture
2026-04-22,008,4,3,synthetic_fixture
2026-04-23,008,4,5,synthetic_fixture
2026-04-24,008,4,5,synthetic_fixture
2026-04-25,008,4,6,synthetic_fixture
2026-04-26,008,4,5,synthetic_fixture
2026-04-27,008,4,4,synthetic_fixture
2026-04-28,008,4,4,synthetic_fixture
2026-04-29,008,4,4,synthetic_fixture
2026-04-30,008,4,4,synthetic_fixture
2026-05-01,008,4,4,synthetic_fixture
2026-05-02,008,4,4,synthetic_fixture
2026-05-03,008,4,3,synthetic_fixture
2026-05-04,008,4,5,synthetic_fixture
2026-05-05,008,4,5,synthetic_fixture
2026-05-06,008,4,4,synthetic_fixture
2026-05-07,008,4,4,synthetic_fixture
2026-05-08,008,4,3,synthetic_fixture
2026-05-09,008,4,4,synthetic_fixture
2026-05-10,008,4,6,synthetic_fixture
2026-05-11,008,4,6,synthetic_fixture
2026-05-12,008,4,5,synthetic_fixture
2026-05-13,008,4,5,synthetic_fixture
2026-05-14,008,4,5,synthetic_fixture
2026-04-17,008,5,1,synthetic_fixture
2026-04-18,008,5,1,synthetic_fixture
2026-04-19,008,5,2,synthetic_fixture
2026-04-20,008,5,2,synthetic_fixture
2026-04-21,008,5,1,synthetic_fixture
2026-04-22,008,5,2,synthetic_fixture
2026-04-23,008,5,1,synthetic_fixture
2026-04-24,008,5,1,synthetic_fixture
2026-04-25,008,5,1,synthetic_fixture
2026-04-26,008,5,1,synthetic_fixture
2026-04-27,008,5,2,synthetic_fixture
2026-04-28,008,5,1,synthetic_fixture
2026-04-29,008,5,1,synthetic_fixture
2026-04-30,008,5,2,synthetic_fixture
2026-05-01,008,5,2,synthetic_fixture
2026-05-02,008,5,1,synthetic_fixture
2026-05-03,008,5,2,synthetic_fixture
2026-05-04,008,5,1,synthetic_fixture
2026-05-05,008,5,1,synthetic_fixture
2026-05-06,008,5,1,synthetic_fixture
2026-05-07,008,5,1,synthetic_fixture
2026-05-08,008,5,2,synthetic_fixture
2026-05-09,008,5,1,synthetic_fixture
2026-05-10,008,5,1,synthetic_fixture
2026-05-11,008,5,1,synthetic_fixture
2026-05-12,008,5,1,synthetic_fixture
2026-05-13,008,5,1,synthetic_fixture
2026-05-14,008,5,1,synthetic_fixture
2026-04-17,008,6,1,synthetic_fixture
2026-04-18,008,6,2,synthetic_fixture
2026-04-19,008,6,2,synthetic_fixture
2026-04-20,008,6,2,synthetic_fixture
2026-04-21,008,6,2,synthetic_fixture
2026-04-22,008,6,2,synthetic_fixture
2026-04-23,008,6,1,synthetic_fixture
2026-04-24,008,6,1,synthetic_fixture
2026-04-25,008,6,3,synthetic_fixture
2026-04-26,008,6,3,synthetic_fixture
2026-04-27,008,6,3,synthetic_fixture
2026-04-28,008,6,2,synthetic_fixture
2026-04-29,008,6,3,synthetic_fixture
2026-04-30,008,6,2,synthetic_fixture
2026-05-01,008,6,2,synthetic_fixture
2026-05-02,008,6,2,synthetic_fixture
2026-05-03,008,6,2,synthetic_fixture
2026-05-04,008,6,2,synthetic_fixture
2026-05-05,008,6,2,synthetic_fixture
2026-05-06,008,6,2,synthetic_fixture
2026-05-07,008,6,2,synthetic_fixture
2026-05-08,008,6,1,synthetic_fixture
2026-05-09,008,6,2,synthetic_fixture
2026-05-10,008,6,2,synthetic_fixture
2026-05-11,008,6,1,synthetic_fixture
2026-05-12,008,6,2,synthetic_fixture
2026-05-13,008,6,2,synthetic_fixture
2026-05-14,008,6,3,synthetic_fixture
2026-04-17,008,7,3,synthetic_fixture
2026-04-18,008,7,5,synthetic_fixture
2026-04-19,008,7,4,synthetic_fixture
2026-04-20,008,7,5,synthetic_fixture
2026-04-21,008,7,5,synthetic_fixture
2026-04-22,008,7,5,synthetic_fixture
2026-04-23,008,7,5,synthetic_fixture
2026-04-24,008,7,3,synthetic_fixture
2026-04-25,008,7,5,synthetic_fixture
2026-04-26,008,7,5,synthetic_fixture
2026-04-27,008,7,4,synthetic_fixture
2026-04-28,008,7,3,synthetic_fixture
2026-04-29,008,7,3,synthetic_fixture
2026-04-30,008,7,3,synthetic_fixture
2026-05-01,008,7,3,synthetic_fixture
2026-05-02,008,7,4,synthetic_fixture
2026-05-03,008,7,5,synthetic_fixture
2026-05-04,008,7,5,synthetic_fixture
2026-05-05,008,7,5,synthetic_fixture
2026-05-06,008,7,4,synthetic_fixture
2026-05-07,008,7,5,synthetic_fixture
2026-05-08,008,7,3,synthetic_fixture
2026-05-09,008,7,3,synthetic_fixture
2026-05-10,008,7,3,synthetic_fixture
2026-05-11,008,7,4,synthetic_fixture
2026-05-12,008,7,5,synthetic_fixture
2026-05-13,008,7,4,synthetic_fixture
2026-05-14,008,7,4,synthetic_fixture
2026-04-17,008,8,2,synthetic_fixture
2026-04-18,008,8,2,synthetic_fixture
2026-04-19,008,8,2,synthetic_fixture
2026-04-20,008,8,3,synthetic_fixture
2026-04-21,008,8,2,synthetic_fixture
2026-04-22,008,8,3,synthetic_fixture
2026-04-23,008,8,3,synthetic_fixture
2026-04-24,008,8,2,synthetic_fixture
2026-04-25,008,8,2,synthetic_fixture
2026-04-26,008,8,3,synthetic_fixture
2026-04-27,008,8,2,synthetic_fixture
2026-04-28,008,8,3,synthetic_fixture
2026-04-29,008,8,2,synthetic_fixture
2026-04-30,008,8,2,synthetic_fixture
2026-05-01,008,8,2,synthetic_fixture
2026-05-02,008,8,2,synthetic_fixture
2026-05-03,008,8,3,synthetic_fixture
2026-05-04,008,8,2,synthetic_fixture
2026-05-05,008,8,3,synthetic_fixture
2026-05-06,008,8,2,synthetic_fixture
2026-05-07,008,8,2,synthetic_fixture
2026-05-08,008,8,2,synthetic_fixture
2026-05-09,008,8,3,synthetic_fixture
2026-05-10,008,8,2,synthetic_fixture
2026-05-11,008,8,2,synthetic_fixture
2026-05-12,008,8,3,synthetic_fixture
2026-05-13,008,8,3,synthetic_fixture
2026-05-14,008,8,2,synthetic_fixture
2026-04-17,008,9,4,synthetic_fixture
2026-04-18,008,9,4,synthetic_fixture
2026-04-19,008,9,4,synthetic_fixture
2026-04-20,008,9,4,synthetic_fixture
2026-04-21,008,9,3,synthetic_fixture
2026-04-22,008,9,3,synthetic_fixture
2026-04-23,008,9,2,synthetic_fixture
2026-04-24,008,9,3,synthetic_fixture
2026-04-25,008,9,3,synthetic_fixture
2026-04-26,008,9,3,synthetic_fixture
2026-04-27,008,9,2,synthetic_fixture
2026-04-28,008,9,4,synthetic_fixture
2026-04-29,008,9,3,synthetic_fixture
2026-04-30,008,9,2,synthetic_fixture
2026-05-01,008,9,2,synthetic_fixture
2026-05-02,008,9,3,synthetic_fixture
2026-05-03,008,9,3,synthetic_fixture
2026-05-04,008,9,4,synthetic_fixture
2026-05-05,008,9,3,synthetic_fixture
2026-05-06,008,9,2,synthetic_fixture
2026-05-07,008,9,3,synthetic_fixture
2026-05-08,008,9,3,synthetic_fixture
2026-05-09,008,9,3,synthetic_fixture
2026-05-10,008,9,2,synthetic_fixture
2026-05-11,008,9,3,synthetic_fixture
2026-05-12,008,9,4,synthetic_fixture
2026-05-13,008,9,2,synthetic_fixture
2026-05-14,008,9,3,synthetic_fixture
2026-04-17,008,10,4,synthetic_fixture
2026-04-18,008,10,5,synthetic_fixture
2026-04-19,008,10,6,synthetic_fixture
2026-04-20,008,10,4,synthetic_fixture
2026-04-21,008,10,6,synthetic_fixture
2026-04-22,008,10,6,synthetic_fixture
2026-04-23,008,10,4,synthetic_fixture
2026-04-24,008,10,4,synthetic_fixture
2026-04-25,008,10,5,synthetic_fixture
2026-04-26,008,10,5,synthetic_fixture
2026-04-27,008,10,4,synthetic_fixture
2026-04-28,008,10,5,synthetic_fixture
2026-04-29,008,10,6,synthetic_fixture
2026-04-30,008,10,3,synthetic_fixture
2026-05-01,008,10,5,synthetic_fixture
2026-05-02,008,10,6,synthetic_fixture
2026-05-03,008,10,5,synthetic_fixture
2026-05-04,008,10,4,synthetic_fixture
2026-05-05,008,10,4,synthetic_fixture
2026-05-06,008,10,6,synthetic_fixture
2026-05-07,008,10,4,synthetic_fixture
2026-05-08,008,10,4,synthetic_fixture
2026-05-09,008,10,6,synthetic_fixture
2026-05-10,008,10,5,synthetic_fixture
2026-05-11,008,10,6,synthetic_fixture
2026-05-12,008,10,6,synthetic_fixture
2026-05-13,008,10,4,synthetic_fixture
2026-05-14,008,10,4,synthetic_fixture
2026-04-17,008,11,4,synthetic_fixture
2026-04-18,008,11,4,synthetic_fixture
2026-04-19,008,11,6,synthetic_fixture
2026-04-20,008,11,3,synthetic_fixture
2026-04-21,008,11,5,synthetic_fixture
2026-04-22,008,11,4,synthetic_fixture
2026-04-23,008,11,5,synthetic_fixture
2026-04-24,008,11,4,synthetic_fixture
2026-04-25,008,11,6,synthetic_fixture
2026-04-26,008,11,4,synthetic_fixture
2026-04-27,008,11,5,synthetic_fixture
2026-04-28,008,11,5,synthetic_fixture
2026-04-29,008,11,4,synthetic_fixture
2026-04-30,008,11,4,synthetic_fixture
2026-05-01,008,11,5,synthetic_fixture
2026-05-02,008,11,5,synthetic_fixture
2026-05-03,008,11,6,synthetic_fixture
2026-05-04,008,11,5,synthetic_fixture
2026-05-05,008,11,3,synthetic_fixture
2026-05-06,008,11,3,synthetic_fixture
2026-05-07,008,11,5,synthetic_fixture
2026-05-08,008,11,4,synthetic_fixture
2026-05-09,008,11,6,synthetic_fixture
2026-05-10,008,11,4,synthetic_fixture
2026-05-11,008,11,4,synthetic_fixture
2026-05-12,008,11,3,synthetic_fixture
2026-05-13,008,11,5,synthetic_fixture
2026-05-14,008,11,5,synthetic_fixture
2026-04-17,008,12,2,synthetic_fixture
2026-04-18,008,12,2,synthetic_fixture
2026-04-19,008,12,2,synthetic_fixture
2026-04-20,008,12,1,synthetic_fixture
2026-04-21,008,12,2,synthetic_fixture
2026-04-22,008,12,2,synthetic_fixture
2026-04-23,008,12,1,synthetic_fixture
2026-04-24,008,12,1,synthetic_fixture
2026-04-25,008,12,2,synthetic_fixture
2026-04-26,008,12,2,synthetic_fixture
2026-04-27,008,12,1,synthetic_fixture
2026-04-28,008,12,2,synthetic_fixture
2026-04-29,008,12,2,synthetic_fixture
2026-04-30,008,12,2,synthetic_fixture
2026-05-01,008,12,1,synthetic_fixture
2026-05-02,008,12,2,synthetic_fixture
2026-05-03,008,12,1,synthetic_fixture
2026-05-04,008,12,2,synthetic_fixture
2026-05-05,008,12,1,synthetic_fixture
2026-05-06,008,12,2,synthetic_fixture
2026-05-07,008,12,2,synthetic_fixture
2026-05-08,008,12,1,synthetic_fixture
2026-05-09,008,12,2,synthetic_fixture
2026-05-10,008,12,2,synthetic_fixture
2026-05-11,008,12,2,synthetic_fixture
2026-05-12,008,12,1,synthetic_fixture
2026-05-13,008,12,2,synthetic_fixture
2026-05-14,008,12,2,synthetic_fixture
2026-04-17,008,13,4,synthetic_fixture
2026-04-18,008,13,4,synthetic_fixture
2026-04-19,008,13,5,synthetic_fixture
2026-04-20,008,13,5,synthetic_fixture
2026-04-21,008,13,3,synthetic_fixture
2026-04-22,008,13,4,synthetic_fixture
2026-04-23,008,13,4,synthetic_fixture
2026-04-24,008,13,4,synthetic_fixture
2026-04-25,008,13,5,synthetic_fixture
2026-04-26,008,13,5,synthetic_fixture
2026-04-27,008,13,4,synthetic_fixture
2026-04-28,008,13,4,synthetic_fixture
2026-04-29,008,13,3,synthetic_fixture
2026-04-30,008,13,4,synthetic_fixture
2026-05-01,008,13,5,synthetic_fixture
2026-05-02,008,13,4,synthetic_fixture
2026-05-03,008,13,5,synthetic_fixture
2026-05-04,008,13,4,synthetic_fixture
2026-05-05,008,13,5,synthetic_fixture
2026-05-06,008,13,5,synthetic_fixture
2026-05-07,008,13,4,synthetic_fixture
2026-05-08,008,13,5,synthetic_fixture
2026-05-09,008,13,3,synthetic_fixture
2026-05-10,008,13,5,synthetic_fixture
2026-05-11,008,13,3,synthetic_fixture
2026-05-12,008,13,4,synthetic_fixture
2026-05-13,008,13,5,synthetic_fixture
2026-05-14,008,13,5,synthetic_fixture
2026-04-17,008,14,6,synthetic_fixture
2026-04-18,008,14,5,synthetic_fixture
2026-04-19,008,14,6,synthetic_fixture
2026-04-20,008,14,6,synthetic_fixture
2026-04-21,008,14,7,synthetic_fixture
2026-04-22,008,14,6,synthetic_fixture
2026-04-23,008,14,5,synthetic_fixture
2026-04-24,008,14,4,synthetic_fixture
2026-04-25,008,14,7,synthetic_fixture
2026-04-26,008,14,4,synthetic_fixture
2026-04-27,008,14,7,synthetic_fixture
2026-04-28,008,14,6,synthetic_fixture
2026-04-29,008,14,5,synthetic_fixture
2026-04-30,008,14,7,synthetic_fixture
2026-05-01,008,14,4,synthetic_fixture
2026-05-02,008,14,7,synthetic_fixture
2026-05-03,008,14,5,synthetic_fixture
2026-05-04,008,14,6,synthetic_fixture
2026-05-05,008,14,6,synthetic_fixture
2026-05-06,008,14,4,synthetic_fixture
2026-05-07,008,14,7,synthetic_fixture
2026-05-08,008,14,5,synthetic_fixture
2026-05-09,008,14,7,synthetic_fixture
2026-05-10,008,14,5,synthetic_fixture
2026-05-11,008,14,6,synthetic_fixture
2026-05-12,008,14,6,synthetic_fixture
2026-05-13,008,14,5,synthetic_fixture
2026-05-14,008,14,5,synthetic_fixture
2026-04-17,008,15,5,synthetic_fixture
2026-04-18,008,15,5,synthetic_fixture
2026-04-19,008,15,3,synthetic_fixture
2026-04-20,008,15,4,synthetic_fixture
2026-04-21,008,15,4,synthetic_fixture
2026-04-22,008,15,4,synthetic_fixture
2026-04-23,008,15,3,synthetic_fixture
2026-04-24,008,15,3,synthetic_fixture
2026-04-25,008,15,5,synthetic_fixture
2026-04-26,008,15,3,synthetic_fixture
2026-04-27,008,15,4,synthetic_fixture
2026-04-28,008,15,4,synthetic_fixture
2026-04-29,008,15,5,synthetic_fixture
2026-04-30,008,15,4,synthetic_fixture
2026-05-01,008,15,3,synthetic_fixture
2026-05-02,008,15,5,synthetic_fixture
2026-05-03,008,15,4,synthetic_fixture
2026-05-04,008,15,5,synthetic_fixture
2026-05-05,008,15,3,synthetic_fixture
2026-05-06,008,15,3,synthetic_fixture
2026-05-07,008,15,4,synthetic_fixture
2026-05-08,008,15,5,synthetic_fixture
2026-05-09,008,15,5,synthetic_fixture
2026-05-10,008,15,3,synthetic_fixture
2026-05-11,008,15,3,synthetic_fixture
2026-05-12,008,15,5,synthetic_fixture
2026-05-13,008,15,3,synthetic_fixture
2026-05-14,008,15,4,synthetic_fixture
2026-04-17,008,16,4,synthetic_fixture
2026-04-18,008,16,4,synthetic_fixture
2026-04-19,008,16,3,synthetic_fixture
2026-04-20,008,16,4,synthetic_fixture
2026-04-21,008,16,3,synthetic_fixture
2026-04-22,008,16,3,synthetic_fixture
2026-04-23,008,16,3,synthetic_fixture
2026-04-24,008,16,3,synthetic_fixture
2026-04-25,008,16,3,synthetic_fixture
2026-04-26,008,16,3,synthetic_fixture
2026-04-27,008,16,4,synthetic_fixture
2026-04-28,008,16,3,synthetic_fixture
2026-04-29,008,16,4,synthetic_fixture
2026-04-30,008,16,3,synthetic_fixture
2026-05-01,008,16,2,synthetic_fixture
2026-05-02,008,16,4,synthetic_fixture
2026-05-03,008,16,4,synthetic_fixture
2026-05-04,008,16,3,synthetic_fixture
2026-05-05,008,16,3,synthetic_fixture
2026-05-06,008,16,4,synthetic_fixture
2026-05-07,008,16,4,synthetic_fixture
2026-05-08,008,16,3,synthetic_fixture
2026-05-09,008,16,3,synthetic_fixture
2026-05-10,008,16,2,synthetic_fixture
2026-05-11,008,16,4,synthetic_fixture
2026-05-12,008,16,2,synthetic_fixture
2026-05-13,008,16,3,synthetic_fixture
2026-05-14,008,16,2,synthetic_fixture
2026-04-17,008,17,1,synthetic_fixture
2026-04-18,008,17,1,synthetic_fixture
2026-04-19,008,17,1,synthetic_fixture
2026-04-20,008,17,1,synthetic_fixture
2026-04-21,008,17,1,synthetic_fixture
2026-04-22,008,17,1,synthetic_fixture
2026-04-23,008,17,1,synthetic_fixture
2026-04-24,008,17,2,synthetic_fixture
2026-04-25,008,17,1,synthetic_fixture
2026-04-26,008,17,1,synthetic_fixture
2026-04-27,008,17,2,synthetic_fixture
2026-04-28,008,17,1,synthetic_fixture
2026-04-29,008,17,1,synthetic_fixture
2026-04-30,008,17,1,synthetic_fixture
2026-05-01,008,17,1,synthetic_fixture
2026-05-02,008,17,2,synthetic_fixture
2026-05-03,008,17,1,synthetic_fixture
2026-05-04,008,17,1,synthetic_fixture
2026-05-05,008,17,1,synthetic_fixture
2026-05-06,008,17,1,synthetic_fixture
2026-05-07,008,17,2,synthetic_fixture
2026-05-08,008,17,1,synthetic_fixture
2026-05-09,008,17,1,synthetic_fixture
2026-05-10,008,17,1,synthetic_fixture
2026-05-11,008,17,1,synthetic_fixture
2026-05-12,008,17,1,synthetic_fixture
2026-05-13,008,17,1,synthetic_fixture
2026-05-14,008,17,1,synthetic_fixture
2026-04-17,008,18,2,synthetic_fixture
2026-04-18,008,18,3,synthetic_fixture
2026-04-19,008,18,2,synthetic_fixture
2026-04-20,008,18,2,synthetic_fixture
2026-04-21,008,18,2,synthetic_fixture
2026-04-22,008,18,2,synthetic_fixture
2026-04-23,008,18,2,synthetic_fixture
2026-04-24,008,18,3,synthetic_fixture
2026-04-25,008,18,3,synthetic_fixture
2026-04-26,008,18,2,synthetic_fixture
2026-04-27,008,18,2,synthetic_fixture
2026-04-28,008,18,2,synthetic_fixture
2026-04-29,008,18,3,synthetic_fixture
2026-04-30,008,18,2,synthetic_fixture
2026-05-01,008,18,3,synthetic_fixture
2026-05-02,008,18,2,synthetic_fixture
2026-05-03,008,18,3,synthetic_fixture
2026-05-04,008,18,3,synthetic_fixture
2026-05-05,008,18,2,synthetic_fixture
2026-05-06,008,18,2,synthetic_fixture
2026-05-07,008,18,2,synthetic_fixture
2026-05-08,008,18,2,synthetic_fixture
2026-05-09,008,18,3,synthetic_fixture
2026-05-10,008,18,3,synthetic_fixture
2026-05-11,008,18,3,synthetic_fixture
2026-05-12,008,18,2,synthetic_fixture
2026-05-13,008,18,2,synthetic_fixture
2026-05-14,008,18,3,synthetic_fixture
2026-04-17,008,19,1,synthetic_fixture
2026-04-18,008,19,1,synthetic_fixture
2026-04-19,008,19,1,synthetic_fixture
2026-04-20,008,19,1,synthetic_fixture
2026-04-21,008,19,1,synthetic_fixture
2026-04-22,008,19,1,synthetic_fixture
2026-04-23,008,19,1,synthetic_fixture
2026-04-24,008,19,0,synthetic_fixture
2026-04-25,008,19,1,synthetic_fixture
2026-04-26,008,19,0,synthetic_fixture
2026-04-27,008,19,1,synthetic_fixture
2026-04-28,008,19,1,synthetic_fixture
2026-04-29,008,19,0,synthetic_fixture
2026-04-30,008,19,1,synthetic_fixture
2026-05-01,008,19,0,synthetic_fixture
2026-05-02,008,19,1,synthetic_fixture
2026-05-03,008,19,1,synthetic_fixture
2026-05-04,008,19,1,synthetic_fixture
2026-05-05,008,19,1,synthetic_fixture
2026-05-06,008,19,0,synthetic_fixture
2026-05-07,008,19,1,synthetic_fixture
2026-05-08,008,19,1,synthetic_fixture
2026-05-09,008,19,1,synthetic_fixture
2026-05-10,008,19,1,synthetic_fixture
2026-05-11,008,19,1,synthetic_fixture
2026-05-12,008,19,1,synthetic_fixture
2026-05-13,008,19,1,synthetic_fixture
2026-05-14,008,19,1,synthetic_fixture
2026-04-17,008,20,3,synthetic_fixture
2026-04-18,008,20,3,synthetic_fixture
2026-04-19,008,20,2,synthetic_fixture
2026-04-20,008,20,3,synthetic_fixture
2026-04-21,008,20,3,synthetic_fixture
2026-04-22,008,20,2,synthetic_fixture
2026-04-23,008,20,3,synthetic_fixture
2026-04-24,008,20,3,synthetic_fixture
2026-04-25,008,20,4,synthetic_fixture
2026-04-26,008,20,2,synthetic_fixture
2026-04-27,008,20,3,synthetic_fixture
2026-04-28,008,20,2,synthetic_fixture
2026-04-29,008,20,3,synthetic_fixture
2026-04-30,008,20,3,synthetic_fixture
2026-05-01,008,20,3,synthetic_fixture
2026-05-02,008,20,2,synthetic_fixture
2026-05-03,008,20,4,synthetic_fixture
2026-05-04,008,20,3,synthetic_fixture
2026-05-05,008,20,2,synthetic_fixture
2026-05-06,008,20,3,synthetic_fixture
2026-05-07,008,20,3,synthetic_fixture
2026-05-08,008,20,3,synthetic_fixture
2026-05-09,008,20,2,synthetic_fixture
2026-05-10,008,20,3,synthetic_fixture
2026-05-11,008,20,3,synthetic_fixture
2026-05-12,008,20,3,synthetic_fixture
2026-05-13,008,20,2,synthetic_fixture
2026-05-14,008,20,4,synthetic_fixture
2026-04-17,008,21,4,synthetic_fixture
2026-04-18,008,21,4,synthetic_fixture
2026-04-19,008,21,4,synthetic_fixture
2026-04-20,008,21,3,synthetic_fixture
2026-04-21,008,21,3,synthetic_fixture
2026-04-22,008,21,5,synthetic_fixture
2026-04-23,008,21,4,synthetic_fixture
2026-04-24,008,21,5,synthetic_fixture
2026-04-25,008,21,3,synthetic_fixture
2026-04-26,008,21,3,synthetic_fixture
2026-04-27,008,21,3,synthetic_fixture
2026-04-28,008,21,4,synthetic_fixture
2026-04-29,008,21,3,synthetic_fixture
2026-04-30,008,21,3,synthetic_fixture
2026-05-01,008,21,5,synthetic_fixture
2026-05-02,008,21,3,synthetic_fixture
2026-05-03,008,21,3,synthetic_fixture
2026-05-04,008,21,3,synthetic_fixture
2026-05-05,008,21,3,synthetic_fixture
2026-05-06,008,21,3,synthetic_fixture
2026-05-07,008,21,3,synthetic_fixture
2026-05-08,008,21,3,synthetic_fixture
2026-05-09,008,21,3,synthetic_fixture
2026-05-10,008,21,3,synthetic_fixture
2026-05-11,008,21,4,synthetic_fixture
2026-05-12,008,21,3,synthetic_fixture
2026-05-13,008,21,5,synthetic_fixture
2026-05-14,008,21,5,synthetic_fixture
2026-04-17,008,22,3,synthetic_fixture
2026-04-18,008,22,4,synthetic_fixture
2026-04-19,008,22,3,synthetic_fixture
2026-04-20,008,22,3,synthetic_fixture
2026-04-21,008,22,2,synthetic_fixture
2026-04-22,008,22,3,synthetic_fixture
2026-04-23,008,22,2,synthetic_fixture
2026-04-24,008,22,2,synthetic_fixture
2026-04-25,008,22,3,synthetic_fixture
2026-04-26,008,22,3,synthetic_fixture
2026-04-27,008,22,3,synthetic_fixture
2026-04-28,008,22,3,synthetic_fixture
2026-04-29,008,22,3,synthetic_fixture
2026-04-30,008,22,3,synthetic_fixture
2026-05-01,008,22,4,synthetic_fixture
2026-05-02,008,22,2,synthetic_fixture
2026-05-03,008,22,4,synthetic_fixture
2026-05-04,008,22,3,synthetic_fixture
2026-05-05,008,22,2,synthetic_fixture
2026-05-06,008,22,2,synthetic_fixture
2026-05-07,008,22,4,synthetic_fixture
2026-05-08,008,22,2,synthetic_fixture
2026-05-09,008,22,2,synthetic_fixture
2026-05-10,008,22,3,synthetic_fixture
2026-05-11,008,22,2,synthetic_fixture
2026-05-12,008,22,3,synthetic_fixture
2026-05-13,008,22,3,synthetic_fixture
2026-05-14,008,22,3,synthetic_fixture
2026-04-17,008,23,1,synthetic_fixture
2026-04-18,008,23,1,synthetic_fixture
2026-04-19,008,23,1,synthetic_fixture
2026-04-20,008,23,1,synthetic_fixture
2026-04-21,008,23,1,synthetic_fixture
2026-04-22,008,23,1,synthetic_fixture
2026-04-23,008,23,1,synthetic_fixture
2026-04-24,008,23,1,synthetic_fixture
2026-04-25,008,23,1,synthetic_fixture
2026-04-26,008,23,1,synthetic_fixture
2026-04-27,008,23,1,synthetic_fixture
2026-04-28,008,23,1,synthetic_fixture
2026-04-29,008,23,1,synthetic_fixture
2026-04-30,008,23,1,synthetic_fixture
2026-05-01,008,23,1,synthetic_fixture
2026-05-02,008,23,1,synthetic_fixture
2026-05-03,008,23,1,synthetic_fixture
2026-05-04,008,23,2,synthetic_fixture
2026-05-05,008,23,1,synthetic_fixture
2026-05-06,008,23,1,synthetic_fixture
2026-05-07,008,23,1,synthetic_fixture
2026-05-08,008,23,1,synthetic_fixture
2026-05-09,008,23,2,synthetic_fixture
2026-05-10,008,23,1,synthetic_fixture
2026-05-11,008,23,1,synthetic_fixture
2026-05-12,008,23,1,synthetic_fixture
2026-05-13,008,23,1,synthetic_fixture
2026-05-14,008,23,1,synthetic_fixture
2026-04-17,008,24,1,synthetic_fixture
2026-04-18,008,24,1,synthetic_fixture
2026-04-19,008,24,1,synthetic_fixture
2026-04-20,008,24,0,synthetic_fixture
2026-04-21,008,24,0,synthetic_fixture
2026-04-22,008,24,1,synthetic_fixture
2026-04-23,008,24,1,synthetic_fixture
2026-04-24,008,24,0,synthetic_fixture
2026-04-25,008,24,0,synthetic_fixture
2026-04-26,008,24,0,synthetic_fixture
2026-04-27,008,24,1,synthetic_fixture
2026-04-28,008,24,1,synthetic_fixture
2026-04-29,008,24,0,synthetic_fixture
2026-04-30,008,24,0,synthetic_fixture
2026-05-01,008,24,1,synthetic_fixture
2026-05-02,008,24,0,synthetic_fixture
2026-05-03,008,24,0,synthetic_fixture
2026-05-04,008,24,1,synthetic_fixture
2026-05-05,008,24,0,synthetic_fixture
2026-05-06,008,24,1,synthetic_fixture
2026-05-07,008,24,0,synthetic_fixture
2026-05-08,008,24,0,synthetic_fixture
2026-05-09,008,24,1,synthetic_fixture
2026-05-10,008,24,1,synthetic_fixture
2026-05-11,008,24,1,synthetic_fixture
2026-05-12,008,24,1,synthetic_fixture
2026-05-13,008,24,1,synthetic_fixture
2026-05-14,008,24,0,synthetic_fixture
2026-04-17,008,25,3,synthetic_fixture
2026-04-18,008,25,4,synthetic_fixture
2026-04-19,008,25,3,synthetic_fixture
2026-04-20,008,25,4,synthetic_fixture
2026-04-21,008,25,4,synthetic_fixture
2026-04-22,008,25,4,synthetic_fixture
2026-04-23,008,25,4,synthetic_fixture
2026-04-24,008,25,4,synthetic_fixture
2026-04-25,008,25,4,synthetic_fixture
2026-04-26,008,25,4,synthetic_fixture
2026-04-27,008,25,3,synthetic_fixture
2026-04-28,008,25,3,synthetic_fixture
2026-04-29,008,25,4,synthetic_fixture
2026-04-30,008,25,4,synthetic_fixture
2026-05-01,008,25,5,synthetic_fixture
2026-05-02,008,25,4,synthetic_fixture
2026-05-03,008,25,5,synthetic_fixture
2026-05-04,008,25,4,synthetic_fixture
2026-05-05,008,25,4,synthetic_fixture
2026-05-06,008,25,5,synthetic_fixture
2026-05-07,008,25,5,synthetic_fixture
2026-05-08,008,25,3,synthetic_fixture
2026-05-09,008,25,3,synthetic_fixture
2026-05-10,008,25,3,synthetic_fixture
2026-05-11,008,25,3,synthetic_fixture
2026-05-12,008,25,5,synthetic_fixture
2026-05-13,008,25,3,synthetic_fixture
2026-05-14,008,25,4,synthetic_fixture
2026-04-17,008,26,6,synthetic_fixture
2026-04-18,008,26,5,synthetic_fixture
2026-04-19,008,26,5,synthetic_fixture
2026-04-20,008,26,6,synthetic_fixture
2026-04-21,008,26,6,synthetic_fixture
2026-04-22,008,26,6,synthetic_fixture
2026-04-23,008,26,4,synthetic_fixture
2026-04-24,008,26,5,synthetic_fixture
2026-04-25,008,26,6,synthetic_fixture
2026-04-26,008,26,6,synthetic_fixture
2026-04-27,008,26,5,synthetic_fixture
2026-04-28,008,26,5,synthetic_fixture
2026-04-29,008,26,5,synthetic_fixture
2026-04-30,008,26,4,synthetic_fixture
2026-05-01,008,26,3,synthetic_fixture
2026-05-02,008,26,3,synthetic_fixture
2026-05-03,008,26,4,synthetic_fixture
2026-05-04,008,26,4,synthetic_fixture
2026-05-05,008,26,5,synthetic_fixture
2026-05-06,008,26,4,synthetic_fixture
2026-05-07,008,26,4,synthetic_fixture
2026-05-08,008,26,3,synthetic_fixture
2026-05-09,008,26,4,synthetic_fixture
2026-05-10,008,26,5,synthetic_fixture
2026-05-11,008,26,5,synthetic_fixture
2026-05-12,008,26,4,synthetic_fixture
2026-05-13,008,26,4,synthetic_fixture
2026-05-14,008,26,5,synthetic_fixture
2026-04-17,008,27,1,synthetic_fixture
2026-04-18,008,27,2,synthetic_fixture
2026-04-19,008,27,2,synthetic_fixture
2026-04-20,008,27,2,synthetic_fixture
2026-04-21,008,27,2,synthetic_fixture
2026-04-22,008,27,3,synthetic_fixture
2026-04-23,008,27,2,synthetic_fixture
2026-04-24,008,27,3,synthetic_fixture
2026-04-25,008,27,1,synthetic_fixture
2026-04-26,008,27,2,synthetic_fixture
2026-04-27,008,27,2,synthetic_fixture
2026-04-28,008,27,3,synthetic_fixture
2026-04-29,008,27,3,synthetic_fixture
2026-04-30,008,27,2,synthetic_fixture
2026-05-01,008,27,2,synthetic_fixture
2026-05-02,008,27,3,synthetic_fixture
2026-05-03,008,27,2,synthetic_fixture
2026-05-04,008,27,2,synthetic_fixture
2026-05-05,008,27,3,synthetic_fixture
2026-05-06,008,27,1,synthetic_fixture
2026-05-07,008,27,3,synthetic_fixture
2026-05-08,008,27,2,synthetic_fixture
2026-05-09,008,27,2,synthetic_fixture
2026-05-10,008,27,2,synthetic_fixture
2026-05-11,008,27,2,synthetic_fixture
2026-05-12,008,27,2,synthetic_fixture
2026-05-13,008,27,2,synthetic_fixture
2026-05-14,008,27,2,synthetic_fixture
2026-04-17,008,28,3,synthetic_fixture
2026-04-18,008,28,2,synthetic_fixture
2026-04-19,008,28,2,synthetic_fixture
2026-04-20,008,28,2,synthetic_fixture
2026-04-21,008,28,2,synthetic_fixture
2026-04-22,008,28,2,synthetic_fixture
2026-04-23,008,28,2,synthetic_fixture
2026-04-24,008,28,2,synthetic_fixture
2026-04-25,008,28,3,synthetic_fixture
2026-04-26,008,28,2,synthetic_fixture
2026-04-27,008,28,2,synthetic_fixture
2026-04-28,008,28,3,synthetic_fixture
2026-04-29,008,28,3,synthetic_fixture
2026-04-30,008,28,2,synthetic_fixture
2026-05-01,008,28,3,synthetic_fixture
2026-05-02,008,28,2,synthetic_fixture
2026-05-03,008,28,2,synthetic_fixture
2026-05-04,008,28,3,synthetic_fixture
2026-05-05,008,28,2,synthetic_fixture
2026-05-06,008,28,1,synthetic_fixture
2026-05-07,008,28,3,synthetic_fixture
2026-05-08,008,28,2,synthetic_fixture
2026-05-09,008,28,2,synthetic_fixture
2026-05-10,008,28,2,synthetic_fixture
2026-05-11,008,28,2,synthetic_fixture
2026-05-12,008,28,1,synthetic_fixture
2026-05-13,008,28,2,synthetic_fixture
2026-05-14,008,28,3,synthetic_fixture
2026-04-17,008,29,4,synthetic_fixture
2026-04-18,008,29,4,synthetic_fixture
2026-04-19,008,29,3,synthetic_fixture
2026-04-20,008,29,2,synthetic_fixture
2026-04-21,008,29,3,synthetic_fixture
2026-04-22,008,29,5,synthetic_fixture
2026-04-23,008,29,5,synthetic_fixture
2026-04-24,008,29,5,synthetic_fixture
2026-04-25,008,29,3,synthetic_fixture
2026-04-26,008,29,5,synthetic_fixture
2026-04-27,008,29,3,synthetic_fixture
2026-04-28,008,29,4,synthetic_fixture
2026-04-29,008,29,5,synthetic_fixture
2026-04-30,008,29,3,synthetic_fixture
2026-05-01,008,29,5,synthetic_fixture
2026-05-02,008,29,4,synthetic_fixture
2026-05-03,008,29,2,synthetic_fixture
2026-05-04,008,29,4,synthetic_fixture
2026-05-05,008,29,4,synthetic_fixture
2026-05-06,008,29,4,synthetic_fixture
2026-05-07,008,29,4,synthetic_fixture
2026-05-08,008,29,2,synthetic_fixture
2026-05-09,008,29,3,synthetic_fixture
2026-05-10,008,29,2,synthetic_fixture
2026-05-11,008,29,4,synthetic_fixture
2026-05-12,008,29,3,synthetic_fixture
2026-05-13,008,29,3,synthetic_fixture
2026-05-14,008,29,5,synthetic_fixture
2026-04-17,008,30,4,synthetic_fixture
2026-04-18,008,30,4,synthetic_fixture
2026-04-19,008,30,3,synthetic_fixture
2026-04-20,008,30,4,synthetic_fixture
2026-04-21,008,30,3,synthetic_fixture
2026-04-22,008,30,4,synthetic_fixture
2026-04-23,008,30,4,synthetic_fixture
2026-04-24,008,30,4,synthetic_fixture
2026-04-25,008,30,4,synthetic_fixture
2026-04-26,008,30,5,synthetic_fixture
2026-04-27,008,30,5,synthetic_fixture
2026-04-28,008,30,4,synthetic_fixture
2026-04-29,008,30,4,synthetic_fixture
2026-04-30,008,30,3,synthetic_fixture
2026-05-01,008,30,4,synthetic_fixture
2026-05-02,008,30,5,synthetic_fixture
2026-05-03,008,30,4,synthetic_fixture
2026-05-04,008,30,5,synthetic_fixture
2026-05-05,008,30,3,synthetic_fixture
2026-05-06,008,30,5,synthetic_fixture
2026-05-07,008,30,5,synthetic_fixture
2026-05-08,008,30,5,synthetic_fixture
2026-05-09,008,30,5,synthetic_fixture
2026-05-10,008,30,4,synthetic_fixture
2026-05-11,008,30,5,synthetic_fixture
2026-05-12,008,30,4,synthetic_fixture
2026-05-13,008,30,4,synthetic_fixture
2026-05-14,008,30,3,synthetic_fixture
2026-04-17,008,31,1,synthetic_fixture
2026-04-18,008,31,1,synthetic_fixture
2026-04-19,008,31,1,synthetic_fixture
2026-04-20,008,31,0,synthetic_fixture
2026-04-21,008,31,1,synthetic_fixture
2026-04-22,008,31,1,synthetic_fixture
2026-04-23,008,31,1,synthetic_fixture
2026-04-24,008,31,1,synthetic_fixture
2026-04-25,008,31,1,synthetic_fixture
2026-04-26,008,31,1,synthetic_fixture
2026-04-27,008,31,1,synthetic_fixture
2026-04-28,008,31,1,synthetic_fixture
2026-04-29,008,31,1,synthetic_fixture
2026-04-30,008,31,1,synthetic_fixture
2026-05-01,008,31,1,synthetic_fixture
2026-05-02,008,31,1,synthetic_fixture
2026-05-03,008,31,1,synthetic_fixture
2026-05-04,008,31,1,synthetic_fixture
2026-05-05,008,31,1,synthetic_fixture
2026-05-06,008,31,1,synthetic_fixture
2026-05-07,008,31,1,synthetic_fixture
2026-05-08,008,31,1,synthetic_fixture
2026-05-09,008,31,1,synthetic_fixture
2026-05-10,008,31,1,synthetic_fixture
2026-05-11,008,31,1,synthetic_fixture
2026-05-12,008,31,1,synthetic_fixture
2026-05-13,008,31,1,synthetic_fixture
2026-05-14,008,31,1,synthetic_fixture
2026-04-17,008,32,4,synthetic_fixture
2026-04-18,008,32,3,synthetic_fixture
2026-04-19,008,32,5,synthetic_fixture
2026-04-20,008,32,4,synthetic_fixture
2026-04-21,008,32,4,synthetic_fixture
2026-04-22,008,32,3,synthetic_fixture
2026-04-23,008,32,4,synthetic_fixture
2026-04-24,008,32,5,synthetic_fixture
2026-04-25,008,32,3,synthetic_fixture
2026-04-26,008,32,3,synthetic_fixture
2026-04-27,008,32,4,synthetic_fixture
2026-04-28,008,32,3,synthetic_fixture
2026-04-29,008,32,3,synthetic_fixture
2026-04-30,008,32,3,synthetic_fixture
2026-05-01,008,32,4,synthetic_fixture
2026-05-02,008,32,4,synthetic_fixture
2026-05-03,008,32,3,synthetic_fixture
2026-05-04,008,32,4,synthetic_fixture
2026-05-05,008,32,4,synthetic_fixture
2026-05-06,008,32,3,synthetic_fixture
2026-05-07,008,32,5,synthetic_fixture
2026-05-08,008,32,5,synthetic_fixture
2026-05-09,008,32,4,synthetic_fixture
2026-05-10,008,32,5,synthetic_fixture
2026-05-11,008,32,3,synthetic_fixture
2026-05-12,008,32,3,synthetic_fixture
2026-05-13,008,32,5,synthetic_fixture
2026-05-14,008,32,3,synthetic_fixture
2026-04-17,008,33,4,synthetic_fixture
2026-04-18,008,33,4,synthetic_fixture
2026-04-19,008,33,2,synthetic_fixture
2026-04-20,008,33,3,synthetic_fixture
2026-04-21,008,33,4,synthetic_fixture
2026-04-22,008,33,3,synthetic_fixture
2026-04-23,008,33,3,synthetic_fixture
2026-04-24,008,33,4,synthetic_fixture
2026-04-25,008,33,3,synthetic_fixture
2026-04-26,008,33,4,synthetic_fixture
2026-04-27,008,33,3,synthetic_fixture
2026-04-28,008,33,4,synthetic_fixture
2026-04-29,008,33,4,synthetic_fixture
2026-04-30,008,33,4,synthetic_fixture
2026-05-01,008,33,3,synthetic_fixture
2026-05-02,008,33,4,synthetic_fixture
2026-05-03,008,33,4,synthetic_fixture
2026-05-04,008,33,4,synthetic_fixture
2026-05-05,008,33,3,synthetic_fixture
2026-05-06,008,33,2,synthetic_fixture
2026-05-07,008,33,3,synthetic_fixture
2026-05-08,008,33,2,synthetic_fixture
2026-05-09,008,33,4,synthetic_fixture
2026-05-10,008,33,3,synthetic_fixture
2026-05-11,008,33,3,synthetic_fixture
2026-05-12,008,33,3,synthetic_fixture
2026-05-13,008,33,3,synthetic_fixture
2026-05-14,008,33,3,synthetic_fixture
2026-04-17,008,34,4,synthetic_fixture
2026-04-18,008,34,3,synthetic_fixture
2026-04-19,008,34,3,synthetic_fixture
2026-04-20,008,34,3,synthetic_fixture
2026-04-21,008,34,2,synthetic_fixture
2026-04-22,008,34,4,synthetic_fixture
2026-04-23,008,34,4,synthetic_fixture
2026-04-24,008,34,2,synthetic_fixture
2026-04-25,008,34,3,synthetic_fixture
2026-04-26,008,34,3,synthetic_fixture
2026-04-27,008,34,2,synthetic_fixture
2026-04-28,008,34,2,synthetic_fixture
2026-04-29,008,34,4,synthetic_fixture
2026-04-30,008,34,2,synthetic_fixture
2026-05-01,008,34,3,synthetic_fixture
2026-05-02,008,34,4,synthetic_fixture
2026-05-03,008,34,4,synthetic_fixture
2026-05-04,008,34,4,synthetic_fixture
2026-05-05,008,34,2,synthetic_fixture
2026-05-06,008,34,3,synthetic_fixture
2026-05-07,008,34,2,synthetic_fixture
2026-05-08,008,34,4,synthetic_fixture
2026-05-09,008,34,3,synthetic_fixture
2026-05-10,008,34,3,synthetic_fixture
2026-05-11,008,34,2,synthetic_fixture
2026-05-12,008,34,3,synthetic_fixture
2026-05-13,008,34,4,synthetic_fixture
2026-05-14,008,34,3,synthetic_fixture
2026-04-17,008,35,2,synthetic_fixture
2026-04-18,008,35,2,synthetic_fixture
2026-04-19,008,35,2,synthetic_fixture
2026-04-20,008,35,1,synthetic_fixture
2026-04-21,008,35,2,synthetic_fixture
2026-04-22,008,35,3,synthetic_fixture
2026-04-23,008,35,2,synthetic_fixture
2026-04-24,008,35,2,synthetic_fixture
2026-04-25,008,35,2,synthetic_fixture
2026-04-26,008,35,3,synthetic_fixture
2026-04-27,008,35,3,synthetic_fixture
2026-04-28,008,35,3,synthetic_fixture
2026-04-29,008,35,3,synthetic_fixture
2026-04-30,008,35,2,synthetic_fixture
2026-05-01,008,35,1,synthetic_fixture
2026-05-02,008,35,2,synthetic_fixture
2026-05-03,008,35,2,synthetic_fixture
2026-05-04,008,35,2,synthetic_fixture
2026-05-05,008,35,3,synthetic_fixture
2026-05-06,008,35,2,synthetic_fixture
2026-05-07,008,35,3,synthetic_fixture
2026-05-08,008,35,2,synthetic_fixture
2026-05-09,008,35,2,synthetic_fixture
2026-05-10,008,35,2,synthetic_fixture
2026-05-11,008,35,3,synthetic_fixture
2026-05-12,008,35,3,synthetic_fixture
2026-05-13,008,35,2,synthetic_fixture
2026-05-14,008,35,2,synthetic_fixture
2026-04-17,008,36,4,synthetic_fixture
2026-04-18,008,36,3,synthetic_fixture
2026-04-19,008,36,4,synthetic_fixture
2026-04-20,008,36,4,synthetic_fixture
2026-04-21,008,36,5,synthetic_fixture
2026-04-22,008,36,5,synthetic_fixture
2026-04-23,008,36,5,synthetic_fixture
2026-04-24,008,36,6,synthetic_fixture
2026-04-25,008,36,5,synthetic_fixture
2026-04-26,008,36,5,synthetic_fixture
2026-04-27,008,36,4,synthetic_fixture
2026-04-28,008,36,4,synthetic_fixture
2026-04-29,008,36,4,synthetic_fixture
2026-04-30,008,36,5,synthetic_fixture
2026-05-01,008,36,3,synthetic_fixture
2026-05-02,008,36,4,synthetic_fixture
2026-05-03,008,36,4,synthetic_fixture
2026-05-04,008,36,4,synthetic_fixture
2026-05-05,008,36,7,synthetic_fixture
2026-05-06,008,36,5,synthetic_fixture
2026-05-07,008,36,4,synthetic_fixture
2026-05-08,008,36,4,synthetic_fixture
2026-05-09,008,36,5,synthetic_fixture
2026-05-10,008,36,5,synthetic_fixture
2026-05-11,008,36,4,synthetic_fixture
2026-05-12,008,36,5,synthetic_fixture
2026-05-13,008,36,6,synthetic_fixture
2026-05-14,008,36,4,synthetic_fixture
